year_month,avg_salary,count_in_day,quarter,month,year,split,из_нежилых_Промышленные_здания_quarter,Полный_плановый_объем_потребления_электроэнергии_month,Предложения_новостроек_month,Всего_введено_зданий_quarter,Средства_на_счетах_эскроу_в_рублях_накопительный_итог_month,Ипотека_по_ДДУ_в_количестве_выданных_кредитов_month,Ипотека_всего_в_количестве_выданных_кредитов_month,Коммунальное_хозяйство_-_всего_накопительный_итог_на_начало_месяца_-_собирается_month,"из_них_Закупка_товаров,_работ_и_услуг_для_обеспечения_государственных_муниципальных_нужд_month",из_них_Капитальные_вложения_в_объекты_государственной_муниципальной_собственности_month,из_них_Иные_бюджетные_ассигнования_собирается_month,Оценка_объема_потребеления_безина_quarter,Оценка_объема_потребеления_ДТ_quarter,Цена_на_95_бензин_розничные_цены_month,Цена_на_92_бензин_розничные_цены_month,Цена_на_ДТ_розничные_цены_month,Розничная_продажа_бензинов_автомобильных_в_деньгах;_накопительный_итог_quarter,Розничная_продажа_Дизельное_топливо_в_деньгах;_накопительный_итог_quarter,автоуслуги_по_тратам_потребителей_-_Тинькофф_индекс_month,топливо_потратам_потребителей-Тинькофф_индекс_month,Аренда_складской_недвижимости_month,Аренда_торговой_недвижимости_month,Аренда_офисной_недвижимости_month,Продажа_складской_недвижимости_month,Продажа_торговой_недвижимости_month,Продажа_офисной_недвижимости_month,из_коммерческих_торговые_площади_quarter,Индекс_потребительской_активности_-_Сбериндекс_month,дом_и_ремонт_по_тратам_потребителей_-_Тинькофф_индекс_month,медуслуги_по_тратам_потребителей-Тинькофф_индекс_month,рестораны_по_тратам_потребителей-Тинькофф_индекс_month,Доля_онлайн_платежей_в_безналичных_тратах_населения_month,Кол-во_выпущенных_специалистов_сварочного_производства_и_сварщиков_year,Краснодарский край_Индекс потребительских цен на товары и услуги,Краснодарский край_Индекс промышленного производства (по месяцам),Краснодарский край_Коэффициент ликвидации организаций (по месяцам),Краснодарский край_Коэффициент рождаемости организаций на  организаций по субъектам Российской Федерации,Краснодарский край_Оборот розничной торговли (в % к пред месяцу),Краснодарский край_Объем платных услуг населению,Краснодарский край_Численность зарегистрированных безработных (по месяцам),Краснодарский край_Cреднедушевые денежные доходы,Краснодарский край_Индекс производства продукции сельского хозяйства (поквартально),Краснодарский край_Количество организаций,Краснодарский край_Уровень безработицы (по методологии МОТ),Краснодарский край_Численность безработных (МОТ),Краснодарский край_Численность занятых (по обследованиям),Краснодарский край_Численность принятых работников (по кварталам),Краснодарский край_Численность рабочей силы,Краснодарский край_Численность требуемых работников на вакантные рабочие места,Краснодарский край__ВРП на душу населения,Краснодарский край__Численность населения на  январ,Краснодарский край_Динамика инвестиций в ОК (%),Краснодарский край_Доля инвестиций в ОК к ВРП,Краснодарский край_Индекс физического объема ВРП,Краснодарский край_Количество активных предприятий,Краснодарский край_Количество умерших предприятий,Краснодарский край_Коэффициент миграционного прироста,Краснодарский край_Коэффициент напряженности на рынке труда,Краснодарский край_Наличие основных фондов,Краснодарский край_Показатели предпринимательской активности _акти,Краснодарский край_Показатели предпринимательской активности _рос,Краснодарский край_Показатели предпринимательской активности _уга,Краснодарский край_Потребительские расходы в среднем на душу населения,Краснодарский край_Потребность в работниках,Краснодарский край_Степень износа ОФ,"Краснодарский край_Численность обучающихся (квалиф рабочие, служащие)"
2018-01,49380.0,28.4,1.0,1.0,2018.0,16.5,53.0,2267575.7054920928,23150.166908563137,1266.9,35150.528380634394,763.0,2089.0,40659207.76,14186119.640000002,23377795.5,2685525.49,534.0950031894535,139.19693470413142,42.85,39.55,39.53,21978677.0,5494683.0,150.2002732044287,108.44420301415613,301.67265843621396,2186.279226337449,1504.6311440329218,36971.79239506172,94335.0100329218,94237.3004032922,33.3,71.21905018158236,129.18984342990038,149.38127777625837,101.18777506567541,16.757099280816025,509.0,100.5,97.4,6.2,4.7,70.1,110.1,15457.0,29728.0,101.7,140075.0,156.9,156.9,2645.0,74.0,2801.9,31.4,444364.1,5603.4,97.9,20.6,101.0,107085.0,16878.0,84.56,2.6,6260527.0,107085.0,25271.000000000004,7098.0,31248.0,48599.0,37.3,23072.0
2018-02,48571.428571428565,31.785714285714285,1.0,2.0,2018.0,14.5,53.0,2267575.7054920928,23150.166908563137,1266.9,35150.528380634394,1150.0,2980.0,56089509.86000001,33562979.38,13706394.869999995,8470135.61,534.0950031894535,139.19693470413142,42.7975,39.4925,39.4825,21978677.0,5494683.0,150.2002732044287,108.44420301415613,301.67265843621396,2186.279226337449,1504.6311440329214,36971.79239506172,94335.0100329218,94237.3004032922,33.3,71.21905018158236,129.18984342990038,149.38127777625837,101.18777506567541,16.757099280816025,509.0,99.99,98.3,9.3,6.2,95.6,108.7,16104.0,29728.0,101.7,140075.0,156.9,156.9,2645.0,74.0,2801.9,31.4,444364.1,5603.4,97.9,20.6,101.0,107085.0,16878.0,84.56000000000002,2.6,6260527.0,107085.0,25271.000000000004,7098.0,31248.0,48599.0,37.3,23072.0
2018-03,44419.354838709674,31.161290322580644,1.0,3.0,2018.0,16.0,53.0,2267575.7054920928,23150.166908563137,1266.9,35150.528380634394,1256.0,3658.0,94919784.32,28852803.669999994,29730771.71,35951312.99,534.0950031894535,139.19693470413142,42.7525,39.465,39.41,21978677.0,5494683.0,150.2002732044287,108.44420301415613,301.67265843621396,2186.279226337449,1504.6311440329218,36971.79239506172,94335.01003292178,94237.3004032922,33.3,71.21905018158238,129.18984342990038,149.38127777625837,101.18777506567541,16.757099280816025,509.0,100.05,101.5,10.9,6.6,104.9,109.9,15516.0,29728.0,101.7,140075.0,156.9,156.9,2645.0,74.0,2801.9,31.4,444364.1,5603.4,97.9,20.6,101.0,107085.0,16878.0,84.56,2.6,6260527.0,107085.0,25271.000000000004,7098.0,31248.0,48599.0,37.3,23072.0
2018-04,52650.0,32.666666666666664,2.0,4.0,2018.0,15.5,35.7,2267575.7054920928,23150.166908563137,1041.6999999999996,35150.528380634394,1216.0,3496.0,150425886.33999997,46010859.5,90156968.03000002,11230359.549999997,575.8480790082932,265.2602518566354,42.765,39.49750000000001,39.5725,24562080.0,10953480.0,150.2002732044287,108.44420301415613,301.67265843621396,2186.279226337449,1504.6311440329218,36971.79239506172,94335.0100329218,94237.3004032922,31.60000000000001,71.21905018158236,129.18984342990038,149.38127777625837,101.18777506567541,16.757099280816025,509.0,100.41,108.3,7.8,6.1,95.4,107.8,14856.0,31997.0,102.8,137959.0,145.9,145.9,2629.7,96.1,2775.6,35.5,444364.1,5603.4,97.9,20.6,101.0,107085.0,16878.0,84.56,2.6,6260527.0,107085.0,25271.000000000004,7098.0,31248.0,48599.0,37.3,23072.0
2018-05,44112.90322580645,29.032258064516128,2.0,5.0,2018.0,16.0,35.7,2267575.7054920928,23150.166908563137,1041.6999999999996,35150.528380634394,1177.0,3445.0,248812797.5600001,30661772.879999995,49003052.56999999,168255239.51999995,575.8480790082932,265.2602518566354,44.35249999999999,40.685,41.205,24562080.0,10953480.0,150.2002732044287,108.44420301415613,301.67265843621396,2186.279226337449,1504.6311440329218,36971.79239506172,94335.01003292178,94237.3004032922,31.60000000000001,71.21905018158238,129.18984342990038,149.38127777625837,101.18777506567541,16.757099280816025,509.0,100.42,105.1,6.1,5.2,100.6,111.9,13433.0,31997.0,102.8,137959.0,145.9,145.9,2629.7,96.1,2775.6,35.5,444364.1,5603.4,97.9,20.6,101.0,107085.0,16878.0,84.56,2.6,6260527.0,107085.0,25271.000000000004,7098.0,31248.0,48599.0,37.3,23072.0
2018-06,45937.5,33.2,2.0,6.0,2018.0,15.5,35.7,2267575.7054920928,23150.166908563137,1041.6999999999996,35150.528380634394,1223.0,3566.0,198077560.7,42908993.68999999,53322445.70999997,101105899.65,575.8480790082932,265.2602518566354,46.0375,42.585,43.102500000000006,24562080.0,10953480.0,150.2002732044287,108.44420301415613,301.67265843621396,2186.279226337449,1504.6311440329218,36971.79239506172,94335.0100329218,94237.3004032922,31.60000000000001,71.21905018158236,129.18984342990038,149.38127777625837,101.18777506567541,16.757099280816025,509.0,100.43,95.5,18.6,6.1,108.7,112.2,12636.0,31997.0,102.8,137959.0,145.9,145.9,2629.7,96.1,2775.6,35.5,444364.1,5603.4,97.9,20.6,101.0,107085.0,16878.0,84.56,2.6,6260527.0,107085.0,25271.000000000004,7098.0,31248.0,48599.0,37.3,23072.0
2018-07,56214.1129032258,38.967741935483865,3.0,7.0,2018.0,16.0,17.599999999999994,2267575.7054920928,23150.166908563137,1787.0,35150.528380634394,1342.0,3584.0,135633540.82000005,58973916.44,64418313.25999999,10805344.029999973,895.2707122127154,277.6216396971211,46.23,42.8125,43.34,39716820.0,12038137.0,150.2002732044287,108.44420301415613,301.67265843621396,2186.279226337449,1504.6311440329218,36971.79239506172,94335.01003292178,94237.3004032922,31.099999999999994,71.21905018158238,129.18984342990038,149.38127777625837,101.18777506567541,16.757099280816025,509.0,100.13,100.5,8.9,5.8,114.6,114.7,12328.0,38201.0,95.2,136164.0,137.5,137.5,2694.0,89.03802816901405,2831.6,34.9,444364.1,5603.4,97.9,20.6,101.0,107085.0,16878.0,84.56,2.6,6260527.0,107085.0,25271.000000000004,7098.0,31248.0,48599.0,37.3,23072.0
2018-08,47295.161290322576,34.645161290322584,3.0,8.0,2018.0,16.0,17.599999999999994,2267575.7054920928,23150.166908563137,1787.0,35150.528380634394,1439.0,3899.0,234006716.34000003,75736547.19,126234363.3,31720142.97000003,895.2707122127154,277.6216396971211,46.19500000000001,42.6275,43.605,39716820.0,12038137.0,150.2002732044287,108.44420301415613,301.67265843621396,2186.279226337449,1504.6311440329218,36971.79239506172,94335.01003292178,94237.3004032922,31.099999999999994,71.21905018158238,129.18984342990038,149.38127777625837,101.18777506567541,16.757099280816025,509.0,100.32,95.9,12.9,6.0,112.0,110.3,12409.0,38201.0,95.2,136164.0,137.5,137.5,2694.0,89.03802816901405,2831.6,34.9,444364.1,5603.4,97.9,20.6,101.0,107085.0,16878.0,84.56,2.6,6260527.0,107085.0,25271.000000000004,7098.0,31248.0,48599.0,37.3,23072.0
2018-09,46640.83333333334,33.03333333333333,3.0,9.0,2018.0,15.5,17.599999999999987,2267575.7054920928,23150.166908563137,1787.0,35150.528380634394,1449.0,3884.0,446930571.8999999,82317403.36,139486255.24000007,221981954.1,895.2707122127154,277.6216396971211,45.8675,42.445,43.14,39716820.0,12038137.0,150.2002732044287,108.44420301415613,301.67265843621396,2186.279226337449,1504.6311440329218,36971.79239506172,94335.0100329218,94237.3004032922,31.09999999999999,71.21905018158236,129.18984342990038,149.38127777625837,101.18777506567541,16.757099280816025,509.0,100.29,98.0,8.6,5.7,96.9,110.6,12258.0,38201.0,95.2,136164.0,137.5,137.5,2694.0,89.03802816901405,2831.6,34.9,444364.1,5603.4,97.9,20.6,101.0,107085.0,16878.0,84.56,2.6,6260527.0,107085.0,25271.000000000004,7098.0,31248.0,48599.0,37.3,23072.0
2018-10,48580.64516129033,36.774193548387096,4.0,10.0,2018.0,16.0,32.89999999999999,2267575.7054920928,23150.166908563137,2693.9,35150.528380634394,1539.0,4218.0,536540523.1100001,83179801.19999999,384166859.52,68737380.38999999,942.4571331713656,280.1140347159343,45.96,42.5025,43.06999999999999,41701372.0,12116566.0,150.2002732044287,108.44420301415613,248.0,1033.3,591.6,28802.5,81061.1,63437.1,56.30000000000001,71.21905018158238,129.18984342990038,149.38127777625837,101.18777506567541,16.757099280816025,509.0,100.16,95.5,6.5,6.8,90.8,110.0,11877.0,40077.0,88.6,135825.0,141.2,141.2,2739.0,85.5,2880.2,30.9,444364.1,5603.4,97.9,20.6,101.0,107085.0,16878.0,84.56,2.6,6260527.0,107085.0,25271.000000000004,7098.0,31248.0,48599.0,37.3,23072.0
2018-11,50013.33333333334,40.5,4.0,11.0,2018.0,15.5,32.89999999999999,2267575.7054920928,23150.166908563137,2693.9,35150.528380634394,1561.0,4223.0,385973112.5,125188715.52000004,219430045.48,39612249.390000105,942.4571331713656,280.1140347159343,45.965,42.5,43.1775,41701372.0,12116566.0,150.2002732044287,108.44420301415613,248.5,1045.2,631.8,27869.4,81904.8,65482.2,56.30000000000002,71.21905018158236,129.18984342990038,149.38127777625837,101.18777506567541,16.757099280816025,509.0,100.59,99.4,6.0,5.8,92.4,111.1,12983.0,40077.0,88.6,135825.0,141.2,141.2,2739.0,85.5,2880.2,30.9,444364.1,5603.4,97.9,20.6,101.0,107085.0,16878.0,84.56,2.6,6260527.0,107085.0,25271.000000000004,7098.0,31248.0,48599.0,37.3,23072.0
2018-12,45350.0,24.66666666666667,4.0,12.0,2018.0,15.5,32.89999999999999,2267575.7054920928,23150.166908563137,2693.9,35150.528380634394,1581.0,4627.0,3823160229.52,266944252.19,614239352.5699999,2939889635.75,942.4571331713656,280.1140347159343,46.025,42.5325,43.52,41701372.0,12116566.0,150.2002732044287,108.44420301415613,248.0,9032.7,701.9,26749.6,85598.6,68967.4,56.30000000000002,71.21905018158236,129.18984342990038,149.38127777625837,101.18777506567541,16.757099280816025,509.0,100.9,108.0,8.0,5.7,128.1,112.8,14258.0,40077.0,88.6,135825.0,141.2,141.2,2739.0,85.5,2880.2,30.9,444364.1,5603.4,97.9,20.6,101.0,107085.0,16878.0,84.56,2.6,6260527.0,107085.0,25271.000000000004,7098.0,31248.0,48599.0,37.3,23072.0
2019-01,72282.5,36.96666666666667,1.0,1.0,2019.0,16.466666666666665,24.5,2267575.7054920928,9661.0,1310.0,35150.528380634394,861.0,2452.0,59216943.31000001,23278739.280000005,26367985.4,9220218.63,553.1156874756364,144.20539482352942,46.5575,43.085,44.4125,24830746.0,6384093.0,150.2002732044287,108.44420301415613,247.1,21118.4,4866.6,27288.3,82901.4,72177.4,14.6,71.21905018158236,129.18984342990038,149.38127777625837,101.18777506567541,16.757099280816025,463.0,101.01,99.7,9.7,3.3,72.4,100.5,15708.0,29962.0,102.9,130018.0,135.9,135.9,2606.3,69.6,2742.3,33.5,453882.0,5648.2,85.9,18.5,100.3,95533.0,24098.0,63.5,2.5,13982416.0,95533.00000000001,33713.0,1481.0,32957.0,42541.0,26.5,22651.0
2019-02,52053.571428571435,41.17857142857143,1.0,2.0,2019.0,14.5,24.5,2267575.7054920928,13671.0,1310.0,35150.528380634394,1138.0,3113.0,109089474.12,24369169.03,49891539.46,34478765.629999995,553.1156874756364,144.20539482352942,46.7425,43.14,44.27,24830746.0,6384093.0,87.2142857142857,91.88888888888887,287.7,12760.7,11563.3,29342.0,94488.6,82413.1,14.6,71.21905018158236,83.07407407407406,92.66666666666669,86.77777777777777,16.71821429,463.0,100.4,95.6,38.3,7.1,96.1,101.4,17817.0,29962.0,102.9,130018.0,135.9,135.9,2606.3,69.6,2742.3,33.5,453882.0,5648.2,85.9,18.5,100.3,95533.0,24098.0,63.5,2.5,13982416.0,95533.00000000001,33713.0,1481.0,32957.0,42541.0,26.5,22651.0
2019-03,48588.709677419356,35.03225806451613,1.0,3.0,2019.0,16.0,24.5,2267575.7054920928,15469.0,1310.0,35150.528380634394,1133.0,3077.0,366210929.01,33925861.70999999,98315034.56,233432631.79,553.1156874756364,144.20539482352942,46.72,43.11,44.13,24830746.0,6384093.0,98.16129032258064,98.29032258064517,285.4,12594.6,9351.1,28738.1,92922.8,79593.0,14.6,71.21905018158238,88.80645161290323,100.45161290322581,90.45161290322581,15.86677419,463.0,100.3,94.2,13.6,6.9,104.6,107.3,18415.0,29962.0,102.9,130018.0,135.9,135.9,2606.3,69.6,2742.3,33.5,453882.0,5648.2,85.9,18.5,100.3,95533.0,24098.0,63.5,2.5,13982416.0,95533.00000000001,33713.0,1481.0,32957.0,42541.0,26.5,22651.0
2019-04,48553.33333333334,45.33333333333334,2.0,4.0,2019.0,15.5,58.7,2267575.7054920928,15593.0,1556.4,35150.528380634394,1130.0,3245.0,150261949.85999995,63089831.56000002,58568576.09,27824134.76999998,580.1155596635548,270.20415463859183,46.74,43.1125,43.9925,26151126.0,11934242.0,107.2,100.2,263.6,1116.6,8890.0,26876.0,98511.1,82970.4,57.7,71.21905018158236,98.33333333333331,100.43333333333334,90.5,15.89733333,463.0,100.4,99.4,28.9,6.6,97.8,102.5,18909.0,33669.0,102.2,122926.0,134.9,134.9,2676.7,98.2,2811.5,37.8,453882.0,5648.2,85.9,18.5,100.3,95533.0,24098.0,63.5,2.5,13982416.0,95533.00000000001,33713.0,1481.0,32957.0,42541.0,26.5,22651.0
2019-05,49009.67741935483,37.483870967741936,2.0,5.0,2019.0,16.0,58.7,2267575.7054920928,29950.0,1556.4,35150.528380634394,1036.0,2681.0,395255171.56,41357346.64999997,115799589.92000002,237617364.53000003,580.1155596635548,270.20415463859183,46.8925,43.16,44.102500000000006,26151126.0,11934242.0,100.16129032258064,100.29032258064517,259.9,1072.2,750.2,28995.9,96259.4,72358.5,57.7,71.21905018158238,96.96774193548387,88.22580645161291,100.45161290322581,14.79,463.0,100.36,99.6,25.3,5.6,100.8,106.9,17227.0,33669.0,102.2,122926.0,134.9,134.9,2676.7,98.2,2811.5,37.8,453882.0,5648.2,85.9,18.5,100.3,95533.0,24098.0,63.5,2.5,13982416.0,95533.00000000001,33713.0,1481.0,32957.0,42541.0,26.5,22651.0
2019-06,49100.0,37.6,2.0,6.0,2019.0,15.5,58.7,2267575.7054920928,11515.0,1556.4,35150.528380634394,1200.0,3069.0,253203873.4400001,74902953.32000002,129520980.29000002,47216911.37000001,580.1155596635548,270.20415463859183,47.1925,43.37749999999999,44.4075,26151126.0,11934242.0,100.23333333333332,106.83333333333331,239.9,1119.5,732.2,29947.6,94133.4,76158.5,57.7,71.21905018158236,107.56666666666666,91.13333333333334,107.16666666666669,14.41233333,463.0,99.98,100.8,20.9,5.5,107.7,116.8,16157.0,33669.0,102.2,122926.0,134.9,134.9,2676.7,98.2,2811.5,37.8,453882.0,5648.2,85.9,18.5,100.3,95533.0,24098.0,63.5,2.5,13982416.0,95533.00000000001,33713.0,1481.0,32957.0,42541.0,26.5,22651.0
2019-07,48664.516129032265,44.774193548387096,3.0,7.0,2019.0,16.0,10.5,2267575.7054920928,11926.0,1747.4,58.0,1112.0,3119.0,361336702.34000015,71286948.5,224061492.53,58986397.78999996,861.0611935238546,280.6221914527356,47.39,43.53,44.4725,39156399.0,12497977.0,99.53333333333332,99.16666666666669,326.2,1003.5,699.3,31120.6,91436.2,73178.7,40.8,71.21905018158238,104.23333333333332,119.26666666666668,104.16666666666669,16.12566667,463.0,100.19,99.6,8.9,7.0,112.2,106.3,15569.0,41704.0,106.9,120921.0,135.0,135.0,2717.0,89.03802816901405,2852.1,37.6,453882.0,5648.2,85.9,18.5,100.3,95533.0,24098.0,63.5,2.5,13982416.0,95533.00000000001,33713.0,1481.0,32957.0,42541.0,26.5,22651.0
2019-08,49756.048387096766,37.451612903225815,3.0,8.0,2019.0,16.0,10.5,2267575.7054920928,10863.0,1747.4,110.0,1217.0,3437.0,414897462.54,78915191.31,187609599.65,144002609.58000004,861.0611935238546,280.6221914527356,47.4125,43.555,44.575,39156399.0,12497977.0,101.19354838709677,107.19354838709677,259.6,1002.6,692.3,32388.8,91013.7,73212.9,40.8,71.21905018158238,99.90322580645164,98.32258064516131,113.12903225806451,15.34290323,463.0,99.9,111.7,12.7,6.3,113.2,101.9,15122.0,41704.0,106.9,120921.0,135.0,135.0,2717.0,89.03802816901405,2852.1,37.6,453882.0,5648.2,85.9,18.5,100.3,95533.0,24098.0,63.5,2.5,13982416.0,95533.00000000001,33713.0,1481.0,32957.0,42541.0,26.5,22651.0
2019-09,49288.33333333334,38.86666666666667,3.0,9.0,2019.0,15.5,10.5,2267575.7054920928,13480.0,1747.4,216.0,1226.0,3450.0,445673110.3,64689774.84999997,271026268.0100001,105633452.12999998,861.0611935238546,280.6221914527356,47.4025,43.55750000000001,44.5625,39156399.0,12497977.0,106.86666666666666,99.9,256.0,989.5,680.2,32586.3,87955.9,72081.4,40.8,71.21905018158236,105.3,98.8,109.13333333333334,15.669,463.0,99.61,108.7,13.6,5.6,95.9,100.6,14527.0,41704.0,106.9,120921.0,135.0,135.0,2717.0,89.03802816901405,2852.1,37.6,453882.0,5648.2,85.9,18.5,100.3,95533.0,24098.0,63.5,2.5,13982416.0,95533.00000000001,33713.0,1481.0,32957.0,42541.0,26.5,22651.0
2019-10,50169.354838709674,39.29032258064515,4.0,10.0,2019.0,16.0,9.299999999999997,2267575.7054920928,14038.0,2493.1,427.0,1285.0,3679.0,525011614.9299998,139244057.34999996,319700517.41999984,51689942.99000001,793.1390568718207,231.51153945190362,47.4975,43.68249999999999,44.9675,36056432.0,10489402.0,99.90322580645164,99.19354838709677,238.9,979.1,656.1,46749.4,94882.2,78098.9,42.700000000000024,71.21905018158238,104.16129032258064,119.29032258064517,103.74193548387095,16.11935484,463.0,99.88,114.5,8.6,5.7,92.9,105.2,14032.0,41435.0,119.4,118146.0,136.8,136.8,2683.7,85.8,2820.5,35.1,453882.0,5648.2,85.9,18.5,100.3,95533.0,24098.0,63.5,2.5,13982416.0,95533.00000000001,33713.0,1481.0,32957.0,42541.0,26.5,22651.0
2019-11,47201.66666666666,36.53333333333333,4.0,11.0,2019.0,15.5,9.299999999999997,1260747.8900000006,13445.0,2493.1,735.0,1437.0,3892.0,705917662.06,157622354.19000006,377613865.25,147298486.22,793.1390568718207,231.51153945190362,47.4275,43.58000000000001,45.2675,36056432.0,10489402.0,109.4,101.0,236.3,976.8,706.4,47675.5,92998.5,84162.2,42.700000000000024,71.21905018158236,109.46666666666668,111.46666666666668,102.13333333333334,16.509,463.0,100.25,107.5,18.3,6.2,93.2,98.1,14437.0,41435.0,119.4,118146.0,136.8,136.8,2683.7,85.8,2820.5,35.1,453882.0,5648.2,85.9,18.5,100.3,95533.0,24098.0,63.5,2.5,13982416.0,95533.00000000001,33713.0,1481.0,32957.0,42541.0,26.5,22651.0
2019-12,50669.354838709674,31.193548387096772,4.0,12.0,2019.0,16.0,9.299999999999997,2429059.9869999983,15455.0,2493.1,1092.0,1563.0,4858.0,1585534325.5099998,389662037.18000007,950259834.87,229684870.73,793.1390568718207,231.51153945190362,47.38500000000001,43.19000000000001,45.69,36056432.0,10489402.0,105.16129032258064,99.38709677419355,233.2,989.2,749.6,42045.6,88589.1,55350.9,42.700000000000024,80.35484,119.61290322580645,114.45161290322581,96.80645161290323,14.43387097,463.0,100.25,107.3,13.4,5.8,122.0,95.1,15448.0,41435.0,119.4,118146.0,136.8,136.8,2683.7,85.8,2820.5,35.1,453882.0,5648.2,85.9,18.5,100.3,95533.0,24098.0,63.5,2.5,13982416.0,95533.00000000001,33713.0,1481.0,32957.0,42541.0,26.5,22651.0
2020-01,50488.5,55.23333333333333,1.0,1.0,2020.0,16.5,13.9,2443179.842999999,15930.0,1497.6,1578.0,931.0,2468.0,141951391.2,11747744.04,117280489.33,12759487.13,600.6722204869086,184.49118030412743,47.425,43.265,45.8675,27242988.0,8492744.0,94.58064516129032,90.54838709677419,229.4,987.7,740.7,49266.6,94394.0,51593.8,36.1,66.54839,88.09677419354837,111.93548387096772,97.38709677419355,15.70903226,443.0,100.37000000000002,96.7,11.2,4.6,76.0,106.9,6345.0,32751.0,103.0,116613.0,136.6,136.6,2698.8,68.5,2835.4,36.0,460720.2,5675.5,100.1,19.2,98.2,88200.0,12383.0,55.1,3.6,13020366.0,88200.0,14643.000000000002,2381.0,32528.0,43866.0,28.6,23628.0
2020-02,50017.241379310355,58.89655172413793,1.0,2.0,2020.0,15.0,13.9,2273166.750000004,15755.0,1497.6,1978.0,1256.0,3437.0,196612919.49,38624809.59,106749620.04,50751030.34,600.6722204869086,184.49118030412743,47.44750000000001,43.2825,46.07250000000001,27242988.0,8492744.0,105.25,95.5,237.2,814.8,764.8,31303.5,91903.0,65527.7,36.1,78.41379,97.57142857142857,134.17857142857142,99.0,16.14535714,443.0,100.33,107.1,9.9,5.1,97.0,106.3,17528.0,32751.0,103.0,116613.0,136.6,136.6,2698.8,68.5,2835.4,36.0,460720.2,5675.5,100.1,19.2,98.2,88200.0,12383.0,55.1,3.6,13020366.0,88200.0,14643.000000000002,2381.0,32528.0,43866.0,28.6,23628.0
2020-03,46908.3064516129,39.516129032258064,1.0,3.0,2020.0,16.0,13.9,2163144.843999998,17442.0,1497.6,2810.0,1389.0,3931.0,282354397.28000003,55345611.48,53959876.21999997,172798642.32,600.6722204869086,184.49118030412743,47.435,43.27,46.16,27242988.0,8492744.0,134.29032258064515,95.61290322580645,214.8,824.4,750.2,37015.2,89199.7,105857.8,36.1,75.74194,118.90322580645164,123.38709677419355,77.16129032258064,14.36774194,443.0,100.65,118.7,7.1,5.6,119.8,98.8,17289.0,32751.0,103.0,116613.0,136.6,136.6,2698.8,68.5,2835.4,36.0,460720.2,5675.5,100.1,19.2,98.2,88200.0,12383.0,55.1,3.6,13020366.0,88200.0,14643.000000000002,2381.0,32528.0,43866.0,28.6,23628.0
2020-04,47148.33333333334,16.666666666666668,2.0,4.0,2020.0,15.5,50.2,1892046.9719999991,14250.0,1637.4,4076.0,770.0,2530.0,285943870.15,49045766.39999999,230481782.72,5992543.680000007,303.1751973441535,127.49127332005074,47.290000000000006,43.16,46.1375,13698466.0,5865661.0,49.23333333333333,48.4,208.2,824.3,723.1,44933.6,90125.9,110431.3,35.6,47.26667,58.06666666666667,47.16666666666666,17.266666666666666,22.72433333,443.0,101.1,109.6,5.3,4.0,54.0,53.9,44480.0,30044.0,102.7,114876.0,180.7,180.7,2671.8,60.8,2852.5,42.8,460720.2,5675.5,100.1,19.2,98.2,88200.0,12383.0,55.1,3.6,13020366.0,88200.0,14643.000000000002,2381.0,32528.0,43866.0,28.6,23628.0
2020-05,59463.709677419356,32.74193548387097,2.0,5.0,2020.0,16.0,50.2,1723480.5779999981,16416.0,1637.4,5510.0,1436.0,3117.0,144633685.70000005,50898783.88,82806355.81,10820330.629999997,303.1751973441535,127.49127332005074,47.1375,43.0125,45.995,13698466.0,5865661.0,83.2258064516129,70.16129032258064,197.8,839.4,687.3,45230.5,92271.2,115807.5,35.6,60.54839000000001,89.51612903225808,75.16129032258064,23.64516129032258,20.98064516,443.0,100.11,94.9,12.0,2.8,111.6,50.7,81546.0,30044.0,102.7,114876.0,180.7,180.7,2671.8,60.8,2852.5,42.8,460720.2,5675.5,100.1,19.2,98.2,88200.0,12383.0,55.1,3.6,13020366.0,88200.0,14643.000000000002,2381.0,32528.0,43866.0,28.6,23628.0
2020-06,45958.33333333334,40.833333333333336,2.0,6.0,2020.0,15.5,50.2,1860701.441999999,18136.0,1637.4,5989.0,1964.0,4251.0,178120855.9699999,64946053.97000003,92238276.01999998,16431472.409999995,303.1751973441535,127.49127332005074,47.4375,43.0625,45.8925,13698466.0,5865661.0,115.2,99.63333333333334,206.4,839.4,693.3,42624.3,92000.8,109340.2,35.6,75.9,118.16666666666669,119.3,61.93333333333333,18.27233333,443.0,100.08,90.5,10.9,5.0,126.9,59.6,114181.0,30044.0,102.7,114876.0,180.7,180.7,2671.8,60.8,2852.5,42.8,460720.2,5675.5,100.1,19.2,98.2,88200.0,12383.0,55.1,3.6,13020366.0,88200.0,14643.000000000002,2381.0,32528.0,43866.0,28.6,23628.0
2020-07,47001.6129032258,44.903225806451616,3.0,7.0,2020.0,16.0,3.4000000000000044,2374725.3019999983,18944.0,1310.1000000000004,7524.0,2197.0,4819.0,303369126.69000006,85289474.87,186760343.76,20338568.139999986,764.810260136608,353.00881710728135,47.685,43.475,46.0675,35084396.0,16301653.0,149.46666666666667,103.5,210.9,816.5,696.4,42631.5,89026.6,100868.9,37.39999999999999,82.80645,128.73333333333332,159.56666666666666,101.83333333333331,18.739,443.0,100.44,93.5,10.8,6.3,124.6,97.8,131579.0,42884.0,87.4,113313.0,162.5,162.5,2607.2,89.03802816901405,2769.8,44.4,460720.2,5675.5,100.1,19.2,98.2,88200.0,12383.0,55.1,3.6,13020366.0,88200.0,14643.000000000002,2381.0,32528.0,43866.0,28.6,23628.0
2020-08,48395.161290322576,43.70967741935484,3.0,8.0,2020.0,16.0,3.4000000000000044,2286165.0409999997,17480.0,1310.1000000000004,9691.0,2265.0,4976.0,394354881.8799999,70185557.15999997,289419237.7400001,17683534.73000002,764.810260136608,353.00881710728135,48.1475,43.725,46.15750000000001,35084396.0,16301653.0,113.25806451612905,115.35483870967742,220.2,821.3,764.2,37597.9,90151.3,137299.6,37.39999999999999,83.83870999999998,124.77419354838707,142.29032258064515,112.41935483870968,17.53741935,443.0,100.42,86.3,12.0,6.1,114.6,107.3,136446.0,42884.0,87.4,113313.0,162.5,162.5,2607.2,89.03802816901405,2769.8,44.4,460720.2,5675.5,100.1,19.2,98.2,88200.0,12383.0,55.1,3.6,13020366.0,88200.0,14643.000000000002,2381.0,32528.0,43866.0,28.6,23628.0
2020-09,55200.0,50.0,3.0,9.0,2020.0,15.5,3.4000000000000044,2072411.3680000016,16846.0,1310.1000000000004,11439.0,2587.0,6229.0,725351078.6400001,87973042.28000003,363990488.24,265684591.21000004,764.810260136608,353.00881710728135,48.355,43.8525,46.3125,35084396.0,16301653.0,128.7,108.2,221.0,807.2,774.3,30894.2,89863.5,82806.6,37.39999999999999,88.06667,123.86666666666666,145.7,112.8,18.793,443.0,99.8,91.4,9.5,5.4,96.9,111.5,128561.0,42884.0,87.4,113313.0,162.5,162.5,2607.2,89.03802816901405,2769.8,44.4,460720.2,5675.5,100.1,19.2,98.2,88200.0,12383.0,55.1,3.6,13020366.0,88200.0,14643.000000000002,2381.0,32528.0,43866.0,28.6,23628.0
2020-10,51370.967741935485,42.774193548387096,4.0,10.0,2020.0,16.0,6.799999999999995,1957629.6700000009,17327.0,2156.8,15354.0,2710.0,6813.0,580734758.6799997,76792886.78000003,431661975.56,64533735.57999992,844.0361864896072,375.0764811490126,48.33,43.89,46.2775,38983218.0,17409800.0,149.80645161290326,103.64516129032258,219.9,807.4,773.0,40356.3,90893.0,80415.9,15.700000000000005,88.74194,129.80645161290323,159.61290322580646,103.12903225806451,18.69096774,443.0,100.35,87.5,13.7,5.6,97.2,103.6,119447.0,43842.0,85.5,111280.0,160.2,160.2,2666.2,87.9,2826.4,45.9,460720.2,5675.5,100.1,19.2,98.2,88200.0,12383.0,55.1,3.6,13020366.0,88200.0,14643.000000000002,2381.0,32528.0,43866.0,28.6,23628.0
2020-11,47516.66666666666,43.73333333333333,4.0,11.0,2020.0,15.5,6.799999999999995,2216037.3690000004,17865.0,2156.8,18272.0,2424.0,6166.0,614829345.4500003,76611927.06999993,227696846.5900001,307757524.98000014,844.0361864896072,375.0764811490126,48.41,43.9075,46.405,38983218.0,17409800.0,141.76666666666668,105.73333333333332,215.6,805.75,748.7,41552.1,90232.6,98017.4,15.700000000000005,77.5,144.96666666666667,158.93333333333334,87.1,20.28866667,443.0,100.76,87.3,15.6,5.6,87.3,98.0,108754.0,43842.0,85.5,111280.0,160.2,160.2,2666.2,87.9,2826.4,45.9,460720.2,5675.5,100.1,19.2,98.2,88200.0,12383.0,55.1,3.6,13020366.0,88200.0,14643.000000000002,2381.0,32528.0,43866.0,28.6,23628.0
2020-12,51556.451612903234,29.903225806451612,4.0,12.0,2020.0,16.0,6.799999999999995,2534348.5909999986,19906.0,2156.8,23863.0,2357.0,6825.0,1434839110.4899998,206896781.23,752930835.9699997,472227523.5500001,844.0361864896072,375.0764811490126,48.485,44.0975,46.5675,38983218.0,17409800.0,176.38709677419354,107.32258064516131,217.5,794.0,732.1,40100.05,90233.0,96767.2,15.700000000000005,71.21905018158238,168.29032258064515,153.61290322580646,84.96774193548387,17.91548387,443.0,100.57,90.7,5.8,4.9,123.7,101.2,102732.0,43842.0,85.5,111280.0,160.2,160.2,2666.2,87.9,2826.4,45.9,460720.2,5675.5,100.1,19.2,98.2,88200.0,12383.0,55.1,3.6,13020366.0,88200.0,14643.000000000002,2381.0,32528.0,43866.0,28.6,23628.0
2021-01,53066.6935483871,43.451612903225815,1.0,1.0,2021.0,16.0,9.1,2466067.387999998,18833.0,1710.7951465201465,28949.0,1226.0,3304.0,370696496.4,12662933.15,355311257.46,2704067.3,511.40866119243117,167.12667837938562,48.5225,44.3025,46.7225,23874261.0,7847851.0,149.1290322580645,96.67741935483869,213.8,819.7,712.9,32906.5,98433.5,108762.55,23.1,71.21905018158238,125.32258064516131,145.06451612903226,93.70967741935483,18.49387097,594.0,100.8,102.1,9.0,4.1,87.8,100.0,93282.0,33664.0,98.5,110107.0,156.9,156.9,2664.5,75.6,2821.4,49.5,453000.7491575093,5683.9,103.4,19.43230769230769,99.83128205128206,84684.0,9854.0,71.5,2.2,13932527.0,84684.0,12781.000000000002,2547.0,32245.271062271066,44998.5326007326,32.2,23615.0
2021-02,57812.5,50.60714285714285,1.0,2.0,2021.0,14.5,9.1,2336800.4129999983,18053.0,1710.7951465201465,31514.0,1747.0,4889.0,213898469.73,25655339.090000004,176694978.10999998,11406574.38,511.40866119243117,167.12667837938562,48.715,44.5525,46.9325,23874261.0,7847851.0,171.39285714285714,102.92857142857143,234.1,918.1,720.9,37125.7,95635.5,84402.7,23.1,71.21905018158236,145.53571428571428,169.10714285714286,102.10714285714286,20.31464286,594.0,100.93999999999998,100.4,8.8,5.2,96.8,102.3,76606.0,33664.0,98.5,110107.0,156.9,156.9,2664.5,75.6,2821.4,49.5,453000.7491575093,5683.9,103.4,19.432307692307692,99.83128205128206,84684.0,9854.0,71.5,2.2,13932527.0,84684.0,12781.000000000002,2547.0,32245.271062271066,44998.5326007326,32.2,23615.0
2021-03,58732.25806451612,64.45161290322581,1.0,3.0,2021.0,16.0,9.1,2475314.146999998,15576.0,1710.7951465201465,36132.0,1897.0,5841.0,619031634.61,61421934.65,428561737.04,128346943.63,511.40866119243117,167.12667837938562,49.0775,44.92999999999999,47.2175,23874261.0,7847851.0,193.2258064516129,113.12903225806451,302.45,969.44,731.9,32702.43,98710.57,79066.13,23.1,71.21905018158238,143.48387096774192,187.54838709677415,109.41935483870968,18.09967742,594.0,100.85,102.9,8.9,7.3,103.9,109.8,61693.0,33664.0,98.5,110107.0,156.9,156.9,2664.5,75.6,2821.4,49.5,453000.7491575093,5683.9,103.4,19.43230769230769,99.83128205128206,84684.0,9854.0,71.5,2.2,13932527.0,84684.0,12781.000000000002,2547.0,32245.271062271066,44998.5326007326,32.2,23615.0
2021-04,56955.0,64.23333333333333,2.0,4.0,2021.0,15.5,14.8,2109001.2269999986,13645.0,1710.7951465201465,41879.0,2229.0,6627.0,531777982.15000015,128415905.89,382440725.89,20427030.969999995,474.8648155562906,135.43921602817838,49.5775,45.605,47.69250000000001,22731383.0,6472753.0,199.4333333333333,117.9,493.22,963.7,764.72,53716.3,101119.07,88383.34,37.2,71.21905018158236,164.43333333333334,195.3,113.46666666666668,18.395,594.0,100.83,113.3,10.8,7.6,104.1,213.1,50669.0,37726.0,102.8,109900.0,145.2,145.2,2638.8,103.0,2784.0,60.2,453000.7491575093,5683.9,103.4,19.432307692307692,99.83128205128206,84684.0,9854.0,71.5,2.2,13932527.0,84684.0,12781.000000000002,2547.0,32245.271062271066,44998.5326007326,32.2,23615.0
2021-05,73552.69354838709,42.903225806451616,2.0,5.0,2021.0,16.0,14.8,1897877.2750000013,13631.0,1710.7951465201465,47605.0,1778.0,5275.0,330141567.99,130640159.57000002,176244146.51999995,23180994.72,474.8648155562906,135.43921602817838,49.755,45.8475,47.71250000000001,22731383.0,6472753.0,203.45161290322585,121.77419354838707,564.15,938.9,789.07,54633.77,95361.4,90631.9,37.2,71.21905018158238,167.80645161290326,181.67741935483872,127.09677419354836,16.8516129,594.0,100.69,114.7,4.5,5.8,102.7,215.1,39859.0,37726.0,102.8,109900.0,145.2,145.2,2638.8,103.0,2784.0,60.2,453000.7491575093,5683.9,103.4,19.43230769230769,99.83128205128206,84684.0,9854.0,71.5,2.2,13932527.0,84684.0,12781.000000000002,2547.0,32245.271062271066,44998.5326007326,32.2,23615.0
2021-06,58700.0,48.6,2.0,6.0,2021.0,15.5,14.8,2082455.872000001,11398.0,1710.7951465201465,52140.0,2073.0,6238.0,767430970.6700001,154704540.47999996,550647646.8800001,61566035.11000002,474.8648155562906,135.43921602817838,50.2125,46.2175,47.9675,22731383.0,6472753.0,201.4,127.96666666666668,690.0,914.53,788.6,30210.2,92062.92,107093.5,37.2,71.21905018158236,175.8,187.66666666666663,131.36666666666667,17.02433333,594.0,101.11,115.5,5.5,5.8,104.6,173.0,30867.0,37726.0,102.8,109900.0,145.2,145.2,2638.8,103.0,2784.0,60.2,453000.7491575093,5683.9,103.4,19.432307692307692,99.83128205128206,84684.0,9854.0,71.5,2.2,13932527.0,84684.0,12781.000000000002,2547.0,32245.271062271066,44998.5326007326,32.2,23615.0
2021-07,60481.45161290322,58.806451612903224,3.0,7.0,2021.0,16.0,88.2,2690039.319000004,19673.0,1710.7951465201465,56132.0,1070.0,5079.0,564774035.7799997,156966883.28000003,292353508.3199997,114806075.08999996,805.3411517250223,412.8347787153435,50.3925,46.3325,48.13,39245281.0,19977763.0,245.56666666666663,127.73333333333332,725.64,939.32,774.81,32712.8,98253.44,98253.27,33.5,71.21905018158238,173.03333333333333,204.6,129.56666666666666,17.262000000000004,594.0,100.22,116.5,16.6,6.0,110.5,109.1,26881.0,48934.0,116.8,108137.0,134.6,134.6,2679.4,89.03802816901405,2814.0,65.6,453000.7491575093,5683.9,103.4,19.43230769230769,99.83128205128206,84684.0,9854.0,71.5,2.2,13932527.0,84684.0,12781.000000000002,2547.0,32245.271062271066,44998.5326007326,32.2,23615.0
2021-08,57629.03225806452,50.87096774193547,3.0,8.0,2021.0,16.0,88.2,2645563.252,25535.0,1710.7951465201465,55324.0,1066.0,4781.0,471202672.84000015,126868356.90999997,275810900.79000044,68370419.57,805.3411517250223,412.8347787153435,50.9825,46.77,48.5325,39245281.0,19977763.0,212.38709677419362,136.29032258064515,456.03,914.21,752.51,48490.7,104729.16,87996.21,33.5,71.21905018158238,172.03225806451616,179.19354838709674,132.8709677419355,18.01,594.0,100.59,118.1,7.5,6.7,104.6,102.6,23539.0,48934.0,116.8,108137.0,134.6,134.6,2679.4,89.03802816901405,2814.0,65.6,453000.7491575093,5683.9,103.4,19.43230769230769,99.83128205128206,84684.0,9854.0,71.5,2.2,13932527.0,84684.0,12781.000000000002,2547.0,32245.271062271066,44998.5326007326,32.2,23615.0
2021-09,64563.71666666668,57.06666666666667,3.0,9.0,2021.0,15.5,88.2,2057354.7669999981,28165.0,1710.7951465201465,59551.0,1067.0,4587.0,321842363.84999985,86562184.25,184911165.17999983,49216695.45000005,805.3411517250223,412.8347787153435,51.1475,46.7625,48.5125,39245281.0,19977763.0,217.36666666666667,129.9,453.82,848.74,737.27,49169.08,99976.44,87935.11999999997,33.5,87.06667,167.9,193.7,132.7,18.19866667,594.0,100.06,116.2,10.8,5.8,93.9,102.5,20677.0,48934.0,116.8,108137.0,134.6,134.6,2679.4,89.03802816901405,2814.0,65.6,453000.7491575093,5683.9,103.4,19.432307692307692,99.83128205128206,84684.0,9854.0,71.5,2.2,13932527.0,84684.0,12781.000000000002,2547.0,32245.271062271066,44998.5326007326,32.2,23615.0
2021-10,63991.93548387098,35.74193548387097,4.0,10.0,2021.0,16.0,7.100000000000002,2306131.688999997,31715.0,1710.7951465201465,59831.0,1088.0,4652.0,841775332.4699997,152473132.92000008,585271101.9200003,103629055.76999998,735.7638812746994,332.56993265481793,51.095,46.825,48.5625,36460166.0,16419809.0,248.06451612903226,127.90322580645164,262.7,867.4,816.13,31678.84,104016.7,156523.36,94.3,81.51613,172.35483870967738,201.32258064516128,129.51612903225808,17.30870968,594.0,101.32,117.8,8.7,6.0,96.1,108.3,20289.0,47501.0,118.0,107721.0,132.2,132.2,2727.4,94.6,2859.6,60.9,453000.7491575093,5683.9,103.4,19.43230769230769,99.83128205128206,84684.0,9854.0,71.5,2.2,13932527.0,84684.0,12781.000000000002,2547.0,32245.271062271066,44998.5326007326,32.2,23615.0
2021-11,64585.0,46.66666666666666,4.0,11.0,2021.0,15.5,7.100000000000002,2386051.433,31656.0,1710.7951465201465,60487.0,1139.0,4322.0,615550306.1800003,137160292.06999993,418111960.3499999,59112812.37000001,735.7638812746994,332.56993265481793,51.68500000000001,47.39000000000001,49.28250000000001,36460166.0,16419809.0,245.23333333333332,126.03333333333332,262.3,894.63,731.73,30582.1,117609.7,162983.6,94.3,75.26666999999998,179.76666666666668,208.96666666666667,97.2,18.07433333,594.0,100.66,117.2,5.8,5.8,93.6,116.5,18017.0,47501.0,118.0,107721.0,132.2,132.2,2727.4,94.6,2859.6,60.9,453000.7491575093,5683.9,103.4,19.432307692307692,99.83128205128206,84684.0,9854.0,71.5,2.2,13932527.0,84684.0,12781.000000000002,2547.0,32245.271062271066,44998.5326007326,32.2,23615.0
2021-12,62959.67741935483,42.903225806451616,4.0,12.0,2021.0,16.0,7.100000000000002,2579566.8209999977,37821.0,1710.7951465201465,63231.0,1743.0,5637.0,1396043960.87,356798690.09999985,734986221.4200003,303897181.87,735.7638812746994,332.56993265481793,52.30499999999999,48.025,50.2725,36460166.0,16419809.0,248.67741935483872,129.09677419354838,273.21,859.49,732.52,31613.67,118047.72,160869.37,94.3,78.62069,195.7741935483871,196.25806451612902,109.54838709677419,16.90903226,594.0,100.83,109.1,6.6,5.6,117.2,110.9,16921.0,47501.0,118.0,107721.0,132.2,132.2,2727.4,94.6,2859.6,60.9,453000.7491575093,5683.9,103.4,19.43230769230769,99.83128205128206,84684.0,9854.0,71.5,2.2,13932527.0,84684.0,12781.000000000002,2547.0,32245.271062271066,44998.5326007326,32.2,23615.0
2022-01,64620.0,55.16666666666666,1.0,1.0,2022.0,16.5,24.6,2701392.028000002,38378.0,1710.7951465201465,63314.0,1112.0,2941.0,363953140.84,10980077.55,348544164.64,4393928.7,559.8164990998248,206.25693860386883,52.9675,48.355,51.02,28374066.0,10627045.0,181.54838709677415,113.96774193548387,654.14,822.98,844.8,41725.08,104215.7,198826.77,32.7,61.3,133.51612903225808,173.67741935483872,115.19354838709677,17.04967742,502.2676733013041,101.02,112.0,6.5,4.1,79.6,110.5,15094.0,37233.0,103.2,107132.0,102.4,102.4,2668.257276221856,78.1,2798.5,64.7,453000.7491575093,5652.806699615596,96.82981878088958,19.432307692307692,99.83128205128206,93860.08182317409,15797.514552443708,68.65037891268534,2.7252608456891823,11803842.80395387,93860.0818231741,21591.31960461285,3373.704008786381,32245.271062271066,44998.5326007326,31.14579901153213,23242.010433827567
2022-02,65803.57142857142,72.42857142857143,1.0,2.0,2022.0,14.5,24.6,2402885.580000001,38200.0,1710.7951465201465,66892.0,1494.0,3982.0,151292768.96000004,40136226.62000001,81016928.55000003,29726090.59,559.8164990998248,206.25693860386883,53.065,48.34499999999999,51.61,28374066.0,10627045.0,226.14285714285717,126.60714285714286,301.67265843621396,2186.279226337449,1504.6311440329214,36971.79239506172,94335.0100329218,94237.3004032922,32.7,71.14286,178.35714285714286,221.32142857142856,121.07142857142857,17.34464286,502.2676733013041,100.98,113.6,6.2,5.6,96.6,106.4,15200.0,37233.0,103.2,107132.0,102.4,102.4,2668.257276221856,78.1,2798.5,64.7,453000.7491575093,5652.806699615596,96.82981878088958,19.432307692307692,99.83128205128206,93860.08182317409,15797.514552443708,68.65037891268534,2.7252608456891823,11803842.803953873,93860.0818231741,21591.31960461285,3373.704008786381,32245.271062271066,44998.5326007326,31.14579901153213,23242.010433827567
2022-03,65735.48387096773,47.935483870967744,1.0,3.0,2022.0,16.0,24.6,2655610.7179999985,38885.0,1710.7951465201465,70201.0,2410.0,5268.0,493950581.7854719,90751928.03850166,252628859.27011225,147549915.39409235,559.8164990998247,206.25693860386883,53.06,48.31500000000001,51.94000000000001,28374066.0,10627045.0,204.03225806451616,115.61290322580645,301.67265843621396,2186.279226337449,1504.6311440329218,36971.79239506172,94335.01003292178,94237.3004032922,32.7,58.483869999999996,182.06451612903226,199.83870967741936,94.19354838709677,14.04822581,502.2676733013041,106.98,99.0,8.8,6.7,103.9,102.8,15440.0,37233.0,103.2,107132.0,102.4,102.4,2668.257276221856,78.1,2798.5,64.7,453000.7491575093,5652.806699615596,96.82981878088958,19.43230769230769,99.83128205128206,93860.08182317409,15797.514552443708,68.65037891268534,2.7252608456891823,11803842.803953873,93860.0818231741,21591.31960461285,3373.704008786381,32245.271062271066,44998.5326007326,31.14579901153213,23242.010433827567
2022-04,67118.75,40.73333333333333,2.0,4.0,2022.0,15.5,110.70000000000002,2142731.4570000004,41158.0,1710.7951465201465,74668.0,1026.0,1868.0,493950581.78547186,90751928.03850166,252628859.27011225,147549915.39409235,579.3569149637443,160.213109985135,53.05499999999999,48.19500000000001,51.87749999999999,29296148.0,8352844.0,154.3,119.26666666666668,301.67265843621396,2186.279226337449,1504.6311440329218,36971.79239506172,94335.0100329218,94237.3004032922,45.2,61.4,126.9,187.33333333333331,103.83333333333331,13.54166667,502.2676733013041,101.95,92.9,8.4,6.9,92.7,100.1,17515.0,44301.0,102.4,106374.0,108.4,108.4,2668.257276221856,94.9,2809.6,68.4,453000.7491575093,5652.806699615596,96.82981878088958,19.432307692307692,99.83128205128206,93860.08182317409,15797.514552443708,68.65037891268534,2.7252608456891823,11803842.80395387,93860.0818231741,21591.31960461285,3373.704008786381,32245.271062271066,44998.5326007326,31.14579901153213,23242.010433827567
2022-05,71758.06451612903,52.935483870967744,2.0,5.0,2022.0,16.0,110.70000000000002,2084531.1500000008,43117.0,1710.7951465201465,75052.0,731.0,1416.0,493950581.7854719,90751928.03850166,252628859.27011225,147549915.39409235,579.3569149637443,160.213109985135,52.95,48.1225,52.17,29296148.0,8352844.0,148.70967741935485,117.90322580645164,301.67265843621396,2186.279226337449,1504.6311440329218,36971.79239506172,94335.01003292178,94237.3004032922,45.2,59.58065,123.25806451612905,170.25806451612902,106.87096774193549,12.5583871,502.2676733013041,100.09,92.9,8.0,5.247707126136843,102.1,102.3,16858.0,44301.0,102.4,106374.0,108.4,108.4,2668.257276221856,94.9,2809.6,68.4,453000.7491575093,5652.806699615596,96.82981878088958,19.43230769230769,99.83128205128206,93860.08182317409,15797.514552443708,68.65037891268534,2.7252608456891823,11803842.803953873,93860.0818231741,21591.31960461285,3373.704008786381,32245.271062271066,44998.5326007326,31.14579901153213,23242.010433827567
2022-06,68262.91666666669,53.93333333333333,2.0,6.0,2022.0,15.5,110.70000000000002,2237012.9000000013,44253.0,1710.7951465201465,74641.0,1157.0,2450.0,493950581.78547186,90751928.03850166,252628859.27011225,147549915.39409235,579.3569149637443,160.213109985135,52.9675,48.10999999999999,52.36,29296148.0,8352844.0,155.36666666666667,123.33333333333331,301.67265843621396,2186.279226337449,1504.6311440329218,36971.79239506172,94335.0100329218,94237.3004032922,45.2,62.96666999999999,120.53333333333332,169.9,113.9,13.80133333,502.2676733013041,99.67,104.6,8.5,5.8,106.4,103.7,16749.0,44301.0,102.4,106374.0,108.4,108.4,2668.257276221856,94.9,2809.6,68.4,453000.7491575093,5652.806699615596,96.82981878088958,19.432307692307692,99.83128205128206,93860.08182317409,15797.514552443708,68.65037891268534,2.7252608456891823,11803842.80395387,93860.0818231741,21591.31960461285,3373.704008786381,32245.271062271066,44998.5326007326,31.14579901153213,23242.010433827567
2022-07,67554.83870967742,53.387096774193544,3.0,7.0,2022.0,16.0,73.5,2500865.009,43776.0,1710.7951465201465,74897.0,1503.0,3366.0,493950581.7854719,90751928.03850166,252628859.27011225,147549915.39409235,663.1026112395538,242.0082851654062,52.925,48.05750000000001,51.82749999999999,30565256.420281,11126661.012217473,144.7,105.9,301.67265843621396,2186.279226337449,1504.6311440329218,36971.79239506172,94335.01003292178,94237.3004032922,54.5,61.64516,108.16666666666669,176.2,92.06666666666666,15.927,502.2676733013041,99.63,102.1,7.270272876289654,5.737151672934142,113.6,102.0,36416.126936531735,37272.03348325837,102.30264867566216,119665.65717141428,143.2335832083958,143.2335832083958,2668.257276221856,89.03802816901405,2814.236531734133,45.07601199400301,453000.7491575093,5652.806699615596,96.82981878088958,19.43230769230769,99.83128205128206,93860.08182317409,15797.514552443708,68.65037891268534,2.7252608456891823,11803842.803953873,93860.0818231741,21591.31960461285,3373.704008786381,32245.271062271066,44998.5326007326,31.14579901153213,23242.010433827567
2022-08,67790.32258064518,54.32258064516129,3.0,8.0,2022.0,16.0,73.5,2879781.3710000026,44455.0,1710.7951465201465,76694.0,1719.0,4375.0,493950581.7854719,90751928.03850166,252628859.27011225,147549915.39409235,663.1026112395538,242.0082851654062,52.955,48.135,52.245,30565256.420281,11126661.012217473,156.96774193548387,128.61290322580643,301.67265843621396,2186.279226337449,1504.6311440329218,36971.79239506172,94335.01003292178,94237.3004032922,54.5,60.87096999999999,115.0,173.29032258064515,112.41935483870968,12.64096774,502.2676733013041,99.37,104.8,11.220684751959991,6.75175685936903,109.2,103.4,36416.126936531735,37272.03348325837,102.30264867566216,119665.65717141428,143.2335832083958,143.2335832083958,2668.257276221856,89.03802816901405,2814.236531734133,45.07601199400301,453000.7491575093,5652.806699615596,96.82981878088958,19.43230769230769,99.83128205128206,93860.08182317409,15797.514552443708,68.65037891268534,2.7252608456891823,11803842.803953873,93860.0818231741,21591.31960461285,3373.704008786381,32245.271062271066,44998.5326007326,31.14579901153213,23242.010433827567
2022-09,71791.66666666669,56.73333333333333,3.0,9.0,2022.0,15.5,73.5,2202197.536999998,48502.0,1710.7951465201465,75552.0,2001.0,4875.0,493950581.78547186,90751928.03850166,252628859.27011225,147549915.39409235,663.1026112395539,242.0082851654062,53.03,48.12250000000001,52.83749999999999,30565256.420281,11126661.012217473,144.46666666666667,115.5,301.67265843621396,2186.279226337449,1504.6311440329218,36971.79239506172,94335.0100329218,94237.3004032922,54.5,60.8,111.06666666666666,175.16666666666663,104.43333333333334,14.140000000000002,502.2676733013041,100.07,105.1,6.953165532857827,6.613750200012608,92.4,101.2,36416.126936531735,37272.03348325837,102.30264867566216,119665.65717141428,143.2335832083958,143.2335832083958,2668.257276221856,89.03802816901405,2814.236531734133,45.07601199400301,453000.7491575093,5652.806699615596,96.82981878088958,19.432307692307692,99.83128205128206,93860.08182317409,15797.514552443708,68.65037891268534,2.7252608456891823,11803842.80395387,93860.0818231741,21591.31960461285,3373.704008786381,32245.271062271066,44998.5326007326,31.14579901153213,23242.010433827567
2022-10,63750.0,33.166666666666664,4.0,10.0,2022.0,16.0,11.657941571466413,2364510.13714295,29720.887469941426,2435.7142179940884,47262.04240788981,1768.5273253155838,5205.2450394210855,721932353.2993094,155930647.5628228,645650161.1711413,37727995.70491118,768.418693049476,324.00103988724663,53.276945046454756,48.607438674365355,51.56606944956501,38172864.09957058,16434137.034128308,203.2954959758129,119.82986773212113,289.9785583272565,241.93829547865292,310.77561011446954,37773.2250426188,97673.2219374802,95121.05487479657,64.89510137427257,74.52544533756452,156.79376830697674,204.99651381646802,114.71246329898202,16.740608028523333,532.3203251024247,100.74101990917076,110.6848994199341,6.765339679656362,5.905821677723969,95.71292689636265,109.65805595142658,23121.98818656668,49324.42877658965,106.53892243688894,109420.75465950568,127.46442662789518,127.46442662789518,2708.343481125539,91.123146731861,2844.3786728333253,59.851986624849566,457119.0377718777,5696.205702077671,104.34415377758802,19.080944044260995,99.59361544048451,81883.18006007692,9803.378079499373,68.65037891268534,2.53179407301217,15418517.461081492,84278.56041269636,13779.76293346825,2449.935674894643,32602.641609621634,43641.89500239631,29.31806952657217,23709.8687118216
2022-11,,,4.0,11.0,2022.0,15.5,11.606116529365973,2358258.5496568056,29978.055812757564,2435.5410837928343,49643.97517838301,1872.0731551632398,5085.4693111529905,692663482.5547366,182487899.1568077,499751452.7607223,63811104.04667445,768.3153335027878,323.9653120788998,53.53032903155367,48.83233436113285,52.06555814660553,38172482.46414476,16422079.986065404,197.94266620418102,120.90910636887877,287.8815948566676,225.17619677962918,306.40426395674064,37871.04082675999,96321.30007863702,108935.04882900015,64.78391761951964,71.43855393680802,165.18012262174278,205.4122533891753,106.31693372248888,17.120551415106444,532.2161343894335,100.95354144344849,109.27791404797121,8.521377184659501,5.870364613131273,94.50708035709593,109.73974925337414,23834.440212035228,49289.204274123615,106.53522436122351,109386.35652853739,127.44396352169292,127.44396352169292,2708.343360465563,91.11685685136364,2844.378635619232,59.490734257865725,457117.7959503309,5696.199005734066,104.33612032918684,19.080784496762366,99.59351622196799,81852.65046263402,9760.476456434972,68.65037891268534,2.5317909863053925,15402887.162027325,84254.13673474203,13716.714025252237,2439.5065055823993,32602.56171759948,43641.10979315899,29.315882538273385,23709.675787562213
2022-12,,,4.0,12.0,2022.0,15.754098360655734,11.555766801294649,2586900.870630348,34781.889464617205,2435.3684900380968,55212.751752213466,1958.5141501382057,5983.006832948834,1855829916.0727875,423446518.0100983,1229696015.000808,270618691.8876398,768.2115471235893,323.9297286667493,53.67310819174703,48.71245246350242,52.80838812998658,38172101.27451848,16410157.153638847,218.1904174799104,121.7185561066281,291.5347098686433,293.07373424016504,301.9174833676106,37586.51393643631,93972.45595843188,102459.97085950583,64.67433080591138,73.39418602671473,178.15721908491452,198.28610257836468,109.73597261074524,16.541841260485757,532.1124114280892,100.94333919631408,111.62530207469877,5.352742182535813,5.718883736623832,124.83430619539313,108.16973834202969,25662.834402757646,49253.16931403793,106.53153472306649,109357.4134661638,127.42340943144495,127.42340943144495,2708.343239816009,91.11058483885056,2844.3785984071474,59.141760313628474,457116.55496715294,5696.192312363788,104.3281110033958,19.08062473266508,99.59341695138987,81821.89302229472,9716.79655243593,68.65037891268534,2.531787898551769,15387506.91834175,84229.5307824706,13652.216977657026,2428.5937712216028,32602.48188465348,43640.323022157965,29.313686689385328,23709.48306638935
2023-01,,,1.0,1.0,2023.0,16.0,27.790900856103875,2549093.2861725925,25133.641235992367,1582.1738464765854,75211.45511499932,1118.1846436028986,3117.4198523314585,181529547.69938317,16837214.064875614,201667127.565836,3420279.696302432,500.07042973879953,174.94701274010185,53.336218211292255,48.205684654083605,53.11342563485545,25533430.8606094,8794960.90803665,197.86176928372345,118.36943430667999,334.7944175178902,258.07671939517087,364.616403147105,42984.538818332585,102402.76673970114,125098.26458573804,34.97375674686697,66.89903483842168,141.4341331812962,188.7849729774028,115.11927974630012,16.293691571428198,514.8805712384886,101.18261520124126,105.4491796559918,6.004266343234082,4.139490840797799,77.47817357924778,111.31534401317323,29774.709549763724,38388.48659782359,107.20701355664472,109386.29253172713,125.55181245585041,125.55181245585041,2667.2611856595445,78.11500700961764,2806.4425127327004,64.50863820728769,456661.86893939023,5708.617600164293,105.46649458912873,19.11640080126488,100.20803968309785,79482.71210979573,9160.652495240734,75.42996207576654,2.5736183974174605,16660585.581008855,85384.43823369822,16199.782724977647,2743.983528481436,32531.70770024852,43927.88972340399,30.375451323324732,23807.59247457022
2023-02,,,1.0,2.0,2023.0,14.5,27.75677834015492,2425352.733311556,26460.055763233187,1582.041383932052,79268.00406669387,1581.8594622639166,4148.2799161382145,163072794.13766807,44591812.91669685,111244951.90646148,15915630.25549027,499.9642346358122,174.9317950863026,53.34111710427766,48.20955393613093,53.31901140933934,25533016.82831191,8790222.195192335,204.95936701392654,111.17105541233532,322.68886011417214,229.31071098034698,350.03636164331147,38084.97458750166,99485.4705650345,100781.89585060676,34.960657396693456,69.42389471946821,163.78965095108248,201.07628449577942,108.8552347784237,16.255615403383132,514.8542318669066,101.04951819063612,106.41238254389214,6.708561033511508,5.626829378155421,98.60704804839605,107.82405137667809,33480.12604718879,38361.65958135011,107.20224578291841,109366.49607700434,125.52693501591372,125.52693501591372,2667.261066440537,78.1115256908801,2806.442389995365,64.32139165420148,456660.6364831975,5708.604139116506,105.4585146690551,19.116186671591365,100.20794034517368,79426.33617352112,9101.389146138818,75.43051730998559,2.5736139351951826,16638508.7153684,85334.3465154715,16128.61314378793,2730.7357201748473,32531.601721412128,43926.82726868414,30.37386025471725,23807.20180701032
2023-03,,,1.0,3.0,2023.0,16.0,27.723377894070488,2467992.704805628,29663.42326548978,1581.909335673678,82992.00736837441,1735.8375592987234,5082.773721866428,513780005.6514416,76603960.16970547,216196489.28909767,91112348.56933711,499.85761348070633,174.9166365418008,53.30680451888071,48.205101545354616,53.38869149720225,25532603.283635005,8785530.665059492,222.09545479542282,120.04957639152786,347.46540001542735,199.6734091679673,335.0785503579945,38082.18851487023,100704.54709730305,107319.50064748737,34.947708115407266,67.71342074687581,161.38689095538552,216.97352117329064,102.83393267103406,15.42748171425193,514.8280022744954,101.13749749161646,106.13230537721373,6.763639054116251,6.761125140685219,107.32731298488787,112.77562028954405,34312.67163035771,38335.08667821213,107.19748880351618,109346.47805554801,125.50194528901207,125.50194528901207,2667.260947231825,78.10805399663039,2806.4422672646624,64.13875967567878,456659.40485649783,5708.590684065627,105.45055844585615,19.115972251435927,100.20784095530965,79369.56280524869,9041.208558606142,75.43060723939561,2.573609471463156,16616786.296267735,85288.81508396755,16025.561554101558,2717.0087648443005,32531.495820969063,43925.762703211316,30.37226260015198,23806.811554191278
2023-04,,,2.0,4.0,2023.0,15.5,80.78234227114395,2179708.097900738,29632.81053726845,1729.435634073552,88069.43469963806,1448.959102592975,4177.440485702067,363858945.3689293,100643431.8557952,291982840.0003148,12500041.673766952,508.03576994727456,163.85501491041722,53.49378416045235,48.91923851522615,53.331374472275435,25435567.13207325,8821520.170505257,167.8603037105672,123.8289639508514,355.1201757437452,166.99554960463874,319.72809453038906,43263.92690810013,104403.24784107832,111665.18128717644,46.46151657216788,66.88589277429975,134.31569839556758,203.2819367476106,107.04769553474024,16.180827728514473,514.8018817763636,101.22307444341793,114.83958512604656,7.241154263028625,6.728221887785022,98.52798367209164,108.2037072580986,34944.73251796761,41765.508180344346,106.88053071022414,107148.04164571097,127.11881125842164,127.11881125842164,2669.6389209966555,104.4755865062617,2810.5097455667797,77.11759424964548,456658.1740584545,5708.577235007654,105.44262581413427,19.115757540207113,100.20774151315763,79312.38778746301,8980.089271962408,75.43055289206677,2.5736050062206135,16595409.85566644,85242.93646102649,15920.245780684152,2702.6806728121205,32531.389998832357,43924.69602068917,30.370658318651987,23806.421715452998
2023-05,,,2.0,5.0,2023.0,16.0,79.8530596623593,2118851.1381782405,48846.19174155371,1729.2921587621158,88108.49663771802,1621.002524709628,3740.242410468327,385625934.7134704,71936936.30249582,240301117.74501443,65403619.97010254,507.902414392333,163.84812908504964,54.25173826710541,49.16930312829016,53.13572773396206,25435049.71673611,8819338.92684865,161.6836725434963,122.39903602164566,349.487555922475,135.00681570155024,303.96932808475816,43246.13001766729,99181.11505585267,103912.02382944591,46.345932751514546,66.88149429937097,130.4260314810326,184.6508560041783,114.12488528802952,16.180497242366293,514.7758696933055,101.0089970084868,106.04280783961737,6.883501585543853,5.326843859657382,103.89668020316172,112.84166121677809,31582.685068731582,41747.566145075965,106.87580900250614,107111.1980683335,127.07843069576276,127.07843069576276,2669.638861380343,104.4634379287622,2810.509721019553,77.02597901444341,456656.9440882311,5708.563791938578,105.43471666911611,19.115542537311804,100.20764201867681,79254.80684276231,8918.009150775884,75.430509468526,2.5736005394667893,16574371.193138193,85196.75884811155,15812.93351230775,2687.71117940785,32531.2842549152,43923.62721479634,30.369047368899608,23806.032290136813
2023-06,,,2.0,6.0,2023.0,15.5,78.96131392253953,2273792.9047053023,27835.819125333965,1729.14913008474,86496.85816680585,1681.4727021513293,4928.407590354096,352728855.65740913,100466950.42432326,273992424.9110581,37404394.57763653,507.76853330609663,163.84126924889014,54.96738223452776,49.78704772269871,54.05763622099735,25434532.91402421,8817177.892383812,168.82360653208133,128.02130436851294,322.21190068443934,102.53439593020748,287.78574030015864,38073.91334918485,97631.83658834528,122690.48658286234,46.23213293701014,67.70260257198579,141.3684269929878,184.1620520537677,118.95897119403742,16.1801663769394,514.7499653517415,100.62645257444484,106.21122058434516,7.2997614298429525,5.827743264605175,110.50357284592016,120.09587702695049,29391.26838016284,41729.78278908274,106.8710979486372,107073.9619014872,127.0378761182135,127.0378761182135,2669.638801769175,104.45132454263052,2810.5096964736517,76.93626936483001,456655.714944993,5708.550354854406,105.4268309066477,19.11532724215529,100.20754247182566,79196.81563279175,8854.945358134502,75.43046601378593,2.573596071200916,16553662.365381915,85150.25302298053,15703.573435507638,2672.0563768366615,32531.178589130905,43922.55627918621,30.36742970923301,23805.643277585386
2023-07,,,3.0,7.0,2023.0,16.0,38.50548494642003,2495669.2482442483,28927.645014700083,1773.4354715514637,79415.3532233124,1589.274710673704,4944.620715272316,502211066.75042754,115669757.45444502,306750340.186578,25341631.11795773,764.2617113220964,312.1160257333302,54.91700991474187,49.72786542760805,54.09320580545415,39790930.93483404,16315410.81397211,196.0352883618317,116.2296874429212,437.0491018492682,71.56849659219961,271.15991810828274,38071.18230168812,99040.38573000846,112476.46415800547,46.11017545263657,67.698981660954,153.87272213974282,207.4555106355034,118.2656611096366,16.1798351315805,514.7241680836605,100.8377231451539,106.0254893184684,6.231453522206618,6.057652648024541,115.11913067229595,112.04335569612444,34597.978579584866,50192.39040723856,103.64964401772423,108771.1494682992,127.03651465659566,127.03651465659566,2682.1759071711067,93.51837103781747,2815.8227832259254,67.11217757957169,456654.4866279064,5708.536923751137,105.41896842319001,19.11511165414125,100.2074428725626,79138.40975715367,8790.874327636213,75.43040920542262,2.5735916014222253,16533275.67622245,85103.38971376556,15592.108912998448,2655.6682235649746,32531.073001392906,43921.4832074869,30.36580529764261,23805.254677142817
2023-08,,,3.0,8.0,2023.0,16.0,38.09965610911335,2466527.362545371,33072.06908425757,1773.3400521489318,77882.31813126699,1817.2037167072065,5369.293459195138,530969587.51001984,127418178.74433155,371699581.1480736,40631202.98249436,764.1742165869482,312.0447414390328,54.95743741722789,50.12822697424206,54.1746154296921,39790615.01418731,16290230.604568476,170.36988836928268,132.5695769729925,347.1969779527252,36.91848353080872,253.47171176315544,41154.63532102995,98569.65770499359,100658.21359219842,46.054189483532326,67.69535328528026,149.0089689851097,187.63626241358463,123.42781254610321,16.179503505634813,514.6984772265628,100.90605651466412,106.41016757217925,7.5765835128686705,6.422195789668144,115.66425634876636,107.54414688912658,30216.683540409223,50129.98145034746,103.64816767290701,108733.71929984016,127.01876435797527,127.01876435797527,2682.175787347515,93.5121173261975,2815.8227340306958,66.63735729754235,456653.2591361386,5708.5234986247815,105.41112911581443,19.114895772671737,100.2073432208467,79079.58475229463,8725.77173402646,75.43036575036241,2.5735871301299493,16513203.667074205,85056.21685272385,15478.473428237812,2638.4936964789654,32530.967491614752,43920.40799330104,30.364174091767392,23804.866488154614
2023-09,,,3.0,9.0,2023.0,15.5,37.70928357326803,2238256.9043143257,36377.35579470266,1773.2449230071586,83427.2277163038,1982.2003717546634,5156.188471398037,616650262.6680121,106713071.33742654,385401421.2087975,80523337.95678866,764.0863483477592,311.9737511619245,55.12238904847725,50.11017290974043,54.116557825385435,39790299.45915267,16265345.13065401,168.11618773554022,121.41743715515396,341.7792168174378,1.0804016867255464,234.44433035768472,38065.76061154068,96175.17279738713,100527.08803455805,45.99891863444146,67.69171742185783,147.7960688492139,189.5685848040856,123.81576782848559,16.179171498446028,514.6728921234022,100.28299062967295,106.71271199544701,6.273070564753104,5.838814643788606,98.3923483603727,106.1657185894978,27086.04796281021,50068.21874245762,103.64669456077765,108695.88381309909,127.00093054910715,127.00093054910715,2682.175667534267,93.50588104824163,2815.822684838121,66.17757381921487,456652.0324688579,5708.510079471346,105.40331288219835,19.114679597147177,100.20724351663624,79020.33609036828,8659.61246240591,75.4303223046154,2.5735826573233185,16493439.10784308,85008.7050660282,15362.605562452814,2620.474941517518,32530.862059710147,43919.33063020573,30.3625360488912,23804.478709967614
2023-10,,,4.0,10.0,2023.0,16.0,13.036043067713235,2403174.4957048693,33462.889321509654,2479.3081308919345,55046.10483052635,1868.607554920908,5504.0457137080775,775369919.6545851,172047951.51891178,738960327.0571094,27701545.34862563,748.1752877948093,331.2833419238462,55.26350884548567,50.28236455513272,53.93797804784524,38435947.72173583,17331088.83208093,220.4096384488044,124.32768185349987,309.28349078295975,-21.26246064894568,142.7137630664833,38888.15789281973,99575.41001582661,101434.71130772226,69.18384756388116,73.56604461786233,165.69626002712045,221.73630025385305,118.20948157547384,16.621789628076552,545.4407924235328,100.90299048002852,112.38114016867323,5.76285803219066,5.934026151079192,96.32258511084456,111.11273341302055,25936.0062820029,51768.832506623825,107.93709346819469,107660.93595539892,123.75281356566937,123.75281356566937,2709.7455198617013,92.59598409468424,2845.2995306119115,67.02315155677557,458953.26841420616,5711.287237583626,106.1214855237034,18.9236085726469,100.15900107740725,77800.94532563546,8218.380061656408,75.43026741914218,2.5266061579161763,16707233.940152645,84033.05384554097,14371.391458941838,2530.517990267581,32746.33035427992,43111.6741672888,28.579222404581472,23856.61002106417
2023-11,,,4.0,11.0,2023.0,15.5,12.964708296649006,2396768.206878839,33713.246524123046,2479.066979841184,57709.640813561346,1977.515754348809,5376.004589134721,743620242.6152295,201189130.7519575,571116672.9455713,46468836.85848577,748.0301179637846,331.2331982382907,55.52015790677128,50.510191748816716,54.45129713068146,38435412.44881829,17314315.648175035,214.49010310319943,125.43327847935223,306.9411859037213,-44.21119180780654,132.88676762509724,38986.11809164196,98194.12001596193,116125.83457899265,69.04186625107461,70.51790454350497,174.51461130978905,222.072616435483,109.54980078328178,16.998964407737734,545.3071450502623,101.11583196054342,110.9504568438888,7.242900602926066,5.898388601075633,95.10873838373048,111.19390290812149,26706.042363235083,51721.816145357676,107.93181950103964,107608.65221761141,123.7239193811013,123.7239193811013,2709.745338658636,92.58761154712113,2845.299468542729,66.54815039135053,458951.4084820111,5711.277196701304,106.11079618064659,18.92334215571896,100.15885215116391,77754.91358640119,8160.862756463575,75.43051753137844,2.526602191501726,16681392.181729348,83996.1156061891,14281.331211802386,2512.3795694435958,32746.197356694698,43110.36114339706,28.57553573561698,23856.340260106932
2023-12,,,4.0,12.0,2023.0,16.0,12.89539682096697,2629086.781668541,39071.09051427094,2478.8265811694955,64063.347698411504,2068.310104283104,6323.199243157846,1991524763.5204558,466473570.9322403,1403233246.0250494,195366983.44673312,747.8843482081475,331.1832559830347,55.66208327232064,50.381412036264784,55.21896020618537,38434877.80104243,17297726.452447854,236.3043189135713,126.25885876974121,310.73025475662047,-96.36759056592129,122.47251786817684,38690.50474286465,95796.6505025487,109186.33717920133,68.9019217931587,72.44731695327575,188.1778663542216,214.26051553850826,113.06437110468909,16.42429457995765,545.1740974218633,101.10559157642906,113.33159630266223,4.539493494938388,5.746173727663512,125.62861427141992,109.60150687128932,28723.98939068261,51674.046089414456,107.92655752124591,107561.22699622961,123.69489575804195,123.69489575804195,2709.745157471223,92.5792627509074,2845.299406476898,66.0890969826336,458949.549804641,5711.267160275384,106.10013888838431,18.923075376910084,100.15870314669178,77708.5355709013,8102.291739039211,75.48353256033442,2.526598223742039,16655961.387070945,83956.75410770648,14182.103171253766,2493.261033344774,32746.06445742561,43109.04550581816,28.57183410480365,23856.070782667714
2024-01,,,1.0,1.0,2024.0,16.0,30.981801712207734,2590606.235258889,28201.521647989823,1610.365128635447,87108.91022999863,1180.579524803865,3293.839704662919,194722266.5325109,18533704.07316748,229796006.97778136,2446630.692604864,486.8091153045903,178.85717992045986,55.306624281723,49.852579538778144,55.52873417980726,25709102.07576175,9268515.862054974,214.1751514706726,122.77112667787607,356.7180218973627,-127.56378199328465,136.61345496994156,44243.997636665175,104387.40010955164,133266.12187860702,37.24751349373393,66.03503176978954,149.35213733033433,203.8925265999668,118.6021559164563,16.177839644081246,527.4934691756731,101.34523040248254,107.05901558719015,5.080332929042607,4.159236261196699,77.97089810566371,112.78712535089764,33291.386937204654,40267.64879709812,108.6093514088596,107623.36000942314,121.86908327446724,121.86908327446724,2668.6417784893165,79.37251051442645,2807.3510152792405,72.01295731093155,458492.4288303306,5723.722000205366,107.2553261188383,18.95844735574348,100.07962304622853,75470.14013724466,7617.182994288882,82.25255010848923,2.5683420769009526,18024614.871513285,86200.61091342405,17227.623552805493,2841.8945611122604,32674.92601923725,43392.56828473969,29.605103635117345,23954.71096948427
2024-02,,,1.0,2.0,2024.0,15.0,30.91355668030982,2464796.990266422,29657.319704041485,1610.1885119094027,91644.00813338776,1669.7189245278332,4381.935899365856,174852819.31533614,49047399.21339367,126583305.01807688,11274846.41186284,486.6763714258562,178.83435343976112,55.305656139036884,49.85190524817458,55.73451521245245,25708584.53538989,9261407.792788506,221.74262194946132,115.2922974042173,343.7050617921302,-162.08299209107358,119.1174051653894,39198.15677994161,101410.45584755176,107326.49129792133,37.22131479338693,68.52631698841111,172.9166192837666,217.06085531509768,112.1403130378983,16.13996568172891,527.4407904325092,101.21189773829515,108.03485905267056,5.66284155026726,5.653658756310843,99.23381006049507,109.24810275335615,37395.907558985986,40231.87944180015,108.60299437722452,107583.76709997754,121.83591335455161,121.83591335455161,2668.641599660806,79.36728853632015,2807.350867994438,71.73208748130223,458490.5801460414,5723.705173895633,107.2446862254068,18.9581261612332,100.07947403977875,75399.67021690143,7546.066975366581,82.25311849535501,2.5683367222342195,17991499.5730526,86135.0186963069,17152.238203677152,2822.091329668378,32674.767050982657,43390.97460265991,29.601921497902364,23954.242168412384
2024-03,,,1.0,3.0,2024.0,16.0,30.846755788140978,2508076.104668335,33212.029081862216,1610.0124475649038,95783.01473674882,1831.8050711584685,5367.728466239713,550672274.8118019,84194972.92955822,245666852.97137213,63883583.98578285,486.5430949819738,178.81161562300844,55.26407269184094,49.842652318031924,55.798255329603,25708067.60454376,9254370.49758924,240.15865152632944,124.48624955724928,369.97310002314094,-197.6477542659292,101.168031623009,39192.58463467874,102649.9838716288,114251.12580935918,37.19541623081453,66.83701338819917,170.33840094920737,234.108332669162,105.9295126129862,15.317658595314915,527.3883312476867,101.29999665548858,107.74845806582056,5.6954585811743765,6.793350168822262,108.00914123110985,114.26343043431605,38287.08953794714,40196.448904282835,108.59665173802156,107543.7310570649,121.80259371868273,121.80259371868273,2668.641420847737,79.36208099494559,2807.3507207175953,71.45813951351815,458488.7327059921,5723.688355082035,107.23407792780823,18.95780453100005,100.07932495498376,75328.70350656088,7473.850270327371,82.25320847217517,2.5683313657557867,17958915.944401603,86078.03714906945,17028.68910104889,2801.50031631532,32674.608200318053,43389.37775445067,29.598726188771845,23953.773865029536
2024-04,,,2.0,4.0,2024.0,15.5,89.79881072537275,2215061.533351108,33142.76317158557,1760.1141787647366,101470.86939927614,1528.6988782412182,4410.550607127584,389830637.1085725,110534935.67308871,331336820.7305173,8669018.399708694,494.47330813507085,167.49691983569954,55.45192624067852,50.57635777283921,55.72933262970057,25610264.55848791,9290196.341010517,181.4206074211344,128.39126123503613,378.0002196796816,-231.3566755930418,82.74748462988258,44522.35381070782,106416.89540270963,118838.87660897053,49.433819886601455,66.01926129284323,141.73139679113513,219.23054016188786,110.26205773614716,16.065573418054164,527.3360902514232,101.38568933210155,116.5861135013954,6.0823085260572505,6.760277359731279,99.15358040650999,109.62963407262328,38953.665647459515,43785.26227051651,108.2740409469655,105382.88263929868,123.36257351010595,123.36257351010595,2671.020565771455,106.15070380751403,2811.4194911335608,85.83518849929095,458486.88650892704,5723.671543759567,107.22350108551241,18.957482464156822,100.07917579175714,75257.23473432875,7400.50712635489,82.25315419315302,2.5683260074647363,17926851.28349966,86020.60617762715,16902.314588256184,2780.007765157483,32674.449467112998,43387.777730667454,29.59551762577184,23953.306058543607
2024-05,,,2.0,5.0,2024.0,16.0,88.68367159483118,2153171.126356481,54575.38348310741,1759.9228783494875,101347.98870198894,1709.8030296515537,3947.9898806244373,412988562.1441644,78949653.77666111,272329603.35752165,44833296.06012306,494.31328146914086,167.48314818496436,56.231585920526506,50.830204692435245,55.515970311949424,25609643.66008333,9285833.853697302,174.65766766763775,126.89484623683971,371.8844449030937,-266.93977644767483,63.83696489512553,44500.99754218841,101090.97258377905,110552.08574416887,49.295119301817465,66.01398312292869,137.59399844593614,199.0436474922276,117.54320338423044,16.065176834676347,527.2840660853068,101.17124626060848,107.65350979952166,5.767003171087704,5.352212631588858,104.55601624379405,114.32707652097264,35171.60633591448,43758.34921761396,108.26774533667485,105327.61727323246,123.31411683491531,123.31411683491531,2671.020446538829,106.13612551451463,2811.4194420391063,85.65195802888678,458485.041553592,5723.654739923221,107.21295555882149,18.957159959813854,100.079026550037,75185.25855345289,7326.010980931062,82.25311082275584,2.5683206473601468,17895293.289707284,85962.8168318753,16773.542403877305,2757.5532161432066,32674.290851237267,43386.174521828216,29.592295726267064,23952.83874816417
2024-06,,,2.0,6.0,2024.0,15.5,87.61357670704744,2310572.9094106043,31069.092167111947,1759.7321734463205,99333.44061334868,1773.1672425815952,5200.889108424915,377610101.21176136,110181972.81014484,310110286.0663227,25323574.311454795,494.15262416565713,167.46942851264532,56.96726446905552,51.464095445397405,56.4701702762467,25609023.49682906,9281511.784767628,182.28054639749595,132.70927540369266,342.75114293266466,-303.4634061046888,44.41665955360602,39176.034303307984,99508.84878446037,130488.97987429355,49.15855952441218,66.82349066958668,149.10234710176147,198.4241041075354,122.5132104197098,16.064779796164082,527.2322574021788,100.78806571805605,107.82244116869032,6.099522859685905,5.855486529210353,111.20446605740023,121.6750524323406,32699.83547520353,43731.67418362411,108.26146393151629,105271.76302296302,123.2654513418562,123.2654513418562,2671.0203273164943,106.1215894511566,2811.419392947302,85.47253872966003,458483.1978387349,5723.637943568006,107.20244120886358,18.95683701707909,100.07887722976136,75112.7695409897,7250.334429761404,82.25306742117391,2.5683152854411,17864230.048072875,85904.6172208534,16642.312842900195,2734.0707035124046,32674.13235256083,43384.568118413015,29.58906040693389,23952.371933102466
2024-07,,,3.0,7.0,2024.0,16.0,42.68658193570404,2535983.896992332,32255.526686266774,1804.755634067122,91057.02983496859,1675.549421347408,5216.744858326779,537429657.8530344,126765459.6930563,346747005.66210395,16930439.449947167,743.7219911206334,319.01490294057203,56.909019829483746,51.39823085521609,56.498382256817685,40063755.90225106,17170865.576766532,211.55816226022012,120.4729165905616,464.76137731158514,-351.3736493568502,24.465672923354848,39170.57220831451,100941.43216251057,119588.06123700821,49.013567270182065,66.8189645307969,162.25251840854594,223.4184586251156,121.79040972037909,16.064382301733392,527.180662866017,100.99965393144235,107.6318616480855,5.192634168123582,6.086478972036812,115.84891334036995,113.51503354418669,38456.467869377295,52590.66848868626,104.99663935978636,109286.88318504998,123.2547719848935,123.2547719848935,2683.563860756661,95.01181866075196,2816.734174838888,74.4902219744646,458481.355363105,5723.621154688921,107.19195789758669,18.956513635058037,100.07872783086822,75039.7621964421,7173.449193163456,82.25301068232511,2.5683099217066703,17833650.014333673,85845.95539157325,16508.55877873452,2709.4880669862296,32673.97397095382,43382.958510864046,29.585811583753088,23951.905612571387
2024-08,,,3.0,8.0,2024.0,16.0,42.19958733093602,2506317.693956027,36840.603626386364,1804.612504963325,89161.47719690051,1915.4074334144132,5663.440188792708,567988593.2345678,139543925.60291442,419643921.32711005,26761594.688741546,743.5907490179112,318.9293617874152,56.944906125841825,51.807340461363104,56.574519287115145,40063282.021280974,17140649.32548217,183.7720348030815,137.3946517647598,369.0962224409065,-392.95366503051963,3.952567644733093,42340.21376137326,100458.64713124199,106989.2153882976,48.93891931137644,66.81442906120473,157.08722746401727,201.98220224652417,127.0972984485677,16.06398435059857,527.1292811518214,101.0680753528855,108.0203351443585,6.295729391085838,6.452744737085182,116.39710761851966,108.95518361140822,33555.52531061383,52515.77774041696,104.99368667015189,109230.73793236142,123.22814653696287,123.22814653696287,2683.563681021272,95.00348037859192,2816.734101046043,73.89669662192794,458479.5141254532,5723.604373280977,107.18150548775259,18.95618981285376,100.0785783532954,74966.23094036829,7095.326080831753,82.25296728042305,2.568304556155939,17803542.00061131,85786.92198566295,16372.198727976644,2683.725967618584,32673.8157062866,43381.345689585265,29.58254917200264,23951.439785785537
2024-09,,,3.0,9.0,2024.0,15.5,41.73114028792164,2274316.2716286536,40483.53369205398,1804.4698112506646,95365.34157445568,2088.840446105596,5437.376942796075,659394550.7600152,116788514.88113984,434584454.40255696,52231614.72814635,743.4589466591278,318.84417345488515,57.10983357271589,51.784009364610654,56.50507228173178,40062808.68872901,17110786.756784815,181.25491698072037,125.82324954020523,363.22402102179717,-422.7493974699115,-16.968504463472982,39159.72882801965,98015.33556185248,106816.87566582387,48.865224845921965,66.8098842319267,155.77253624339633,203.9705029415045,127.4876904379808,16.063585941972033,527.0781109455004,100.44398750623058,108.32542399089395,5.197427419670805,5.8665775725463245,99.01543545046587,107.55714823687227,30051.65755537225,52441.662490949144,104.9907404458931,109173.98470224981,123.20139582366077,123.20139582366077,2683.5635013013994,94.9951653413175,2816.734027257182,73.32196727401859,458477.6741245322,5723.587599339185,107.17108384293115,18.955865549566926,100.07842879698079,74892.17011296035,7015.93495488709,82.25292388784872,2.5682991887879814,17773895.161764618,85727.46492268532,16233.159805119896,2656.6975282218305,32673.657558429688,43379.7296449423,29.579273086250247,23950.974451961138
2024-10,,,4.0,10.0,2024.0,16.0,14.414144563960063,2441838.8542667883,37204.891173077885,2522.9020437897807,62830.1672531629,1968.6877845262327,5802.84638799507,828807486.0098608,188165255.4750008,832270492.9430777,17675094.992340084,727.9318825401425,338.5656439604457,57.2500726445166,51.9572904359001,56.30988664612546,38699031.34390108,18228040.63003356,237.5237809217957,128.8254959748786,328.58842323866315,-284.46321677654447,-25.348083981502985,40003.09074302066,101477.59809417301,107748.36774064797,73.47259375348978,72.60664389816013,174.59875174726406,238.47608669123818,121.70649985196569,16.502971227629768,558.561259744641,101.06496105088623,114.07738091741236,4.760376384724959,5.962230624434419,96.93224332532644,112.56741087461457,28750.024377439127,54213.23623665803,109.33526449950044,108249.21111134447,120.0412005034435,120.0412005034435,2711.147558597865,94.06882145750748,2846.2203883904967,74.19431648870156,460787.4990565346,5726.368773089583,107.8988172698188,18.766273101032805,100.0302896516234,73718.710591194,6633.382043813439,82.2528690695035,2.5214182428201815,17995950.419223793,84788.44135163652,15474.996418841434,2611.6091397858245,32890.019098938195,42581.45333218126,27.840375282590752,24003.351330306752
2024-11,,,4.0,11.0,2024.0,15.5,14.323300063932033,2435277.8641008725,37448.43723548851,2522.5928758895325,65775.30644873968,2082.958353534379,5666.539867116449,794577002.6757222,219890362.34710732,642481893.1304206,29126569.670297105,727.7449024247818,338.5010843976815,57.509986781988886,52.188049136500595,56.837036114757396,38698342.43349182,18206551.31028467,231.03754000221784,129.95745058982573,326.000776950775,-313.5985803952422,-40.63072870654617,40101.19535652393,100066.9399532868,123316.62032898511,73.29981488262959,69.59725515020192,183.84909999783528,238.73297948179072,112.78266784407471,16.877377400369028,558.3981557110911,101.27812247763836,112.62299963980644,5.964424021192629,5.926412589019991,95.71039641036506,112.6480565628688,29577.644514434938,54154.42801659174,109.32841464085578,108179.04176673773,120.00387524050969,120.00387524050969,2711.14731685171,94.05836624287865,2846.2203014662264,73.60556652483535,460785.0210136913,5726.355387668543,107.88547203210636,18.765899814675556,100.03009101765468,73657.17671016838,6561.249056492182,82.25311887577121,2.52141339669806,17959897.20143137,84739.00586273486,15357.983590972537,2585.7699666509175,32889.83299578991,42579.61249363513,27.835188932960573,24003.00473265165
2024-12,,,4.0,12.0,2024.0,16.0,14.23502684063929,2671272.6927067344,43360.291563924686,2522.284672300895,72913.94364460952,2178.1060584280012,6663.391653366855,2127219610.9681246,509500623.8543824,1576770477.0492918,120115275.00582622,727.5571492927063,338.4367832993201,57.65105835289423,52.05037160902714,57.629532282384176,38697654.32756639,18185295.751256865,254.41822034723225,130.79916143285428,329.92579964459753,-485.8089153720077,-56.97244763125685,39794.495549292995,97620.84504666548,115912.70349889685,73.12951278040602,71.50044787983677,198.1985136235288,230.23492849865173,116.39276959863295,16.306747899429528,558.2357834156375,101.26784395654406,115.03789053062573,3.7262448073409633,5.7734637187031925,126.42292234744673,111.03327540054899,31785.144378607583,54094.92286479097,109.32158031942535,108113.13438634775,119.96638208463895,119.96638208463895,2711.1470751264355,94.04794066296421,2846.220214546649,73.03643365163876,460782.544642129,5726.342008186984,107.87216677337288,18.76552602115509,100.02989227937348,73595.17811950787,6487.786925642495,82.30606904416345,2.521408548932309,17924415.855800133,84685.23538126696,15227.373748248609,2558.6155009264467,32889.647030197746,42577.76798947837,27.829981520221967,24002.658498946083
2025-01,,,1.0,1.0,2025.0,16.0,34.17270256831159,2632119.1843451867,31269.402059987282,1638.5564107943087,99006.36534499798,1242.9744060048315,3470.2595569943787,207914985.36563864,20230194.081459355,257924886.3897267,1472981.6889072966,473.5478008703811,182.76734710081797,57.27703035215376,51.49947442347267,57.94404272475907,25884773.290914103,9742070.816073297,230.48853365762196,127.17281904907215,378.64162627683515,-513.2042833817403,-91.38949320722172,45503.45645499775,106372.0334794022,141433.97917147606,39.521270240600906,65.17102870115741,157.27014147937246,219.0000802225308,122.08503208661246,16.061987716734293,540.1063671128576,101.5078456037238,108.66885151838852,4.156399514851127,4.178981681595598,78.46362263207962,114.25890668862206,36808.06432464559,42146.810996372646,110.01168926107452,108071.39218682147,118.18635409308399,118.18635409308399,2670.022371319089,80.63001401923528,2808.259517825781,79.51727641457538,460322.9887212711,5738.82640024644,109.04415764854788,18.800493910222077,100.5896488644099,71457.56816469357,6073.713493337029,89.07509951868269,2.563065756384445,19388644.162017714,87863.35643618752,18534.556719723125,2939.6786532825504,32818.14433822598,42857.24684607538,28.834755946909947,24101.82946439832
2025-02,,,1.0,2.0,2025.0,14.5,34.070335020464725,2504241.2472212873,32854.58364484978,1638.3356398867536,104020.01220008163,1757.5783867917498,4615.5918825935,186632844.4930042,53502985.5100905,141921658.12969226,6634062.568235408,473.3885082159002,182.7369117932196,57.270195173796104,51.49425656021821,58.15001901556557,25884152.242467865,9732593.390384672,238.525876884996,119.41353939609924,364.7212634700885,-553.4766951624937,-111.80155131253248,40311.338972381556,103335.441130069,113871.08674523592,39.48197219008038,67.62873925735404,182.04358761645068,233.045426134416,115.42539129737287,16.024315960074688,540.0273489981116,101.37427728595421,109.65733556144899,4.617122067023011,5.680488134466263,99.86057207259407,110.67215413003424,41311.689070783184,42102.099302250186,110.00374297153064,108012.00282265313,118.1448916931895,118.1448916931895,2670.0221328810753,80.62305138176019,2808.2593459935106,79.14278330840295,460320.52380888537,5738.8062086747605,109.03085778175851,18.800065650875034,100.58945018889162,71373.0042602817,5990.744804594345,89.07566788945404,2.5630595092732555,19344490.430736806,87782.91191930838,18447.397773033153,2913.2852081647543,32817.93238055319,42855.12193663568,28.82998274108748,24101.28252981445
2025-03,,,1.0,3.0,2025.0,16.0,33.970133682211475,2548159.5045310427,36760.634898234675,1638.11555945613,108574.02210512324,1927.7725830182128,5652.683210612998,587564543.9721626,91785985.68941095,275137216.65364647,36654819.40222853,473.22857648324134,182.706594704216,57.22134086480117,51.48020309070924,58.20781916200376,25883531.92545251,9723210.330118986,258.2218482572361,128.9229227229707,392.48080003085465,-594.9689176998255,-132.7424871119764,40302.98075448724,104595.42064595454,121182.75097123106,39.44312434622179,65.96060602952252,179.28991094302918,251.2431441650332,109.02509255493824,15.207835476377902,539.948660220878,101.46249581936074,109.36461075442742,4.6272781082325025,6.8255751969593055,108.69096947733179,115.75124057908806,42261.50744553657,42057.81113035355,109.99581467252695,107951.94875828415,118.10324214835337,118.10324214835337,2670.02189446365,80.6161079932608,2808.2591741705273,78.77751935135754,460318.0605554864,5738.7860260984435,109.01759740976028,18.799636810564174,100.58925140916433,71287.84420787303,5906.4919820485975,89.07575786623056,2.563053260048418,19301045.59253547,87714.49489797339,18303.266056140077,2885.8304318064693,32817.720579667046,42852.99280569002,28.82518977739171,24100.736175867798
2025-04,,,2.0,4.0,2025.0,15.5,98.81527917960152,2250414.968801477,36652.715805902684,1790.7927234559202,114872.30409891422,1608.4386538894619,4643.660728553102,415802328.8482157,120426439.49038228,370690801.4607199,4837995.1256504385,480.9108463228672,171.13882476098175,57.410068320904685,52.23347703045228,58.12729078712573,25784961.98490256,9758872.511515774,194.98091113170153,132.95355851922085,400.8802636156178,-629.7089007907226,-154.23312527062419,45780.7807133155,108430.54296434092,126012.57193076465,52.40612320103503,65.15262981138669,149.1470951867027,235.17914357616505,113.47641993755413,15.950319107593849,539.8702987264827,101.54830422078516,118.33264187674429,4.9234627890858755,6.792332831677536,99.77917714092831,111.0555608871479,42962.59877695142,45805.01636068868,109.66755118370688,105958.06875613818,119.60633576179028,119.60633576179028,2672.402210546254,107.8258211087664,2812.3292367003405,94.55278274893644,460315.5989593996,5738.765852511479,109.0043763568905,18.79920738810653,100.58905252486136,71202.08168119451,5820.924980747371,89.07570358710655,2.5630470087088586,19258292.711332884,87645.5295797528,18155.829472954763,2857.1736314382674,32817.508935393635,42850.85944064573,28.820376932891694,24100.19040163421
2025-05,,,2.0,5.0,2025.0,16.0,97.51428352730301,2187491.114534721,60304.57522466112,1790.5535979368594,114587.48076625985,1798.603534593479,4155.737350780545,440351189.5748584,85962371.25082639,304358088.9700289,24262972.15014359,480.72414854594876,171.11816728487895,58.21143357394758,52.49110625658032,57.89621288993677,25784237.603430554,9752328.780545952,187.63166279177918,131.39065645203377,394.2813338837125,-668.8863685968993,-176.29539829450738,45755.86506670952,103000.83011170539,117192.14765889186,52.24430585212037,65.1464719464864,144.76196541083968,213.4364389802768,120.96152148043137,15.9498564269864,539.7922624773081,101.3334955127302,109.264211759426,4.650504756631555,5.377581403520335,105.2153522844264,115.81249182516714,38760.52760309738,45769.13229015193,109.65968167084357,105884.38160138321,119.54980297406787,119.54980297406787,2672.402031697316,107.80881310026709,2812.3291630586605,94.27793704333016,460313.13901895296,5738.745687907867,108.99119444852684,18.798777382315905,100.58885353590054,71115.71026414348,5734.012811086238,89.07566021666571,2.5630407552535046,19216215.386276387,87576.1431584192,18005.59545807342,2827.2341837791573,32817.29744755934,42848.72182886007,28.815544083634528,24099.645206191533
2025-06,,,2.0,6.0,2025.0,15.5,96.26583949155537,2347352.914115905,34302.36520888993,1790.3152168079005,112170.02305989158,1864.8617830118606,5473.3706264957345,402491346.7661136,119896995.19596642,346228147.2215872,13242754.045273038,480.53671502521775,171.09758777640042,58.96714670358328,53.141143168096114,58.882704331496036,25783514.079633906,9745845.67715144,195.73748626291055,137.39724643887226,363.29038518089,-709.4612081395852,-198.95242119294656,40278.15525743111,101385.86098057547,138287.47316572475,52.08498611181418,65.94437876718753,156.83626721053517,212.68615616130313,126.0674496453822,15.949393215388751,539.7145494526161,100.94967886166724,109.43366175303551,4.8992842895288575,5.883229793815527,111.90535926888028,123.25422783773071,36008.402570244245,45733.56557816548,109.65182991439535,105809.90926769064,119.49302656549892,119.49302656549892,2672.401852863813,107.79185435968272,2812.3290894209526,94.00880809449005,460310.6807324768,5738.725532281606,108.97805151107949,18.79834679200289,100.5886544421991,71028.72344918763,5645.723501388305,89.07561681502554,2.5630344996812817,19174797.73076383,87506.26441876165,17852.49450331502,2795.924117985885,32817.086115990736,42846.57995763981,28.81069110463477,24099.10058861953
2025-07,,,3.0,7.0,2025.0,16.0,46.86767892498804,2576298.545740416,35583.40835783348,1836.0757965827809,102698.70644662477,1761.8241320211123,5488.869001381242,572648248.9556413,137861161.93166754,386743671.13762987,8519247.781936608,723.1822709191704,325.9137801478138,58.90102974422562,53.06859628282413,58.90355870818122,40336580.86966808,18026320.339560952,227.08103615860847,124.71614573820204,492.47365277390213,-774.3157953059002,-222.2285722615729,40269.9621149409,102842.4785950127,126699.65831601096,51.91695908772758,65.9389474006398,170.6323146773491,239.38140661472787,125.31515833112154,15.94892947188629,539.6371576483734,101.16158471773085,109.23823397770259,4.153814814040547,6.115305296049082,116.57869600844394,114.98671139224888,42314.957159169724,54988.94657013399,106.34363470184843,108607.97487218816,119.47302931319128,119.47302931319128,2684.951814342214,96.50526628368642,2817.64556645185,81.86826636935754,460308.22409830353,5738.705385626707,108.96494737198334,18.797915615974816,100.58845524367405,70941.11463573053,5556.024058690699,89.07556007606036,2.5630282419911152,19134024.3524449,87435.82207113822,17696.44836045626,2763.1472048200803,32816.87494051474,42844.4338142412,28.80581786986357,24098.55654799996
2025-08,,,3.0,8.0,2025.0,16.0,46.299518552758684,2546108.0253666826,40609.13816851515,1835.8849577777173,100440.63626253397,2013.6111501216187,5957.586918390275,605007598.9591157,151669672.46149734,467588261.50614655,12891986.39498873,723.0072814488742,325.8139821357974,58.93237483445576,53.48645394848413,58.97442314453816,40335949.02837463,17991068.046395864,197.17418123688032,142.21972655652706,390.9954669290879,-822.8258135918472,-245.56657647368908,43525.792201716584,102347.63655749039,113320.2171843968,51.82364913922054,65.9335048371292,165.16548594292485,216.3281420794637,130.7667843510322,15.948465195562324,539.56008507708,101.23009419110687,109.63050271653772,5.014875269303007,6.483293684502218,117.12995888827291,110.36622033368988,36894.36708081845,54901.57403048644,106.33920566739671,108533.11453527008,119.43752871595049,119.43752871595049,2684.9515746950296,96.49484343098642,2817.6454680613906,81.15603594631351,460305.76911476784,5738.68524793717,108.95188185969076,18.79748385303579,100.58825594024304,70852.87712844195,5464.880427637046,89.07551667411462,2.5630219821819287,19093880.33414841,87364.94277761449,17537.361834268962,2728.797690049968,32816.663920958454,42842.28338586949,28.80092425223789,24098.01308341646
2025-09,,,3.0,9.0,2025.0,15.5,45.752997002575256,2310375.6389429816,44589.71158940531,1835.6946994941711,107303.45543260756,2195.4805204565287,5718.565414194114,702138838.8520182,126863958.42485312,483767487.5963165,23939891.49950409,722.8315449704962,325.7145957478458,59.0972780969545,53.45784581948086,58.893586738078156,40335317.91830535,17956228.382915616,194.39364622590043,130.22906192525656,384.6688252261567,-846.5791966265489,-268.38133928463054,40253.697044498615,99855.4983263178,113106.6632970897,51.73153105740245,65.92805104199556,163.74900363757877,218.3724210789236,131.159613047476,15.948000385498036,539.4833297675983,100.60498438278822,109.93813598634097,4.1217842745885065,5.894340501304046,99.63852254055904,108.94857788424672,33017.267147934304,54815.10623944066,106.33478633100857,108457.44356178795,119.40186109821438,119.40186109821438,2684.951335068533,96.48444963439337,2817.6453696762433,80.46636072882232,460303.3157802067,5738.665119207021,108.93885480366394,18.79705150198665,100.58805653182293,70764.0041355524,5372.257447368273,89.07547328145301,2.563015720252645,19054351.21568616,87293.55509560999,17375.149956126235,2692.7597221905326,32816.453057149236,42840.12865967886,28.796010123609317,24097.470193954658
2025-10,,,4.0,10.0,2025.0,16.0,15.792246060206892,2480503.2128287074,40946.89302464612,2566.4959566876278,70614.22967579942,2068.768014131557,6101.647062282061,882245052.3651364,204282559.43108985,925580658.8290457,7648644.636054535,707.6884772854758,345.8479459970452,59.23663644354753,53.63221631666746,58.68179524440568,38962114.96606634,19124992.42798618,254.63792339478715,133.32331009625736,347.8933556943664,-547.6639729041434,-193.40993102948917,41118.02359322159,103379.78617251938,114062.02417357365,77.76133994309838,71.64724317845791,183.50124346740768,255.2158731286233,125.2035181284575,16.38415282718298,571.6817270657491,101.226931621744,115.77362166615153,3.757894737259257,5.990435097789643,97.54190153980836,114.02208833620851,31564.042472875357,56657.639966692215,110.7334355308062,107545.16319194873,116.32958744121773,116.32958744121773,2712.549597334027,95.54165882033074,2847.141246169082,81.36548142062756,462621.72969886323,5741.450308595538,109.6761490159342,18.608937629418712,100.54002068033537,69636.47585675254,5048.384025970473,89.07541846303499,2.516230327724186,19284666.898294944,86391.17717572139,16850.035364848376,2692.5400517187077,33033.70784359649,42051.23249707375,27.10152816060005,24150.09263954933
2025-11,,,4.0,11.0,2025.0,15.5,15.68189183121506,2473787.521322906,41183.62794685399,2566.1187719378822,73840.97208391798,2188.4009527199482,5957.075145098178,845533762.7362151,238591593.94225717,713847113.3152697,11784302.482108435,707.4596868857789,345.7689705570723,59.4998156572065,53.86590652418447,59.22277509883333,38961272.41816535,19098786.972394306,247.58497690123627,134.48162270029923,345.0603679978287,-582.9859689826776,-214.14822503818985,41216.2726214059,101939.75989061166,130507.40607897758,77.55776351418456,68.67660575689885,193.18358868588157,255.39334252809846,116.01553490486758,16.755790393000318,571.4891663719201,101.44041299473331,114.29554243572404,4.6859474394591984,5.9544365769643495,96.31205443699965,114.10221021761612,32449.246665634786,56587.03988782577,110.72500978067194,107457.10824052276,116.28383109991807,116.28383109991807,2712.549295044784,95.52912093863613,2847.141134389724,80.66298265832016,462618.6335453716,5741.433578635782,109.66014788356613,18.608457473632146,100.53977233863992,69559.43983393552,4961.635356520785,89.0756682696665,2.5162246018943937,19238402.221133392,86329.25909333151,16706.101108017305,2658.997449779128,33033.468634885125,42048.863843873216,27.09484213030417,24149.669205196366
2025-12,,,4.0,12.0,2025.0,16.0,15.574656860311606,2713458.6037449283,47649.492613578426,2565.742763432294,81764.53959080753,2287.9020125728994,7003.584063575866,2262914458.415793,552527676.7765244,1750307708.0735338,44863566.56491944,707.2299503772646,345.6903106156055,59.640033433467856,53.71933118178951,60.04010435858297,38960430.85409034,19072865.05006587,272.5321217808932,135.33946409596746,349.1213445325746,-875.2502401780941,-236.4174131306908,40898.48635572134,99445.03959078233,122639.06981859232,77.35710376765333,70.55357880639777,208.219160892836,246.2093414587953,119.72116809257679,16.189201218901413,571.2974694094115,101.43009633665906,116.74418475858918,2.912996119743538,5.800753709742875,127.2172304234735,112.46504392980863,34846.29936653254,56515.7996401675,110.71660311760479,107372.71870112458,116.23786841123594,116.23786841123594,2712.5489927816484,95.51661857502104,2847.1410226164007,79.98377032064387,462615.5394796172,5741.416856098582,109.64419465836143,18.60797666540009,100.53952386647151,69481.82066811445,4873.282112245775,89.12861851741036,2.5162188741225786,19192870.324529327,86261.37302632601,16545.885099928964,2623.7535597935835,33033.229602969885,42046.49047313857,27.088128935640288,24149.246215224444
