year_month,avg_salary,count_in_day,quarter,month,year,split,Полный_плановый_объем_потребления_электроэнергии_month,Предложения_новостроек_month,Всего_введено_зданий_quarter,"Жилые_здания,_жилые_помещения_и_т.п._quarter",Ипотека_всего_в_деньгах_month,Средства_на_счетах_эскроу_в_рублях_накопительный_итог_month,Ипотека_по_ДДУ_в_деньгах_month,Ипотека_по_ДДУ_в_количестве_выданных_кредитов_month,Ипотека_всего_в_количестве_выданных_кредитов_month,Коммунальное_хозяйство_-_всего_накопительный_итог_на_начало_месяца_-_собирается_month,"из_них_Закупка_товаров,_работ_и_услуг_для_обеспечения_государственных_муниципальных_нужд_month",из_них_Капитальные_вложения_в_объекты_государственной_муниципальной_собственности_month,из_них_Иные_бюджетные_ассигнования_собирается_month,Оценка_объема_потребеления_безина_quarter,Оценка_объема_потребеления_ДТ_quarter,Цена_на_95_бензин_розничные_цены_month,Цена_на_92_бензин_розничные_цены_month,Цена_на_ДТ_розничные_цены_month,Розничная_продажа_бензинов_автомобильных_в_деньгах;_накопительный_итог_quarter,Розничная_продажа_Дизельное_топливо_в_деньгах;_накопительный_итог_quarter,автоуслуги_по_тратам_потребителей_-_Тинькофф_индекс_month,топливо_потратам_потребителей-Тинькофф_индекс_month,из_коммерческих_торговые_площади_quarter,Индекс_потребительской_активности_-_Сбериндекс_month,дом_и_ремонт_по_тратам_потребителей_-_Тинькофф_индекс_month,медуслуги_по_тратам_потребителей-Тинькофф_индекс_month,рестораны_по_тратам_потребителей-Тинькофф_индекс_month,Доля_онлайн_платежей_в_безналичных_тратах_населения_month,Нижегородская область_Индекс потребительских цен на товары и услуги,Нижегородская область_Индекс промышленного производства (по месяцам),Нижегородская область_Коэффициент ликвидации организаций (по месяцам),Нижегородская область_Коэффициент рождаемости организаций на  организаций по субъектам Российской Федерации,Нижегородская область_Оборот розничной торговли (в % к пред месяцу),Нижегородская область_Объем платных услуг населению,Нижегородская область_Численность зарегистрированных безработных (по месяцам),Нижегородская область_Cреднедушевые денежные доходы,Нижегородская область_Индекс производства продукции сельского хозяйства (поквартально),Нижегородская область_Количество организаций,Нижегородская область_Уровень безработицы (по методологии МОТ),Нижегородская область_Численность безработных (МОТ),Нижегородская область_Численность занятых (по обследованиям),Нижегородская область_Численность принятых работников (по кварталам),Нижегородская область_Численность рабочей силы,Нижегородская область_Численность требуемых работников на вакантные рабочие места,Нижегородская область__ВРП на душу населения,Нижегородская область__Численность населения на  январ,Нижегородская область_Динамика инвестиций в ОК (%),Нижегородская область_Доля инвестиций в ОК к ВРП,Нижегородская область_Индекс физического объема ВРП,Нижегородская область_Количество активных предприятий,Нижегородская область_Количество умерших предприятий,Нижегородская область_Коэффициент миграционного прироста,Нижегородская область_Коэффициент напряженности на рынке труда,Нижегородская область_Наличие основных фондов,Нижегородская область_Показатели предпринимательской активности _акти,Нижегородская область_Показатели предпринимательской активности _рос,Нижегородская область_Показатели предпринимательской активности _уга,Нижегородская область_Потребительские расходы в среднем на душу населения,Нижегородская область_Потребность в работниках,Нижегородская область_Степень износа ОФ,"Нижегородская область_Численность обучающихся (квалиф рабочие, служащие)"
2018-01,38681.66666666666,14.066666666666665,1.0,1.0,2018.0,16.3,1642819.0127077226,2667.5929203539818,808.9,453.5,2794.0,34390.90378006873,799.0,383.0,1644.0,22748116.11,1472812.3300000003,13511438.69,7676613.09,277.1938641344047,99.29204526262457,40.22,37.36,39.47,10751888.0,3919388.0,133.34485671191553,101.43804600301658,6.731029529130088,68.57004887585533,126.1053823529412,118.84695475113121,86.30246380090496,17.02963142417044,100.48,103.0,9.8,5.5,86.0,100.2,7688.0,29160.0,98.9,93361.0,74.8,74.8,1687.3,40.7,1762.1,21.0,465830.1,3234.8,103.0,17.3,102.1,73756.0,10717.0,-11.57,2.2,3068010.0,73756.0,18382.0,4030.0,25998.0,30702.0,50.2,10622.0
2018-02,38794.642857142855,19.25,1.0,2.0,2018.0,14.5,1642819.0127077226,2667.5929203539818,808.9,453.5,4078.0,34390.90378006873,1036.0,534.0,2444.0,56083602.55,13221913.37,33879275.53,8902572.65,277.1938641344047,99.29204526262457,40.26,37.32,39.51,10751888.0,3919388.0,133.34485671191553,101.43804600301658,6.731029529130088,68.57004887585533,126.1053823529412,118.84695475113121,86.30246380090496,17.02963142417044,100.31000000000002,109.1,12.7,7.7,97.3,102.1,7732.0,29160.0,98.9,93361.0,74.8,74.8,1687.3,40.7,1762.1,21.0,465830.1,3234.8,103.0,17.3,102.1,73756.0,10717.0,-11.570000000000002,2.2,3068010.0,73756.0,18382.0,4030.0,25998.0,30702.0,50.2,10622.0
2018-03,40725.8064516129,19.096774193548384,1.0,3.0,2018.0,16.0,1642819.0127077226,2667.5929203539818,808.9,453.5,4717.0,34390.90378006873,1153.0,587.0,2756.0,70844837.80000001,4283859.43,49276667.52,17214929.85,277.1938641344047,99.29204526262457,40.26,37.31,39.44,10751888.0,3919388.0,133.34485671191553,101.43804600301658,6.731029529130088,68.57004887585533,126.10538235294122,118.84695475113121,86.30246380090496,17.02963142417044,100.52,103.2,11.7,7.3,109.8,100.6,7505.0,29160.0,98.9,93361.0,74.8,74.8,1687.3,40.7,1762.1,21.0,465830.1,3234.8,103.0,17.3,102.1,73756.0,10717.0,-11.57,2.2,3068010.0,73756.0,18382.0,4030.0,25998.0,30702.0,50.2,10622.0
2018-04,44666.66666666666,17.533333333333335,2.0,4.0,2018.0,15.5,1642819.0127077226,2667.5929203539818,494.00000000000017,423.3,5031.0,34390.90378006873,1203.0,587.0,2941.0,73906458.47,5591061.23,32789082.719999995,34245297.52,290.5653203172667,106.7637418013118,40.52,37.57,39.86,11905914.0,4449201.0,133.34485671191553,101.43804600301658,6.731029529130088,68.57004887585533,126.1053823529412,118.84695475113121,86.30246380090496,17.02963142417044,100.51,102.6,9.0,7.5,98.3,101.7,7068.0,31661.0,101.8,92061.0,73.6,73.6,1687.2,46.0,1760.8,22.8,465830.1,3234.8,103.0,17.3,102.1,73756.0,10717.0,-11.57,2.2,3068010.0,73756.0,18382.0,4030.0,25998.0,30702.0,50.2,10622.0
2018-05,37566.93548387097,17.06451612903226,2.0,5.0,2018.0,16.0,1642819.0127077226,2667.5929203539818,494.00000000000017,423.3,4688.0,34390.90378006873,1133.0,580.0,2647.0,64377895.46999997,5405996.719999999,22721618.04000001,35599152.70999999,290.5653203172667,106.7637418013118,42.46,39.63,41.87,11905914.0,4449201.0,133.34485671191553,101.43804600301658,6.731029529130088,68.57004887585533,126.10538235294122,118.84695475113121,86.30246380090496,17.02963142417044,100.17,104.3,6.9,4.8,105.6,103.3,6897.0,31661.0,101.8,92061.0,73.6,73.6,1687.2,46.0,1760.8,22.8,465830.1,3234.8,103.0,17.3,102.1,73756.0,10717.0,-11.57,2.2,3068010.0,73756.0,18382.0,4030.0,25998.0,30702.0,50.2,10622.0
2018-06,39648.333333333336,16.4,2.0,6.0,2018.0,15.5,1642819.0127077226,2667.5929203539818,494.00000000000017,423.3,4619.0,34390.90378006873,995.0,492.0,2533.0,192255624.88,9888152.050000004,61952939.47,119470218.36,290.5653203172667,106.7637418013118,44.05,41.62,43.29,11905914.0,4449201.0,133.34485671191553,101.43804600301658,6.731029529130088,68.57004887585533,126.1053823529412,118.84695475113121,86.30246380090496,17.02963142417044,100.86,103.1,16.5,6.6,102.1,100.2,6540.0,31661.0,101.8,92061.0,73.6,73.6,1687.2,46.0,1760.8,22.8,465830.1,3234.8,103.0,17.3,102.1,73756.0,10717.0,-11.57,2.2,3068010.0,73756.0,18382.0,4030.0,25998.0,30702.0,50.2,10622.0
2018-07,40322.58064516129,18.322580645161292,3.0,7.0,2018.0,16.0,1642819.0127077226,2667.5929203539818,555.1999999999998,393.3,4425.0,34390.90378006873,896.0,483.0,2544.0,139292858.94000003,11161254.18,86860886.72,37308696.53999999,289.69945497630334,102.56130680498569,43.64,40.73,42.99,12225317.0,4415948.0,133.34485671191553,101.43804600301658,6.731029529130088,68.57004887585533,126.10538235294122,118.84695475113121,86.30246380090496,17.02963142417044,100.44,99.6,4.3,6.2,96.4,99.8,6434.0,29638.0,97.8,91131.0,70.9,70.9,1686.2,49.42415940224159,1757.1,22.6,465830.1,3234.8,103.0,17.3,102.1,73756.0,10717.0,-11.57,2.2,3068010.0,73756.0,18382.0,4030.0,25998.0,30702.0,50.2,10622.0
2018-08,39290.32258064516,19.032258064516128,3.0,8.0,2018.0,16.0,1642819.0127077226,2667.5929203539818,555.1999999999998,393.3,4795.0,34390.90378006873,1214.0,571.0,2712.0,153028608.70999992,19510151.489999995,102702016.05,30691191.11999997,289.69945497630334,102.56130680498569,43.75,40.71,43.08,12225317.0,4415948.0,133.34485671191553,101.43804600301658,6.731029529130088,68.57004887585533,126.10538235294122,118.84695475113121,86.30246380090496,17.02963142417044,99.77,108.2,13.5,5.5,100.6,99.5,6469.0,29638.0,97.8,91131.0,70.9,70.9,1686.2,49.42415940224159,1757.1,22.6,465830.1,3234.8,103.0,17.3,102.1,73756.0,10717.0,-11.57,2.2,3068010.0,73756.0,18382.0,4030.0,25998.0,30702.0,50.2,10622.0
2018-09,40625.0,20.4,3.0,9.0,2018.0,15.5,1642819.0127077226,2667.5929203539818,555.1999999999997,393.3,4914.0,34390.90378006873,1219.0,571.0,2726.0,139920993.7700001,30621060.25,71442892.68,37745343.84000003,289.69945497630334,102.56130680498569,43.7,40.67,43.1,12225317.0,4415948.0,133.34485671191553,101.43804600301658,6.731029529130088,68.57004887585533,126.1053823529412,118.84695475113121,86.30246380090496,17.02963142417044,100.15,102.0,9.3,5.5,95.4,98.5,6170.0,29638.0,97.8,91131.0,70.9,70.9,1686.2,49.42415940224159,1757.1,22.6,465830.1,3234.8,103.0,17.3,102.1,73756.0,10717.0,-11.57,2.2,3068010.0,73756.0,18382.0,4030.0,25998.0,30702.0,50.2,10622.0
2018-10,41419.354838709674,18.0,4.0,10.0,2018.0,16.0,1642819.0127077226,2667.5929203539818,792.7000000000003,689.8000000000003,5509.0,34390.90378006873,1281.0,627.0,3009.0,726714013.8,38496672.42999999,133688961.23999996,553294524.1299999,290.13619055142993,115.64735807695213,43.77,40.69,43.27,12241813.0,5099663.0,133.34485671191553,101.43804600301658,6.731029529130088,68.57004887585533,126.10538235294122,118.84695475113121,86.30246380090496,17.02963142417044,100.5,91.9,14.2,6.5,103.9,99.1,6007.0,34815.0,100.6,88896.0,73.2,73.2,1687.1,48.3,1760.3,20.3,465830.1,3234.8,103.0,17.3,102.1,73756.0,10717.0,-11.57,2.2,3068010.0,73756.0,18382.0,4030.0,25998.0,30702.0,50.2,10622.0
2018-11,41885.0,16.266666666666666,4.0,11.0,2018.0,15.5,1642819.0127077226,2667.5929203539818,792.7000000000003,689.8000000000003,5821.0,34390.90378006873,1291.0,587.0,3089.0,215491617.67000008,22815882.670000017,133865963.31000008,56534782.69000006,290.13619055142993,115.64735807695213,43.68,40.7,43.9,12241813.0,5099663.0,133.34485671191553,101.43804600301658,6.731029529130088,68.57004887585533,126.1053823529412,118.84695475113121,86.30246380090496,17.02963142417044,100.2,101.1,7.5,7.1,101.9,100.5,6192.0,34815.0,100.6,88896.0,73.2,73.2,1687.1,48.3,1760.3,20.3,465830.1,3234.8,103.0,17.3,102.1,73756.0,10717.0,-11.57,2.2,3068010.0,73756.0,18382.0,4030.0,25998.0,30702.0,50.2,10622.0
2018-12,42900.0,12.9,4.0,12.0,2018.0,15.5,1642819.0127077226,2667.5929203539818,792.7000000000003,689.8000000000003,6399.0,34390.90378006873,1288.0,593.0,3501.0,431009066.36000013,44851555.93,155610589.64,228567107.79,290.13619055142993,115.64735807695213,43.66,40.66,45.12,12241813.0,5099663.0,133.34485671191553,101.43804600301658,6.731029529130088,68.57004887585533,126.1053823529412,118.84695475113121,86.30246380090496,17.02963142417044,100.7,101.6,24.5,7.4,111.0,101.8,6495.0,34815.0,100.6,88896.0,73.2,73.2,1687.1,48.3,1760.3,20.3,465830.1,3234.8,103.0,17.3,102.1,73756.0,10717.0,-11.57,2.2,3068010.0,73756.0,18382.0,4030.0,25998.0,30702.0,50.2,10622.0
2019-01,45454.16666666666,14.266666666666667,1.0,1.0,2019.0,16.5,1642819.0127077226,1707.0,636.2,540.5,2985.0,34390.90378006873,770.0,361.0,1663.0,19290005.46,5308345.74,7045076.86,6812738.86,266.29515858463697,104.46166873494415,44.08,41.1,45.63,11376573.0,4770068.0,133.34485671191553,101.43804600301658,1.9,68.57004887585533,126.1053823529412,118.84695475113121,86.30246380090496,17.02963142417044,101.19,93.7,8.3,3.5,81.5,101.8,7132.0,30662.0,103.4,88813.0,72.6,72.6,1679.5,47.4,1752.2,22.0,505460.2,3214.6,105.1,18.3,103.6,68732.0,10436.0,20.0,1.9,5632296.0,68732.0,24358.0,1781.0,27747.0,38751.0,41.6,10544.0
2019-02,42083.92857142857,17.857142857142858,1.0,2.0,2019.0,14.5,1642819.0127077226,1491.0,636.2,540.5,4101.0,34390.90378006873,986.0,415.0,2202.0,65646361.49,4762302.299999999,33991445.56,26799717.63000001,266.29515858463697,104.46166873494415,44.3,41.28000000000001,45.63,11376573.0,4770068.0,69.107,93.89299999999999,1.9,68.57004887585533,84.10700000000001,102.464,94.214,16.93428571,100.34,104.7,8.7,8.7,98.7,102.6,7930.0,30662.0,103.4,88813.0,72.6,72.6,1679.5,47.4,1752.2,22.0,505460.2,3214.6,105.1,18.3,103.6,68732.0,10436.0,20.0,1.9,5632296.0,68732.0,24358.0,1781.0,27747.0,38751.0,41.6,10544.0
2019-03,43233.87096774193,17.0,1.0,3.0,2019.0,16.0,1642819.0127077226,1595.0,636.2,540.5,3991.0,34390.90378006873,950.0,422.0,2161.0,74748348.05,9187409.900000002,37517754.75,27921479.4,266.29515858463697,104.46166873494415,44.3,41.27,45.73,11376573.0,4770068.0,88.065,91.387,1.9,68.57004887585533,92.54800000000002,95.935,101.581,16.20354839,100.32,101.7,2.4,7.5,109.0,101.0,8256.0,30662.0,103.4,88813.0,72.6,72.6,1679.5,47.4,1752.2,22.0,505460.2,3214.6,105.1,18.3,103.6,68732.0,10436.0,20.0,1.9,5632296.0,68732.0,24358.0,1781.0,27747.0,38751.0,41.6,10544.0
2019-04,43658.333333333336,20.666666666666668,2.0,4.0,2019.0,15.5,1642819.0127077226,1490.0,465.3,384.5,4093.0,34390.90378006873,962.0,400.0,2241.0,94430629.5,9012319.639999997,50196733.03,35176916.83,279.8951867927454,103.40912621359224,44.33,41.25,45.12,12037359.0,4615494.0,125.26700000000001,97.333,11.5,68.57004887585533,91.867,103.43299999999999,93.867,16.983,100.4,109.0,17.3,7.5,98.1,102.2,8255.0,33886.0,103.1,86094.0,70.7,70.7,1683.1,46.6,1753.8,25.7,505460.2,3214.6,105.1,18.3,103.6,68732.0,10436.0,20.0,1.9,5632296.0,68732.0,24358.0,1781.0,27747.0,38751.0,41.6,10544.0
2019-05,44057.258064516136,15.709677419354836,2.0,5.0,2019.0,16.0,1642819.0127077226,1150.0,465.3,384.5,3233.0,34390.90378006873,681.0,298.0,1783.0,74881797.56,10712345.329999998,27475302.96,36607431.27,279.8951867927454,103.40912621359224,44.33,41.26,44.21,12037359.0,4615494.0,94.71,99.12899999999999,11.5,68.57004887585533,95.0,92.71,99.03200000000001,14.76677419,100.47,105.5,4.4,5.4,104.5,100.4,7976.0,33886.0,103.1,86094.0,70.7,70.7,1683.1,46.6,1753.8,25.7,505460.2,3214.6,105.1,18.3,103.6,68732.0,10436.0,20.0,1.9,5632296.0,68732.0,24358.0,1781.0,27747.0,38751.0,41.6,10544.0
2019-06,42041.66666666666,16.133333333333333,2.0,6.0,2019.0,15.5,1642819.0127077226,2090.0,465.3,384.5,3704.0,34390.90378006873,958.0,366.0,1894.0,337695295.74999994,12842645.510000005,35873474.129999995,288936714.11,279.8951867927454,103.40912621359224,44.93,41.93999999999999,44.57,12037359.0,4615494.0,96.6,105.367,11.5,68.57004887585533,106.633,87.633,106.56700000000001,14.70566667,99.87000000000002,107.2,28.6,5.9,100.8,102.4,7639.0,33886.0,103.1,86094.0,70.7,70.7,1683.1,46.6,1753.8,25.7,505460.2,3214.6,105.1,18.3,103.6,68732.0,10436.0,20.0,1.9,5632296.0,68732.0,24358.0,1781.0,27747.0,38751.0,41.6,10544.0
2019-07,44387.096774193546,17.677419354838708,3.0,7.0,2019.0,16.0,1642819.0127077226,1910.0,550.9000000000002,412.8,3965.0,148.0,797.0,333.0,2159.0,136911568.06000006,26937806.41,72932736.54000002,36948124.10999996,295.2702108087388,108.30616407650926,44.96,42.03,44.53,12839333.0,4831899.0,129.167,100.333,14.1,68.57004887585533,94.367,111.4,98.7,15.405999999999999,100.3,118.6,6.4,5.8,101.7,99.2,7500.0,33037.0,101.8,84488.0,70.5,70.5,1685.8,49.42415940224159,1756.3,26.2,505460.2,3214.6,105.1,18.3,103.6,68732.0,10436.0,20.0,1.9,5632296.0,68732.0,24358.0,1781.0,27747.0,38751.0,41.6,10544.0
2019-08,44979.03225806452,17.193548387096776,3.0,8.0,2019.0,16.0,1642819.0127077226,1728.0,550.9000000000002,412.8,4312.0,299.0,1002.0,389.0,2299.0,453883020.91,19211176.629999995,90639561.22,343955562.06,295.2702108087388,108.30616407650926,45.02,41.96,44.68,12839333.0,4831899.0,94.09700000000001,112.742,14.1,68.57004887585533,106.839,93.71,108.54800000000002,15.58612903,99.63,100.8,7.0,6.4,101.0,103.3,7479.0,33037.0,101.8,84488.0,70.5,70.5,1685.8,49.42415940224159,1756.3,26.2,505460.2,3214.6,105.1,18.3,103.6,68732.0,10436.0,20.0,1.9,5632296.0,68732.0,24358.0,1781.0,27747.0,38751.0,41.6,10544.0
2019-09,44386.66666666666,16.766666666666666,3.0,9.0,2019.0,15.5,1642819.0127077226,1932.0,550.9000000000002,412.8,4474.0,646.0,1171.0,471.0,2299.0,244850589.6900001,34927798.34,115018095.51,92430112.09000002,295.2702108087388,108.30616407650926,44.98,41.95,44.63,12839333.0,4831899.0,94.73299999999999,103.7,14.1,68.57004887585533,97.833,97.26700000000001,103.0,15.09933333,99.75,113.3,23.1,6.1,95.8,107.3,6836.0,33037.0,101.8,84488.0,70.5,70.5,1685.8,49.42415940224159,1756.3,26.2,505460.2,3214.6,105.1,18.3,103.6,68732.0,10436.0,20.0,1.9,5632296.0,68732.0,24358.0,1781.0,27747.0,38751.0,41.6,10544.0
2019-10,44741.93548387097,19.677419354838708,4.0,10.0,2019.0,16.0,1642819.0127077226,1733.0,842.6999999999997,677.9000000000002,5102.0,1434.0,1125.0,463.0,2645.0,241482660.6900001,35989344.58,151234818.45999998,53906426.85000002,274.1036098603373,107.3663508490635,45.24,42.06,45.19,11971932.0,4910579.0,129.871,100.90299999999999,9.9,68.57004887585533,94.161,111.516,99.29,15.36354839,100.24,111.6,10.4,7.8,99.7,104.1,6661.0,37666.0,108.7,83275.0,71.9,71.9,1681.2,51.6,1753.0,26.3,505460.2,3214.6,105.1,18.3,103.6,68732.0,10436.0,20.0,1.9,5632296.0,68732.0,24358.0,1781.0,27747.0,38751.0,41.6,10544.0
2019-11,44518.33333333334,17.8,4.0,11.0,2019.0,15.5,1642819.0127077226,1674.0,842.6999999999997,677.9000000000002,5274.0,2272.0,1257.0,503.0,2710.0,569753627.3500001,35617970.84,327032918.76,206935089.04999992,274.1036098603373,107.3663508490635,45.24,42.06000000000001,45.18999999999999,11971932.0,4910579.0,114.333,95.633,9.9,68.57004887585533,112.833,117.73299999999999,96.633,16.098,100.32,98.3,10.1,7.0,100.4,103.3,6823.0,37666.0,108.7,83275.0,71.9,71.9,1681.2,51.6,1753.0,26.3,505460.2,3214.6,105.1,18.3,103.6,68732.0,10436.0,20.0,1.9,5632296.0,68732.0,24358.0,1781.0,27747.0,38751.0,41.6,10544.0
2019-12,44833.87096774193,13.225806451612904,4.0,12.0,2019.0,16.0,1906249.0,1685.0,842.6999999999997,677.9000000000002,6888.0,2945.0,1489.0,549.0,3485.0,1243883227.0099998,411322154.11,543785455.53,242273974.38000008,274.1036098603373,107.3663508490635,45.35,42.11,46.83,11971932.0,4910579.0,108.53299999999999,97.3,9.9,78.13,126.333,115.46700000000001,97.5,13.91709677,100.16,93.4,14.4,6.2,112.4,104.3,7142.0,37666.0,108.7,83275.0,71.9,71.9,1681.2,51.6,1753.0,26.3,505460.2,3214.6,105.1,18.3,103.6,68732.0,10436.0,20.0,1.9,5632296.0,68732.0,24358.0,1781.0,27747.0,38751.0,41.6,10544.0
2020-01,46141.66666666666,23.83333333333333,1.0,1.0,2020.0,16.5,1737947.0,1746.0,912.0,645.0,3503.0,3860.0,844.0,307.0,1739.0,23026900.51,3664806.45,6770302.52,10953920.9,251.85199023943886,97.57842385516508,45.34,42.11,46.93999999999999,11009290.0,4581307.0,83.71,91.87100000000001,3.1,63.61,100.161,101.065,95.09700000000001,15.62483871,100.66,102.4,11.9,5.4,84.0,107.5,13685.0,32111.0,99.5,82119.0,72.4,72.4,1669.1,47.5,1741.5,26.2,497418.6,3203.0,116.7,23.4,96.0,63923.0,8660.0,3.9,1.8,5857122.0,63923.0,12633.0,1208.0,26132.0,53713.0,42.5,11014.0
2020-02,44086.20689655173,30.75862068965517,1.0,2.0,2020.0,15.0,1664615.0,1584.0,912.0,645.0,4974.0,4585.0,1263.0,467.0,2478.0,171429792.17000002,9148427.61,7694673.24,144418752.04999998,251.85199023943886,97.57842385516508,45.31,42.11,47.07,11009290.0,4581307.0,95.75,92.0,3.1,73.41,101.929,114.036,98.321,15.91678571,100.01,99.9,8.8,6.3,101.1,105.3,7785.0,32111.0,99.5,82119.0,72.4,72.4,1669.1,47.5,1741.5,26.2,497418.6,3203.0,116.7,23.4,96.0,63923.0,8660.0,3.9,1.8,5857122.0,63923.0,12633.0,1208.0,26132.0,53713.0,42.5,11014.0
2020-03,43284.16666666666,19.5,1.0,3.0,2020.0,15.566666666666665,1730991.0,1493.0,912.0,645.0,6025.0,5551.0,1426.0,509.0,2947.0,79237705.40999998,13194926.42,21389887.61,44624789.22,251.85199023943886,97.57842385516508,45.31000000000001,42.1,46.84,11009290.0,4581307.0,120.677,88.387,3.1,70.35,122.065,106.29,68.452,14.49032258,100.98,101.9,11.5,7.4,110.4,97.8,7648.0,32111.0,99.5,82119.0,72.4,72.4,1669.1,47.5,1741.5,26.2,497418.6,3203.0,116.7,23.4,96.0,63923.0,8660.0,3.9,1.8,5857122.0,63923.0,12633.0,1208.0,26132.0,53713.0,42.5,11014.0
2020-04,43774.137931034486,10.0,2.0,4.0,2020.0,15.655172413793107,1535936.0,1989.0,419.09999999999985,345.0,4038.0,7072.0,698.0,278.0,2114.0,100893998.54000002,9160768.679999996,38146843.70999999,51957264.51000002,211.53035455585209,81.63618243980505,45.27,42.05,45.93,9247402.0,3740842.0,88.56700000000002,62.7,2.5,41.93,86.0,33.8,18.467,21.945999999999998,101.14,78.4,7.5,4.3,68.6,62.5,20731.0,31473.0,99.7,81478.0,81.0,81.0,1653.9,32.0,1734.9,32.1,497418.6,3203.0,116.7,23.4,96.0,63923.0,8660.0,3.9,1.8,5857122.0,63923.0,12633.0,1208.0,26132.0,53713.0,42.5,11014.0
2020-05,43918.51851851852,15.481481481481481,2.0,5.0,2020.0,16.185185185185187,1370929.0,2259.0,419.09999999999985,345.0,3736.0,7876.0,1121.0,411.0,1823.0,101443977.42000002,11598254.940000005,42361600.97,47389099.87000001,211.53035455585209,81.63618243980505,45.22999999999999,42.0,45.72,9247402.0,3740842.0,107.161,79.968,2.5,51.97,111.355,53.806000000000004,24.0,20.67354839,100.26,84.0,6.5,3.3,108.8,65.9,36549.0,31473.0,99.7,81478.0,81.0,81.0,1653.9,32.0,1734.9,32.1,497418.6,3203.0,116.7,23.4,96.0,63923.0,8660.0,3.9,1.8,5857122.0,63923.0,12633.0,1208.0,26132.0,53713.0,42.5,11014.0
2020-06,43034.48275862069,20.96551724137931,2.0,6.0,2020.0,15.586206896551724,1339534.0,2171.0,419.09999999999985,345.0,5300.0,9064.0,1543.0,584.0,2537.0,89448044.56,19599189.1,49960568.63000001,19792426.19,211.53035455585209,81.63618243980505,45.49,42.26,45.82,9247402.0,3740842.0,121.4,104.23299999999999,2.5,66.93,133.4,103.46700000000001,41.633,18.49266667,100.35,87.1,6.0,4.4,113.3,74.9,48761.0,31473.0,99.7,81478.0,81.0,81.0,1653.9,32.0,1734.9,32.1,497418.6,3203.0,116.7,23.4,96.0,63923.0,8660.0,3.9,1.8,5857122.0,63923.0,12633.0,1208.0,26132.0,53713.0,42.5,11014.0
2020-07,46898.33333333334,21.53333333333333,3.0,7.0,2020.0,16.4,1445792.0,1677.0,461.90000000000015,375.20000000000016,6715.0,10848.0,2105.0,776.0,3112.0,200333267.06,17844140.239999995,109501892.23000002,71252254.94999999,288.33834889802023,100.46273358631058,46.11,42.88,46.64,12864696.0,4677210.0,167.63299999999995,102.23299999999999,4.8,72.16,129.967,135.5,84.23299999999998,18.62266667,100.34,87.9,11.7,5.9,109.4,82.1,57395.0,32598.0,108.3,79952.0,83.5,83.5,1653.0,49.42415940224159,1736.5,33.0,497418.6,3203.0,116.7,23.4,96.0,63923.0,8660.0,3.9,1.8,5857122.0,63923.0,12633.0,1208.0,26132.0,53713.0,42.5,11014.0
2020-08,45468.790322580644,22.193548387096772,3.0,8.0,2020.0,16.0,1482307.0,1949.0,461.90000000000015,375.20000000000016,7662.0,12845.0,2462.0,884.0,3507.0,213459462.14,18098381.320000008,71460424.25999998,123815862.92000002,288.33834889802023,100.46273358631058,46.3,43.06,46.56,12864696.0,4677210.0,130.25799999999998,119.935,4.8,71.94,136.903,119.774,100.03200000000001,18.30580645,99.7,94.0,8.3,5.2,98.8,87.5,62041.0,32598.0,108.3,79952.0,83.5,83.5,1653.0,49.42415940224159,1736.5,33.0,497418.6,3203.0,116.7,23.4,96.0,63923.0,8660.0,3.9,1.8,5857122.0,63923.0,12633.0,1208.0,26132.0,53713.0,42.5,11014.0
2020-09,45214.758620689645,25.655172413793107,3.0,9.0,2020.0,15.620689655172415,1526681.0,1520.0,461.90000000000015,375.20000000000016,9178.0,15779.0,2590.0,829.0,4181.0,394571776.46,59132800.64999999,76308282.58999997,259030828.58000004,288.33834889802023,100.46273358631058,46.3,43.05,46.47,12864696.0,4677210.0,130.7,108.93299999999999,4.8,75.9,130.033,130.433,100.333,19.07333333,100.14,102.3,15.4,5.6,96.4,95.3,62929.0,32598.0,108.3,79952.0,83.5,83.5,1653.0,49.42415940224159,1736.5,33.0,497418.6,3203.0,116.7,23.4,96.0,63923.0,8660.0,3.9,1.8,5857122.0,63923.0,12633.0,1208.0,26132.0,53713.0,42.5,11014.0
2020-10,47212.90322580645,20.83870967741936,4.0,10.0,2020.0,16.0,1697823.0,1534.0,761.3000000000003,672.3999999999999,10086.0,18986.0,3128.0,1011.0,4414.0,268490103.51,71254855.06,58781303.87000001,136622794.89,265.5825599641336,101.04179169070976,46.21,43.0,46.01,11847638.0,4669478.0,166.645,101.806,15.1,74.9,130.58100000000002,133.774,84.09700000000002,18.48612903,100.64,96.1,16.6,6.1,102.5,94.7,60861.0,38517.0,104.1,78321.0,83.0,83.0,1653.4,50.2,1736.4,34.9,497418.6,3203.0,116.7,23.4,96.0,63923.0,8660.0,3.9,1.8,5857122.0,63923.0,12633.0,1208.0,26132.0,53713.0,42.5,11014.0
2020-11,48150.0,19.33333333333333,4.0,11.0,2020.0,15.5,1731663.0,1930.0,761.3000000000003,672.3999999999999,8582.0,21927.0,2260.0,724.0,3852.0,321246547.93000007,68537638.22999999,80599129.84000002,163202902.11,265.5825599641336,101.04179169070976,46.2,42.97,46.05,11847638.0,4669478.0,148.8,98.2,15.1,67.07,146.233,130.267,65.567,20.91333333,100.84,104.3,8.0,5.8,95.4,96.8,58462.0,38517.0,104.1,78321.0,83.0,83.0,1653.4,50.2,1736.4,34.9,497418.6,3203.0,116.7,23.4,96.0,63923.0,8660.0,3.9,1.8,5857122.0,63923.0,12633.0,1208.0,26132.0,53713.0,42.5,11014.0
2020-12,45972.22222222222,15.111111111111109,4.0,12.0,2020.0,15.703703703703706,1897063.0,2180.0,761.3000000000003,672.3999999999999,9976.0,25731.0,2573.0,825.0,4334.0,1482850698.13,162117356.07999998,322989214.19999987,622977268.73,265.5825599641336,101.04179169070976,46.25,43.03,46.57999999999999,11847638.0,4669478.0,124.3,107.2,15.1,70.97,183.36700000000002,129.1,69.433,18.56645161,100.57,108.6,13.5,5.4,113.9,101.1,56105.0,38517.0,104.1,78321.0,83.0,83.0,1653.4,50.2,1736.4,34.9,497418.6,3203.0,116.7,23.4,96.0,63923.0,8660.0,3.9,1.8,5857122.0,63923.0,12633.0,1208.0,26132.0,53713.0,42.5,11014.0
2021-01,47638.33333333334,21.2,1.0,1.0,2021.0,16.233333333333334,1783280.0,2420.0,519.2,443.3,4295.0,28338.0,1349.0,382.0,1776.0,14278323.77,3823457.44,227969.6,10194916.73,226.8670008718396,88.56342772403076,46.81000000000001,43.75,46.84,10408658.0,4180489.0,101.194,100.806,3.3,58.55,141.903,115.645,74.806,19.31,100.8,93.4,9.0,4.1,84.1,90.9,47893.0,31648.0,100.5,77291.0,81.6,81.6,1647.1,44.8,1728.6,37.3,489482.30653789005,3176.5,100.4,19.618499257057948,100.62659732540865,59158.0,8493.0,14.1,1.2,6197508.0,59158.0,10197.0,2587.0,26632.73476968797,40893.75482912332,44.2,11213.0
2021-02,48451.071428571435,25.75,1.0,2.0,2021.0,14.5,1744716.0,2327.0,519.2,443.3,7113.0,29802.0,2105.0,577.0,2962.0,222009788.19,8048044.380000001,12380486.84,51597317.48,226.8670008718396,88.56342772403076,47.46999999999999,44.46,47.33,10408658.0,4180489.0,134.571,105.60700000000001,3.3,66.61,140.429,134.857,83.5,21.51142857,100.67,92.3,9.0,5.5,97.0,95.6,33141.0,31648.0,100.5,77291.0,81.6,81.6,1647.1,44.8,1728.6,37.3,489482.30653789005,3176.5,100.4,19.618499257057948,100.62659732540865,59158.0,8493.0,14.1,1.2,6197508.0,59158.0,10197.0,2587.0,26632.73476968797,40893.75482912333,44.2,11213.0
2021-03,48475.8064516129,28.12903225806452,1.0,3.0,2021.0,16.0,1820167.0,2259.0,519.2,443.3,8314.0,33514.0,2253.0,647.0,3502.0,89590479.48999998,14470768.239999998,15901649.2,59011382.63,226.8670008718396,88.56342772403076,47.83,44.96,47.44,10408658.0,4180489.0,156.32299999999995,100.355,3.3,71.45,143.194,137.548,94.258,19.13241935,100.81,105.7,11.2,6.9,109.0,106.1,22745.0,31648.0,100.5,77291.0,81.6,81.6,1647.1,44.8,1728.6,37.3,489482.30653789005,3176.5,100.4,19.618499257057948,100.62659732540865,59158.0,8493.0,14.1,1.2,6197508.0,59158.0,10197.0,2587.0,26632.73476968797,40893.75482912333,44.2,11213.0
2021-04,51087.5,25.4,2.0,4.0,2021.0,15.5,1624400.0,2273.0,571.8,456.2,9169.0,36450.0,2596.0,710.0,3775.0,110531513.42000002,19563375.860000007,12761505.140000002,76510589.87000002,279.0894317048853,90.77765749406342,48.09,45.32,47.68,13063246.0,4332515.0,217.667,104.06700000000001,4.6,74.73,146.167,141.167,93.26700000000001,18.99733333,100.45,134.9,4.5,6.1,103.1,162.2,18225.0,36407.0,100.1,76770.0,77.8,77.8,1655.2,49.7,1733.0,39.8,489482.30653789005,3176.5,100.4,19.618499257057948,100.62659732540865,59158.0,8493.0,14.1,1.2,6197508.0,59158.0,10197.0,2587.0,26632.73476968797,40893.75482912332,44.2,11213.0
2021-05,46967.741935483864,17.161290322580644,2.0,5.0,2021.0,16.0,1528800.0,2497.0,571.8,456.2,7564.0,40828.0,2401.0,684.0,2969.0,84493735.62,23934524.370000005,33958770.19,26558696.78999999,279.0894317048853,90.77765749406342,48.2,45.32,47.75,13063246.0,4332515.0,168.19400000000005,108.581,4.6,73.42,148.516,132.548,99.03200000000001,17.46483871,100.96,123.4,2.3,4.3,102.9,150.7,15779.0,36407.0,100.1,76770.0,77.8,77.8,1655.2,49.7,1733.0,39.8,489482.30653789005,3176.5,100.4,19.618499257057948,100.62659732540865,59158.0,8493.0,14.1,1.2,6197508.0,59158.0,10197.0,2587.0,26632.73476968797,40893.75482912333,44.2,11213.0
2021-06,47035.714285714275,25.32142857142857,2.0,6.0,2021.0,14.714285714285715,1478020.0,3096.0,571.8,456.2,9339.0,45379.0,3630.0,1032.0,3523.0,528993918.2000001,53156590.22999998,115334197.68999998,360368670.73,279.0894317048853,90.77765749406342,48.6,45.31,47.75,13063246.0,4332515.0,177.1,118.167,4.6,77.4,158.63299999999995,139.6,97.23300000000002,17.65533333,100.63,127.1,14.8,5.8,102.6,132.8,13189.0,36407.0,100.1,76770.0,77.8,77.8,1655.2,49.7,1733.0,39.8,489482.30653789005,3176.5,100.4,19.618499257057948,100.62659732540865,59158.0,8493.0,14.1,1.2,6197508.0,59158.0,10197.0,2587.0,26632.73476968797,40893.75482912333,44.2,11213.0
2021-07,51721.290322580644,26.677419354838708,3.0,7.0,2021.0,16.0,1583703.0,3183.0,574.5999999999998,354.70000000000016,7554.0,49004.0,1667.0,486.0,3116.0,329835007.63999987,30925029.70000001,64638288.95000002,84108880.44999993,310.6872010160164,106.54503228494065,48.77,45.4,47.88,14677899.0,5115227.0,185.167,104.93299999999999,5.2,80.23,150.233,132.6,81.833,17.70466667,100.39,118.8,16.2,4.7,105.6,123.3,12428.0,38666.0,81.9,74681.0,66.4,66.4,1675.8,49.42415940224159,1742.2,44.0,489482.30653789005,3176.5,100.4,19.618499257057948,100.62659732540865,59158.0,8493.0,14.1,1.2,6197508.0,59158.0,10197.0,2587.0,26632.73476968797,40893.75482912333,44.2,11213.0
2021-08,48548.3870967742,24.741935483870968,3.0,8.0,2021.0,16.0,1604906.0,3811.0,574.5999999999998,354.70000000000016,7369.0,54757.0,1802.0,522.0,2953.0,155551224.5700002,60831765.69999999,55168545.5,38959598.840000026,310.6872010160164,106.54503228494065,49.26,45.65,48.09,14677899.0,5115227.0,158.0,121.90299999999999,5.2,81.13,156.387,132.484,107.645,18.16096774,100.07,116.0,13.6,5.4,101.2,112.5,11398.0,38666.0,81.9,74681.0,66.4,66.4,1675.8,49.42415940224159,1742.2,44.0,489482.30653789005,3176.5,100.4,19.618499257057948,100.62659732540865,59158.0,8493.0,14.1,1.2,6197508.0,59158.0,10197.0,2587.0,26632.73476968797,40893.75482912333,44.2,11213.0
2021-09,49141.66666666666,25.7,3.0,9.0,2021.0,15.5,1633298.0,3717.0,574.5999999999998,354.70000000000016,7977.0,58474.0,2476.0,688.0,3047.0,213993761.38999987,85352887.14000002,45760441.44999998,56847356.74000001,310.6872010160164,106.54503228494065,49.04,45.34,48.06000000000001,14677899.0,5115227.0,170.567,112.633,5.2,81.27,157.3,131.5,96.9,19.047,100.39,110.4,13.6,4.7,97.8,105.2,9897.0,38666.0,81.9,74681.0,66.4,66.4,1675.8,49.42415940224159,1742.2,44.0,489482.30653789005,3176.5,100.4,19.618499257057948,100.62659732540865,59158.0,8493.0,14.1,1.2,6197508.0,59158.0,10197.0,2587.0,26632.73476968797,40893.75482912332,44.2,11213.0
2021-10,49826.65517241379,17.310344827586206,4.0,10.0,2021.0,16.0,1751834.0,3497.0,926.5,589.8,8737.0,62664.0,2557.0,707.0,3219.0,365312902.6200001,55356292.43000001,82537272.19999999,77330488.75,299.13280583029683,111.90859955796664,49.43,45.78,48.46,14365853.0,5569691.0,184.80599999999998,104.645,13.6,76.0,149.613,133.194,80.419,17.73516129,101.21,109.7,12.2,5.3,100.1,105.2,9424.0,42824.0,104.4,73419.0,66.8,66.8,1682.4,53.6,1749.1,45.7,489482.30653789005,3176.5,100.4,19.618499257057948,100.62659732540865,59158.0,8493.0,14.1,1.2,6197508.0,59158.0,10197.0,2587.0,26632.73476968797,40893.75482912333,44.2,11213.0
2021-11,51350.0,22.33333333333333,4.0,11.0,2021.0,15.5,1771546.0,3688.0,926.5,589.8,8666.0,65004.0,2622.0,780.0,3251.0,372613087.26,81855035.51999998,96157020.90000004,181323324.88,299.13280583029683,111.90859955796664,49.87,46.18999999999999,49.27,14365853.0,5569691.0,177.1,104.1,13.6,68.8,154.767,140.233,63.333,18.878,101.24,109.4,11.0,5.6,95.4,105.0,8836.0,42824.0,104.4,73419.0,66.8,66.8,1682.4,53.6,1749.1,45.7,489482.30653789005,3176.5,100.4,19.618499257057948,100.62659732540865,59158.0,8493.0,14.1,1.2,6197508.0,59158.0,10197.0,2587.0,26632.73476968797,40893.75482912332,44.2,11213.0
2021-12,52903.22580645161,19.774193548387093,4.0,12.0,2021.0,16.0,1990361.0,4281.0,926.5,589.8,10865.0,70380.0,3434.0,909.0,3709.0,962795469.11,158834303.18000007,317774952.35,446885809.81000006,299.13280583029683,111.90859955796664,50.33,46.55,51.58,14365853.0,5569691.0,160.7,113.4,13.6,73.76,175.1,135.5,83.56700000000002,17.40612903,100.17,117.6,11.5,6.7,111.4,104.1,8335.0,42824.0,104.4,73419.0,66.8,66.8,1682.4,53.6,1749.1,45.7,489482.30653789005,3176.5,100.4,19.618499257057948,100.62659732540865,59158.0,8493.0,14.1,1.2,6197508.0,59158.0,10197.0,2587.0,26632.73476968797,40893.75482912333,44.2,11213.0
2022-01,54200.0,21.33333333333333,1.0,1.0,2022.0,16.5,1848189.0,4352.0,699.1,584.7,5441.0,72428.0,2070.0,540.0,1753.0,27527801.25,6639659.14,1109796.15,19733029.82,253.05302999387882,114.6206968906975,50.67,47.02,52.29,12402129.0,6008799.0,129.774,101.935,1.92,61.4,128.548,123.839,85.12899999999998,17.25580645,101.43,132.4,7.4,3.2,85.4,107.8,7599.0,35727.0,98.8,72546.0,69.1,69.1,1672.5623955431754,48.2,1706.9,43.6,489482.30653789005,3207.354707520891,106.21727019498607,19.618499257057948,100.62659732540865,66437.09025069638,9588.676880222842,6.619732590529248,1.776434540389972,5179841.017270195,66437.09025069638,16449.800557103063,2411.940947075209,26632.73476968797,40893.75482912332,44.644623955431754,10845.494707520893
2022-02,54655.357142857145,35.714285714285715,1.0,2.0,2022.0,14.5,1666087.0,4403.0,699.1,584.7,7967.0,73123.0,2883.0,711.0,2581.0,339749956.88,18940803.02,9139441.21,68609743.96000001,253.05302999387882,114.62069689069752,50.98,47.34,52.45,12402129.0,6008799.0,165.071,102.179,1.92,68.0,173.107,147.107,88.71400000000001,18.37357143,101.07,118.2,9.3,5.2,98.7,103.8,7561.0,35727.0,98.8,72546.0,69.1,69.1,1672.5623955431754,48.2,1706.9,43.6,489482.30653789005,3207.354707520891,106.21727019498607,19.618499257057948,100.62659732540865,66437.09025069638,9588.676880222842,6.619732590529248,1.7764345403899722,5179841.017270195,66437.09025069638,16449.800557103063,2411.940947075209,26632.73476968797,40893.75482912333,44.644623955431754,10845.494707520893
2022-03,54741.93548387097,19.93548387096774,1.0,3.0,2022.0,16.0,1811428.0,3886.0,699.1,584.7,8261.0,68771.0,2897.0,799.0,2823.0,260781535.4725852,38308514.60043421,83080945.16540414,115789231.98922512,253.05302999387882,114.6206968906975,50.84,47.21,52.53,12402129.0,6008799.0,163.0,96.96799999999999,1.92,66.32,159.74200000000005,152.806,80.613,14.36064516,107.31,105.1,9.2,6.5,104.4,101.8,7715.0,35727.0,98.8,72546.0,69.1,69.1,1672.5623955431754,48.2,1706.9,43.6,489482.30653789005,3207.354707520891,106.21727019498607,19.618499257057948,100.62659732540865,66437.09025069638,9588.676880222842,6.619732590529248,1.776434540389972,5179841.017270195,66437.09025069638,16449.800557103063,2411.940947075209,26632.73476968797,40893.75482912333,44.644623955431754,10845.494707520893
2022-04,56261.383928571435,18.571428571428573,2.0,4.0,2022.0,14.928571428571427,1615571.0,3601.0,483.6,431.8,2316.0,68852.0,977.0,227.0,816.0,260781535.4725852,38308514.60043421,83080945.16540416,115789231.98922512,279.52598130841125,103.49250192258395,50.8,47.18,52.12,13708420.0,5382990.0,137.7,98.3,2.1,64.83,109.26699999999998,136.067,83.667,14.206,101.91,103.3,11.8,7.5,88.2,102.8,8358.0,41839.0,102.8,71638.0,72.5,72.5,1672.5623955431754,48.7,1732.3,48.5,489482.30653789005,3207.354707520891,106.21727019498607,19.618499257057948,100.62659732540865,66437.09025069638,9588.676880222842,6.619732590529248,1.7764345403899722,5179841.017270195,66437.09025069638,16449.800557103063,2411.940947075209,26632.73476968797,40893.75482912333,44.644623955431754,10845.494707520893
2022-05,55117.741935483864,22.193548387096772,2.0,5.0,2022.0,16.0,1555996.0,4233.0,483.6,431.8,1880.0,69140.0,983.0,179.0,578.0,260781535.4725852,38308514.60043421,83080945.16540414,115789231.98922512,279.5259813084112,103.49250192258395,50.9,47.27,51.93,13708420.0,5382990.0,122.516,98.96799999999999,2.1,61.23,108.29,125.806,84.065,13.08741935,99.72,96.7,6.1,5.140913577266369,101.7,104.7,8415.0,41839.0,102.8,71638.0,72.5,72.5,1672.5623955431754,48.7,1732.3,48.5,489482.30653789005,3207.354707520891,106.21727019498607,19.618499257057948,100.62659732540865,66437.09025069638,9588.676880222842,6.619732590529248,1.776434540389972,5179841.017270195,66437.09025069638,16449.800557103063,2411.940947075209,26632.73476968797,40893.75482912333,44.644623955431754,10845.494707520893
2022-06,59922.41379310345,23.41379310344828,2.0,6.0,2022.0,15.172413793103447,1405612.0,4354.0,483.6,431.8,3812.0,67469.0,1697.0,318.0,1183.0,260781535.4725852,38308514.60043421,83080945.16540414,115789231.98922512,279.52598130841125,103.49250192258395,50.86,47.24,51.99,13708420.0,5382990.0,134.4,104.03299999999999,2.1,65.0,121.133,125.3,92.06700000000001,14.262,99.47,91.0,11.0,5.4,102.8,106.0,8639.0,41839.0,102.8,71638.0,72.5,72.5,1672.5623955431754,48.7,1732.3,48.5,489482.30653789005,3207.354707520891,106.21727019498607,19.618499257057948,100.62659732540865,66437.09025069638,9588.676880222842,6.619732590529248,1.776434540389972,5179841.017270195,66437.09025069638,16449.800557103063,2411.940947075209,26632.73476968797,40893.75482912333,44.644623955431754,10845.494707520893
2022-07,55716.66666666666,21.4,3.0,7.0,2022.0,15.5,1501438.0,4532.0,674.0999999999998,497.3,5331.0,65890.0,2004.0,375.0,1654.0,260781535.4725852,38308514.60043421,83080945.16540414,115789231.98922512,274.1902793050174,102.57547484449185,50.92,47.28,51.85,12177187.832920792,4740396.5792079205,128.07399999999998,103.704,6.731029529130088,62.29,106.704,121.148,94.074,16.27133333,99.37999999999998,86.7,6.617594511541486,5.988708640034303,103.3,104.6,16810.367647058818,34358.488336714,100.94305273833672,82442.35192697769,74.2698275862069,74.2698275862069,1672.5623955431754,49.42415940224159,1744.6845841784989,31.416835699797158,489482.30653789005,3207.354707520891,106.21727019498607,19.618499257057948,100.62659732540865,66437.09025069638,9588.676880222842,6.619732590529248,1.776434540389972,5179841.017270195,66437.09025069638,16449.800557103063,2411.940947075209,26632.73476968797,40893.75482912332,44.644623955431754,10845.494707520893
2022-08,57833.870967741925,25.41935483870968,3.0,8.0,2022.0,16.0,1538644.0,5552.0,674.0999999999998,497.3,6669.0,64637.0,2109.0,380.0,2065.0,260781535.4725852,38308514.60043421,83080945.16540414,115789231.98922512,274.1902793050174,102.57547484449185,50.92,47.25,52.12,12177187.832920792,4740396.5792079205,137.71,98.54800000000002,6.731029529130088,62.74,109.065,136.806,82.581,13.21290323,99.96,117.0,8.903903688964599,6.527620710880799,100.9,104.3,16810.367647058818,34358.488336714,100.94305273833672,82442.35192697769,74.2698275862069,74.2698275862069,1672.5623955431754,49.42415940224159,1744.6845841784989,31.416835699797158,489482.30653789005,3207.354707520891,106.21727019498607,19.618499257057948,100.62659732540865,66437.09025069638,9588.676880222842,6.619732590529248,1.776434540389972,5179841.017270195,66437.09025069638,16449.800557103063,2411.940947075209,26632.73476968797,40893.75482912333,44.644623955431754,10845.494707520893
2022-09,61511.66666666666,24.066666666666666,3.0,9.0,2022.0,15.5,1504029.0,4754.0,674.0999999999998,497.3,7735.0,64731.0,2802.0,489.0,2287.0,260781535.4725852,38308514.60043421,83080945.16540414,115789231.98922512,274.1902793050174,102.57547484449185,50.8,47.09,52.7,12177187.832920792,4740396.5792079205,123.7,99.96700000000001,6.731029529130088,58.8,108.9,126.53299999999999,85.1,14.70833333,99.84,100.6,11.656569576497136,6.051067560672372,96.3,101.8,16810.367647058818,34358.488336714,100.94305273833672,82442.35192697769,74.2698275862069,74.2698275862069,1672.5623955431754,49.42415940224159,1744.6845841784989,31.416835699797158,489482.30653789005,3207.354707520891,106.21727019498607,19.618499257057948,100.62659732540865,66437.09025069638,9588.676880222842,6.619732590529248,1.776434540389972,5179841.017270195,66437.09025069638,16449.800557103063,2411.940947075209,26632.73476968797,40893.75482912332,44.644623955431754,10845.494707520893
2022-10,58333.33333333334,16.5,4.0,10.0,2022.0,16.0,1665843.2749144298,3361.5999171605395,815.3220867234282,684.0418098972468,9330.485159472293,51158.881867003605,3038.9531434099354,737.5997910542212,3095.8161728806012,384168328.5311065,77946476.76993132,117799096.83449538,125370632.75204366,274.95974337582464,108.98922823037626,51.56082725977984,47.78561427642583,51.42720536811533,13532207.58665784,5647422.554223391,178.75024274469232,105.12831645167091,10.362836558367096,71.47329254109994,147.72872773831986,142.64059125664318,81.87185957723537,17.37097174995509,100.99170270577936,105.14908201833885,12.091964510551849,5.51612493818428,101.36646888578063,107.5473729750242,11040.18097246524,43513.74005118663,103.51424477389796,70044.86383106031,72.53625971553919,72.53625971553919,1672.5623955431754,53.37988800631546,1730.6680969060003,44.47988369065229,498747.047057416,3182.7369938783622,104.73201433449793,20.231532073004104,99.69002008849371,59552.735102749655,8402.563191787563,12.759877003623693,1.4034340511892476,6888148.626328296,62976.512453740346,12709.84975304058,1847.7347286230358,26407.66811355221,44703.58775008692,44.644623955431754,11194.108477640915
2022-11,,,4.0,11.0,2022.0,15.5,1682726.4402998416,3413.1448410485523,815.3219213445607,684.037911217348,9517.721357422375,54512.59996351378,3060.0331701897962,738.0988712136842,3151.393257377235,413580751.63912815,78889137.82532057,124880337.6249003,198317371.7488914,274.9554314656495,108.98906681553278,51.77415494786656,47.984768321391115,51.83183064582759,13528228.663036196,5646063.651564858,168.58383996908742,102.86843348634254,10.355361108918842,68.21714537293265,156.21168974046523,144.4767239464367,72.84797618197506,17.942238673501038,100.94109313182454,107.37891166170313,8.285341877372089,5.653535308672879,98.00722683485485,108.19659473802184,11078.607404034175,43478.92825093625,103.51395603916271,69997.20865366871,72.53625965365904,72.53625965365904,1672.5623955431754,53.375905062269496,1730.6589466484986,44.26554270484769,498743.89886449673,3182.729938069721,104.73190775966215,20.22791894391357,99.68910279091324,59529.74824069714,8397.837357121687,12.652205567291215,1.399823029859373,6881294.954412018,63055.7052831784,12790.623788603842,1852.7699944225953,26407.66676137813,44678.382762532216,44.644623955431754,11193.74335563665
2022-12,,,4.0,12.0,2022.0,15.754098360655734,1896537.9334900074,3866.234448589165,815.3217559426872,684.0340159547835,11172.482796774073,60261.23846732997,3299.997825252631,795.9867681218474,3583.8781113689906,1454252848.3535721,205374932.58072683,334561309.17142546,420031801.2274656,274.9511143589374,108.98890532028351,51.90232879779303,48.15693315072504,53.966138580440386,13524271.898396382,5644713.796846418,154.60467899884978,107.93065861915552,10.34780431952967,72.2059437997668,167.61824351123875,142.03130788322173,82.15167951406585,17.20649892740861,100.7151994304987,109.85262160389674,12.785906928225558,5.815493217292062,111.99776002767081,108.43415526965971,11529.177670397112,43444.44836346114,103.5136670777192,69949.12890857166,72.53625959177838,72.53625959177838,1672.5623955431754,53.37193516106261,1730.649789943657,44.05777038051447,498740.7544118461,3182.7228784397203,104.73180121812901,20.224326294983502,99.68818448698471,59506.6047948029,8393.074092177,12.550697727178704,1.3961529930227308,6874549.75288401,63130.83724431744,12864.939076551014,1857.5814560704703,26407.665409348563,44653.43736455161,44.644623955431754,11193.378941942085
2023-01,,,1.0,1.0,2023.0,16.0,1732338.6582704415,3251.6152131939184,698.5152200160643,551.9493664553528,5295.686021234483,85485.59153098102,1878.741888347772,425.3997309143178,1726.5445495964511,33463248.96911833,6299879.727560281,7390582.509385862,13513393.660856893,251.1872837673509,97.81896941499869,51.62058136282739,47.853976065770254,54.0686786039415,12630829.514362724,5138760.719544998,137.14278575430515,103.11655103265993,2.5203193750883632,63.32908721911116,152.16288546476474,129.74209099774143,81.85122664026571,17.011504054887496,101.18376505840195,107.0540984498196,8.290515747001267,3.7402181572409554,84.17329037387123,110.62937381861202,18046.443058205743,37499.37200409326,98.33290425349287,69185.50270171442,72.58430622991915,72.58430622991915,1664.8011635286093,49.10242175069384,1719.3515567169175,49.36561589071746,496472.8137912385,3172.9942942596613,105.88871799181592,20.91107217862788,99.2889855885793,58074.13968362569,8353.001965049418,24.933102546146607,1.2892713541797958,7397551.478790162,60136.41663065399,10847.278545821026,1584.075122379838,26649.80603232664,45741.37450035568,44.1881418657474,11251.673138705944
2023-02,,,1.0,2.0,2023.0,14.5,1659242.818520567,3042.575965952631,698.5151792503813,551.9443159555375,7675.741482410579,86110.76515294683,2918.309734517984,624.0909172293149,2460.2479884847808,250219159.14291,15597533.61089945,13112452.05572948,62280654.08510295,251.18613672547363,97.81860508753599,51.64491842030427,48.31321898473642,54.18839211899226,12625372.847192705,5136882.872141198,150.69245462008104,103.33565032862131,2.517292635219577,68.06677347906893,153.52789653376456,148.30102106872963,87.52273401049986,17.006977738680867,100.95082540197107,111.13420046548059,8.387298391964187,5.502809349552631,98.74298660436837,111.48270944247518,14546.168330982506,37492.075072631866,98.3327201573163,69128.67109018491,72.58430615924208,72.58430615924208,1664.8011631526751,49.101015982332534,1719.3437293825132,49.20515672167973,496468.65649676893,3172.983072661116,105.88859470073824,20.903333685733408,99.28824431807269,58039.59787379804,8344.278895739042,24.59706306443735,1.285214009242344,7387946.956385696,60224.25019320829,11238.195617756199,1753.8863976773646,26649.80512050251,45717.548615301486,44.18814186578845,11251.051634724825
2023-03,,,1.0,3.0,2023.0,16.0,1725404.1036254494,2985.8311701020148,698.5151384790141,551.9392699094712,8818.184376304547,80807.62584311746,3109.7007308177685,699.6248994765559,2816.2251161612458,128037927.62643358,20193572.15990864,42220493.684937,59937431.54950988,251.18498827234936,97.81824057981468,52.0212210755598,48.8425322073024,53.8939766746695,12619947.781853866,5135017.633755307,172.16864534308368,98.06462815049923,2.514234121857293,68.16678727470894,156.49909820543257,151.20356704140582,80.79756879295401,16.186299588415007,101.22388088619428,107.94184807595005,9.888560160833222,6.2817220610549125,109.190131689552,109.72844443253344,15026.474765704666,37484.83797837692,98.33253591596704,69071.33782207011,72.58430608856433,72.58430608856433,1664.801160369112,49.099614586895584,1719.3358965137406,49.04890939410418,496464.50414409384,3172.971845007717,105.88847144819981,20.89564092678445,99.28750222552392,58004.831437997724,8335.491212369327,24.28124403170899,1.2810916831310517,7378494.952483352,60684.30788073678,11743.79988564131,1867.8426028753136,26649.804208775786,45693.95579158075,44.18814186578857,11250.431356415549
2023-04,,,2.0,4.0,2023.0,15.5,1620900.677263048,3041.284739987253,483.1953958642093,434.0480051673539,6488.6297634801795,80729.5638933226,2113.0459554977897,470.57021725242623,2219.6369383742567,152629803.44511503,19545839.895059507,41615291.34391954,69617653.59804808,274.99664124553834,102.17723239032148,52.288674249567826,49.017090454406535,52.81811837324185,13883246.509599587,5387805.866708904,158.98326484096597,101.88621213721035,3.9780975540523285,68.066650321261,114.10010902088273,142.47658655685154,82.54098589556068,17.00697673413334,101.21372873243787,110.58364811962228,7.6029798702718425,6.0318063198649705,98.27111230234924,111.01627570866566,15990.029014061816,41309.19508590283,99.43552530665801,68474.7944504513,73.58011338389201,73.58011338389201,1663.491714024436,50.27929836574298,1723.751687172491,52.17396962166882,496460.3567244069,3172.9606112945617,105.88834823418264,20.887993497548926,99.28675930956473,57969.83817795736,8326.638194351584,23.98387367169105,1.2769028021667532,7369191.862741921,61649.108481524345,12123.14442423084,1955.8107219774647,26649.80329714644,45670.592626179365,44.18814186578871,11249.812300155965
2023-05,,,2.0,5.0,2023.0,16.0,1554318.0594861445,3436.819709622801,483.19536765289115,434.0470303071289,5151.60828997398,80898.21360508312,1880.7631083477786,462.9031419987867,1809.9325067864893,131755499.59365463,22935216.049210146,35951768.38126931,61360540.28956442,274.99413888526186,102.17692657851536,52.777605269322464,49.205657851174365,53.44439085192528,13881107.407613805,5385122.903919783,129.34343981883364,103.76171360470501,3.974574422745692,68.06658871975057,127.50015394371859,131.7090582932028,82.932359215925,17.006976231826165,100.87126636261893,111.95855702906431,5.826173164049774,3.917067326582184,104.68226896876509,109.04546133489168,15423.782322489204,41260.44042772075,99.43460963775637,68416.8932529445,73.580113294336,73.580113294336,1663.491711200535,50.27325624945384,1723.7386906275174,52.015723193999996,496456.2142289229,3172.9493715167437,105.88822505866864,20.88039099854463,99.286015568824,57934.61586663156,8317.719110342285,23.70338133155464,1.2726457414427297,7360034.195503691,62405.848104768476,12428.732051107681,2028.2273449943566,26649.802385614457,45647.45578201398,44.188141865788815,11249.194462338157
2023-06,,,2.0,6.0,2023.0,15.5,1474835.44099874,4001.6358607423053,483.1953394376387,434.0460562920449,7287.306788032177,78782.69934325825,2569.451121222989,604.6418982069544,2502.8765171085583,390019810.96840256,32411891.86998071,71893591.1024088,204894752.16166463,274.9916334631926,102.17662061483887,52.972661654189466,49.180971703158114,53.869618787857426,13878979.436966885,5382458.517485122,144.1227625677889,107.84076950996159,3.9710111463245283,68.06652710316179,152.66383332205396,131.1564162831074,90.82515079812954,17.00697572949672,100.7702899208008,111.10179989580894,13.78088301089666,5.1473675067245885,102.68939628279112,111.20189142208169,14462.185093835862,41212.1760302407,99.43369325937417,68358.47409949293,73.58011320477921,73.58011320477921,1663.491711326497,50.26723394526586,1723.7256849609696,51.86147317554902,496452.0766488773,3172.938125669348,105.88810192163972,20.872833034969727,99.28527100192736,57899.162247724766,8308.733218041656,9.692655475629145,1.2683188227231041,7351018.567425021,62928.14335735679,12685.323416265723,2090.108952375714,26649.801474179847,45624.541986342774,44.18814186578891,11248.577839368412
2023-07,,,3.0,7.0,2023.0,16.0,1580290.4288183514,4102.873283284146,552.8847225180159,403.74169961011916,8061.521354184645,68423.78580218149,2307.956606459142,525.0009748817612,2513.739702762892,286882000.06233203,41828831.10670986,85438203.09835713,94803947.90857354,282.03040222868094,102.26699837854929,53.02785749683751,49.26490274277965,53.78105912919404,14325053.111703886,5369517.934662172,180.5923548364787,105.76814551827113,4.812626770644362,68.16658954545464,148.66010213838078,145.55005953315364,80.9103603133468,17.006975227144995,100.76019915242348,107.32017150175169,6.380925741669077,4.97429608615488,103.34498186987992,107.71159019016542,15874.964446925025,38534.16901697174,99.89737232047598,67199.6665174681,70.88084266126646,70.88084266126646,1671.6741532117887,52.28039600848493,1726.580768228031,50.420809244006,496447.9439755263,3172.9268737474604,105.88797882307787,20.865319216634344,99.2845256074976,57863.47503520907,8299.67976398775,9.463130556267313,1.2639203122369298,7342141.69930868,63082.634981994845,12906.732446536922,2144.2982040890934,26649.800562842567,45601.848029222376,44.18814186578909,11247.962427667144
2023-08,,,3.0,8.0,2023.0,16.0,1601447.4299647473,4899.2583283684635,552.8845615885486,403.73708138532766,8682.347537728197,75181.12266625332,2436.9117201700437,563.7503351804721,2679.73498483116,304585451.37199694,43979084.747309975,85432642.70014283,126165167.88334842,282.0265666127384,102.2669210520867,53.49811757960043,49.522449343703784,53.92222019114519,14319059.665095622,5366098.37886617,154.38782456688406,117.9955610868328,4.803470582415611,68.16654008284,156.51534771025328,143.15077213265556,96.08182754428492,17.006974724770995,100.18701388032078,116.57595207544495,8.584516484013836,4.913694366041878,100.94393519826015,110.38570966285714,14523.173189274628,38489.88584861345,99.89663120182837,67125.65056077762,70.88084257499348,70.88084257499348,1671.6741533376917,52.275818280723314,1726.5702875748816,50.169042730280076,496443.81620014686,3172.9156157461553,105.88785576296513,20.85784915789345,99.28377938415426,57827.5519128332,8290.557983345827,9.251101522167193,1.2594484183618615,7333400.412127137,63227.74286119505,13101.518476465108,2192.5803403626674,26649.799651602607,45579.37076200876,44.188141865789184,11247.3482236688
2023-09,,,3.0,9.0,2023.0,15.5,1629777.9291743047,4765.935495584089,552.8844006367078,403.7324672438887,8844.710840858701,75148.83641291136,3335.765056156089,700.2491471792198,2693.561993032188,289405099.40879637,84550256.64534397,83159979.7856073,126088259.43033075,282.02272632938127,102.26684368684721,53.245129105423935,49.17260579231435,53.822263902211816,14313100.336261032,5362703.260876345,154.78775431712037,108.5275346804866,4.794226573384465,68.16649060809597,148.58733584907645,144.23895407843798,94.31210161443279,17.006974222374712,100.5592640587692,109.8858249245348,12.655383418745025,4.873511083178143,96.34193068456926,109.25669177284985,13217.161489837184,38446.041360303796,99.89588950558914,67050.99811509052,70.88084248871971,70.88084248871971,1671.6741507378754,52.27125520305011,1726.559799527002,49.92444963352547,496439.6933140367,3172.9043516605047,105.88773274128343,20.8504224775809,99.28303233051388,57791.39053362116,8281.367099692985,9.054641343125695,1.254901289190924,7324791.623226702,63364.390015428195,13275.382784410425,2214.2472641495606,26649.798740459966,45557.107095900916,44.1881418657893,11246.735223821814
2023-10,,,4.0,10.0,2023.0,16.0,1664046.0707947654,3773.030348477398,814.6396616938905,687.5937717061508,10233.367376761118,59283.451129023524,3483.046750312696,765.7820850348164,3088.3761452282647,425952722.9051396,89206612.29502678,121117872.90467715,136439843.50302008,272.9212076331777,108.66121699827872,53.673349885840814,49.716855230259206,53.71245149353056,13937830.383872082,5853496.616970729,188.4853979940313,106.30943916561165,9.583284202026539,71.36765207735087,154.12169266323954,149.20521711991591,80.76254021277872,17.366344454089248,101.13223741975663,106.67838220438145,11.655611368735304,5.2539715020579925,101.41060399704544,109.70397998324692,12345.01538003946,45594.9672206422,103.0231201270158,65747.10035837625,72.53233892308894,72.53233892308894,1672.672428376085,54.36545080725566,1723.2446587621448,50.08692706900445,502264.50254797935,3172.312173224695,104.92713072306036,20.868054817743094,99.01964177990007,56851.4158716644,7933.594486135775,15.691071346796868,1.2240385688065205,7458415.982330314,62143.48395537043,12272.806416886657,1719.648697121825,26424.58697758023,47104.207723829095,44.188141865789454,11319.75037400252
2023-11,,,4.0,11.0,2023.0,15.5,1680910.8584557485,3826.6663027267177,814.6394488509575,687.5883164596811,10431.354389242024,63056.70055146861,3501.827195711804,766.2107257014601,3143.818146887903,458160153.4737684,90149889.48374511,128390374.07827333,215699298.0567971,272.9156674668306,108.6609737841827,53.88819996172328,49.91754863125819,54.126559430714615,13932721.816099767,5851463.54238316,177.72382711941822,104.02308523623509,9.571456949537053,68.11630520802535,162.94746418636674,151.10044940248937,71.85980979121982,17.937459096913386,101.08154113352668,108.93875220173132,7.985453490664615,5.3837831252857615,98.04989777888676,110.36260083722088,12375.212976068882,45550.23465678929,103.02263850699772,65680.29633476607,72.53233884355122,72.53233884355122,1672.6724274727167,54.35988038209381,1723.2328933425647,49.787558855182716,502259.266116901,3172.302294278555,104.92699366248837,20.862663821902537,99.01835477322504,56819.22589479043,7926.94225672482,15.50407153187696,1.2189625731700853,7447091.390360348,62233.54662231048,12356.25068302692,1725.52038345829,26424.58472129,47066.96015742914,44.18814186578957,11319.26375121046
2023-12,,,4.0,12.0,2023.0,16.0,1894491.4752052568,4329.96823990123,814.6392359784164,687.5828659942175,12236.449964389629,69584.58359266222,3770.7728497524877,826.2074721495419,3575.2616964542212,1609609641.6718893,234345840.26957652,343942916.1147759,456579395.5509304,272.9101206229399,108.6607304488722,54.0144206592041,50.09015905432639,56.34657633755278,13927641.683604036,5849443.919195341,162.94906803188826,109.14099943454106,9.559499299612792,72.0991941506192,174.81998520466541,148.51813692227452,81.03604937694239,17.201915240467482,100.8553168804645,111.44646709202593,12.321720246757724,5.536905683450266,112.0465204805098,110.60130176073177,12865.483489732293,45505.92821354173,103.02215650870272,65612.89621949705,72.53233876401279,72.53233876401279,1672.672528035575,54.354328109851856,1723.2211196324256,49.49731993013042,502254.0359041362,3172.2924099815727,104.92685664474388,20.857303221092838,99.01706635215253,56786.81638510856,7920.236617967354,15.327524219045724,1.213803380249086,7435944.978112891,62319.27991825143,12433.368386802505,1731.1570014278216,26424.582465240903,47030.09282376288,44.188141866358414,11318.778071524963
2024-01,,,1.0,1.0,2024.0,16.0,1730469.2110272555,3637.7690164923993,697.9304400321288,554.811708069191,5796.0290318517245,98543.18306196199,2143.6128325216573,441.49966364289736,1722.3927327952676,37006559.84639793,7178237.486747041,7597342.505847817,14680749.775028272,249.32153754082302,97.52435424547348,53.71410848376989,49.76863475436034,56.444904805255355,13006617.817235267,5324578.626059998,144.5115715086103,104.27182654898986,2.327092500117817,63.235449625481536,158.67726124272062,135.64518199548286,80.73841735010589,17.006972212566758,101.32451807008238,108.60546459975944,7.98861889640152,3.5603272358614317,84.20993556080684,112.836717273265,20118.13166984689,39271.744008186535,97.86580850698576,64874.33693561925,72.58038278739895,72.58038278739895,1663.908907694291,50.00484350138768,1711.9687422892237,55.39842383607621,499968.0674179127,3162.592867824575,106.08589748976988,21.56384022328485,98.62017972016459,55409.67460453212,7880.2023580593,30.349653819219927,1.1190284722397277,7997573.218185242,59374.065449167094,10487.760022758648,1477.223673053394,26666.8772949653,48165.18433597186,43.59926060744281,11377.607766447132
2024-02,,,1.0,2.0,2024.0,15.0,1657452.0913607553,3400.363948928947,697.9303585007625,554.8053949444219,8395.289778892695,99098.53030589367,3324.9646017769755,647.6363758439721,2454.330651313041,276482281.46721333,17747235.61119927,13478434.663594218,67622322.38765442,249.3192434570685,97.52391705251827,53.73237763045641,50.239828477104616,56.56118949198967,13000069.816631244,5322074.829521598,158.75318193012154,104.49230065724258,2.323056846959436,67.96611839971166,160.07734480064684,155.0230316030944,86.3314680209997,17.00244700158295,101.09123810295664,112.74275058185076,8.080947587946278,5.237079132736844,98.78597320873672,113.703386803094,16200.210413728133,39257.15014526373,97.8654403146326,64798.561453579874,72.58038269905259,72.58038269905259,1663.9089074988442,50.00203196466506,1711.9583058433511,55.1577350825196,499961.8314762083,3162.578840826395,106.08574337592279,21.554167107166762,98.61906781440472,55366.49734224755,7869.73467488685,29.845594596656017,1.113618678989792,7983166.434578543,59471.20770505858,10870.122502443053,1636.6132782599514,26666.875471317042,48129.445508390585,43.59926060748991,11376.861961669787
2024-03,,,1.0,3.0,2024.0,16.0,1723541.8048339325,3333.538962627518,697.9302769580282,554.799087386839,9638.421251565456,92844.251686235,3538.051096226653,725.9373492148343,2809.4502323224915,141360322.520542,22945112.724885795,43396178.41867125,65041645.65934651,249.3169465508199,97.52347964325271,54.1168316133397,50.7837983109536,56.245302232892676,12993559.738224635,5319587.845007074,181.3372906861673,99.1612563009985,2.3189788291430578,68.06597187442235,163.15164730814888,158.03135056210868,79.69658979136379,16.18198738801876,101.36465706343313,109.50231009493756,9.526272192999864,5.977152576318643,109.23766461193995,111.91055554066679,16719.093457130835,39242.67595675384,97.86507183193413,64722.117096093476,72.5803826107054,72.5803826107054,1663.9089060590632,49.99922917379115,1711.9478620183206,54.923364091156294,499955.6029471957,3162.5648062596465,106.0855893102498,21.54455115848056,98.61795467558152,55323.03929749717,7859.189454843192,29.371866047563486,1.1081222441747351,7968988.4287250275,59935.719606770406,11363.644147538509,1744.0204030262246,26666.873647863587,48094.056272809474,43.599260607490045,11376.117627698664
2024-04,,,2.0,4.0,2024.0,15.5,1619151.0158945718,3392.0463199830047,482.7907917284185,436.2960103347077,7087.537204350226,92607.1277866452,2400.807444372238,488.2127715655327,2214.2961729678204,168374472.44013804,22179219.958824385,42771440.55522606,75504449.96073075,272.95024601586493,101.8692589345038,54.38801137435174,50.958863068008185,55.114157830989114,14293246.764399385,5580883.83338613,167.41233105120747,103.02451517151295,3.6671463310784937,67.96597061034213,118.93321804176544,148.88617311370302,81.41497179112137,17.00244579612592,101.35447447892548,112.18037774354671,7.32357584432621,5.738167583837964,98.31389037793652,113.22034463583208,17774.434816874174,43238.83410308339,98.9626303679896,64140.39260060173,73.57613606067041,73.57613606067041,1663.2316072154645,51.199122957178716,1716.342024606989,58.36095443250324,499949.3818176654,3162.550764118202,106.08543529272829,21.534991871936153,98.61684030164278,55279.29772244669,7848.565833221899,28.92581050753658,1.1025370695556709,7955033.794112883,60898.70060409762,11735.208799255097,1827.2485744495964,26666.871824604903,48059.0115247074,43.599260607490216,11375.374760187156
2024-05,,,2.0,5.0,2024.0,16.0,1552640.1189722891,3829.426279497069,482.7907353057824,436.29406061425766,5623.477719965306,92656.42721016624,2134.0174777970387,480.2041893317155,1805.5766757153194,145231020.41838557,25990933.72901269,36948267.47690397,66512817.80547729,272.9464924754501,101.86887666974616,54.88950658665308,51.14848677676155,55.75926902231032,14290038.11142071,5577530.12989973,136.1708796376673,104.9198920058813,3.6618616341185377,67.96589668852961,132.8818719249581,137.6121165864056,81.79971843185001,17.002445193357314,101.01151963514269,113.57319628633041,5.611407796859728,3.7256009898732754,104.72783621095631,111.20682666861455,17129.138786987045,43180.3285132649,98.9615315653076,64063.19100392599,73.5761359532032,73.5761359532032,1663.231605754845,51.191570311817294,1716.3264287530205,58.12358479099999,499943.1680744394,3162.536714395929,106.08528132333578,21.52548874818079,98.61572469053169,55235.269833289465,7837.862932410739,28.505071997331964,1.0968609885903058,7941297.293255536,61656.156204248335,12035.511167007815,1896.0077271431703,26666.870001540963,48024.30625845931,43.59926060749033,11374.633354805786
2024-06,,,2.0,6.0,2024.0,15.5,1473243.16149811,4454.453791113457,482.7906788752775,436.29211258408964,7949.742384042902,90096.3986865165,2911.6014949639857,627.1702778483452,2496.85182053027,429572648.1860832,36682792.7933076,73881721.42889056,221979658.9219976,272.94273434234617,101.86849421515056,55.085323308378925,51.11645755473717,56.19452348482179,14286846.15545033,5574199.646856403,151.69701675705187,109.04335934661543,3.6565167194867927,67.96582274862307,159.0851110960719,137.01283256621477,89.5833015962591,17.002444590561975,100.91038656106771,112.70215987497072,13.271324516344993,4.894735013449176,102.73409442418671,113.40236427760212,16046.622112603038,43122.411236288826,98.960431911249,63985.29879932393,73.57613584573504,73.57613584573504,1663.2316058199794,51.184042431582355,1716.3108219531632,57.892209763323535,499936.9617043709,3162.5226570866857,106.08512740204964,21.51604129371216,98.61460784018674,55190.95280965594,7827.079861649988,11.623540634172196,1.0910917636308055,7927773.851137533,62181.91796166131,12288.453251370142,1954.9626317739155,26666.868178671717,47989.9355649525,43.599260607490464,11373.893407242098
2024-07,,,3.0,7.0,2024.0,16.0,1578584.143227527,4562.809924926219,552.4216670216191,405.830039532143,8788.825625021573,78133.67870327222,2611.913212918284,544.5014623226419,2507.687643315469,315731577.72977614,47280731.81006479,87795461.03131011,102654512.22809803,279.9277533389012,101.95852191260674,55.13571499367502,51.19735411416949,56.09382391149255,14745000.334044665,5560231.921594605,190.0418544613913,106.94652735769483,4.4289462189472175,68.06572471285448,154.8911361845077,152.02508929973047,79.80281375112907,17.002443987739913,100.90026553656462,108.86420580210199,6.144256971796661,4.729155303385856,103.38996373975988,109.83948773770678,17598.44667038754,40313.402820366086,99.42171540059496,62877.583146835124,70.87701119351975,70.87701119351975,1667.4638971614625,53.23247487723271,1719.150960285039,56.22774565867465,499930.7626943443,3162.5085921843256,106.08497352884736,21.506649020792928,98.61348974854208,55146.343794011336,7816.2157167852965,11.317507408356414,1.085227082982573,7914458.5489630215,62344.08329639342,12507.36730457594,2006.7554158935252,26666.866355997157,47955.89462927191,43.59926060749064,11373.154913200571
2024-08,,,3.0,8.0,2024.0,16.0,1599718.144947121,5443.387492552694,552.4214739062584,405.8244976623931,9459.817045273836,85725.24533250667,2754.367580255066,584.6255027707082,2673.281981797392,334960781.1159959,49649654.89418574,87784340.23488154,136541103.7774717,279.9226391843111,101.95836725968157,55.61764697450055,51.458674015555665,56.2327752389315,14737808.198114745,5556128.454639403,162.4310994225121,119.308951358541,4.417958793072715,68.06566288458615,163.05279694700437,149.49554426531108,94.76510339237991,17.002443384891105,100.32626735040098,118.25114249053397,8.265129279063077,4.6705415490628175,100.9878703965203,112.56285159542857,16085.759783911943,40260.26301833614,99.42078900228545,62785.06320097202,70.8770110899922,70.8770110899922,1667.463897226582,53.22637124021722,1719.1378594686014,55.89205697370676,499924.5710312752,3162.4945196826948,106.08481970370642,21.497311447366823,98.61237041352707,55101.439891041504,7805.269580014991,11.034802029556255,1.0792645578158155,7901346.618190708,62496.77053182467,12700.51302201895,2053.0447123451813,26666.864533517248,47922.17872845149,43.599260607490756,11372.417868402556
2024-09,,,3.0,9.0,2024.0,15.5,1628017.8937614572,5290.403243376134,552.4212807640497,405.81896069266645,9630.853009030445,85566.67282582275,3765.647584234135,726.0989766150636,2687.074391638626,318028663.34500754,95336095.92441276,85443878.85080971,136387286.8714364,279.9175188065017,101.95821252920254,55.3476936581359,51.0889086884715,56.12032987776476,14730657.00351324,5552054.313051615,162.81700575616046,109.73441835060824,4.406865982235341,68.06560104115611,154.77211446543532,150.60843111765703,93.0181524216492,17.00244278201557,100.69901874502558,111.46298990944176,12.183075128117535,4.631348110904191,96.38386136913854,111.40803012741979,14626.593787804617,40207.64963236456,99.41986188198645,62691.747643863164,70.87701098646365,70.87701098646365,1667.463895881854,53.22028713665296,1719.1247494087525,55.56593284470061,499918.38670211006,3162.480439575632,106.08466592660429,21.488028096976127,98.6112498330665,55056.23816702647,7794.240519631581,10.772855124167595,1.0732017189212322,7888433.434840052,62640.89612082855,12873.391620215549,2074.4203876094098,26666.86271123195,47888.783229289715,43.59926060749088,11371.682268586177
2024-10,,,4.0,10.0,2024.0,16.0,1662248.866675101,4184.460779794254,813.9572366643525,691.145733515055,11136.249594049941,67408.02039104344,3927.1403572154577,793.9643790154117,3080.936117575929,467737117.2791728,100466747.82012224,124436648.97485895,147509054.25399652,270.8826718905308,108.33320576618121,55.78587251190178,51.64809618409258,55.9976976189458,14343453.181086322,6059570.679718068,198.22055324337032,107.49056187955236,8.803731845685977,71.26201161360186,160.51465758815908,155.76984298318868,79.65322084832206,17.361717158223406,101.27277213373397,108.20768239042404,11.21925822691875,4.991818065931708,101.4547391083102,111.86058699146963,13649.849787613679,47676.194390097764,102.53199548013365,61449.336885692166,72.52841813063864,72.52841813063864,1667.980245629733,55.35101360819585,1715.8212206182889,55.693970447356605,505781.9580385429,3161.8873525710273,105.12224711162285,21.504577562482087,98.34926347130644,54150.09664057916,7464.625780483987,18.622265689970046,1.0446430864237928,8028683.338332333,61442.587696831884,11905.085456884795,1611.8792505471604,26441.50584160825,49504.82769757127,43.59926060749106,11445.392270364126
2024-11,,,4.0,11.0,2024.0,15.5,1679095.2766116557,4240.1877644048855,813.9569763573546,691.1387217020143,11344.987421061674,71600.80113942343,3943.6212212338105,794.3225801892359,3136.2430363985704,502739555.3084087,101410641.14216964,131900410.53164636,233081224.36470282,270.8759034680117,108.33288075283262,56.00224497557998,51.85032894112527,56.42128821560164,14337214.969163336,6056863.433201463,186.86381426974896,105.17773698612764,8.787552790155258,68.01546504311803,169.6832386322683,157.724174858542,70.87164340046459,17.93267952032574,101.22198913522884,110.49859274175957,7.685565103957147,5.114030941898647,98.09256872291868,112.5286069364199,13671.818548103594,47621.54106264233,102.53132097483272,61363.384015863405,72.52841803344337,72.52841803344337,1667.980245162471,55.343855701918116,1715.8068400366308,55.30957500551778,505774.6333693054,3161.8746504873875,105.12207956531456,21.4974086998915,98.3476067555368,54108.70354888374,7456.047156327952,18.3559374964627,1.0381021164807975,8012887.826308678,61540.086484061736,11989.873184154716,1618.1900869942817,26441.502681201866,49455.53755232605,43.59926060749118,11444.784146784275
2024-12,,,4.0,12.0,2024.0,16.0,1892445.016920507,4793.702031213295,813.9567160141455,691.1317160336514,13300.41713200519,78907.92871799442,4241.5478742523455,856.4281761772362,3566.645281539452,1764966434.9902058,263316747.95842624,353324523.05812633,493126989.87439513,270.8691268869424,108.33255557746092,56.12651252061516,52.023384957927725,58.72701409466516,14331011.468811693,6054174.041544264,171.29345706492666,110.35134024992657,8.77119427969592,71.99244450147162,182.02172689809188,155.00496596132734,79.92041923981894,17.197331553526347,100.9954343304303,113.04031258015509,11.857533565289893,5.258318149608471,112.09528093334877,112.76844825180382,14201.789309067475,47567.408063622315,102.53064593968622,61276.663530422455,72.52841793624721,72.52841793624721,1667.9802971776662,55.33672105864108,1715.7924493211942,54.93686947974637,505767.31739642646,3161.8619415234252,105.12191207135878,21.490280147202178,98.34594821732034,54067.02797541423,7447.399143757709,18.104350710912744,1.0314537674754414,7997340.203341773,61633.11797595709,12068.48056778594,1624.2666480727387,26441.499521133253,49406.74828297415,43.59926060814362,11444.177201107845
2025-01,,,1.0,1.0,2025.0,16.0,1728599.763784069,4023.922819790877,697.3456600481929,557.6740496830291,6296.3720424689645,111600.77459294301,2408.4837766955434,457.5995963714769,1718.2409159940844,40549870.72367751,8056595.245933803,7804102.502309771,15848105.88919965,247.4557913142952,97.22973907594832,55.807635604712345,51.68329344295041,58.821131006569175,13382406.120107813,5510396.532574997,151.8803572629154,105.4271020653198,2.1338656251472714,63.14181203185192,165.1916370206765,141.54827299322426,79.6256080599461,17.002440370246028,101.46527108176276,110.15683074969931,7.686722045801772,3.3804363144819094,84.24658074774246,115.04406072791805,22189.820281488042,41044.11601227978,97.39871276047865,60563.17116952405,72.57645934487873,72.57645934487873,1659.7005892001325,50.9072652520815,1704.5859278615292,61.431231781434924,503463.3210445869,3152.1914413894897,106.28307698772386,22.216608267941822,97.95137385174992,52745.209525438564,7407.402751069185,35.766205092293234,0.9487855902996594,8597594.957580322,58728.002373318566,10183.082010217007,1386.6712115538608,26683.94855760396,50588.99417158805,42.99092598953954,11503.542394188318
2025-02,,,1.0,2.0,2025.0,14.5,1655661.3642009443,3758.151931905262,697.3455377511438,557.6664739333063,9114.838075374812,112086.29545884047,3731.619469035968,671.1818344586296,2448.4133141413004,302745403.7915166,19896937.61149908,13844417.271458955,72963990.6902059,247.45235018866336,97.22922901750059,55.81983684060855,52.166437969472845,58.933986864987105,13374766.786069784,5507266.7869019965,166.81390924016208,105.64895098586392,2.128821058699295,67.86546332035438,166.62679306752912,161.74504213745922,85.14020203149954,16.997916264485035,101.2316508039422,114.35130069822092,7.774596783928374,4.9713489159210535,98.82895981310509,115.92406416371279,17854.252496473753,41022.225217895604,97.39816047194887,60468.451816974855,72.57645923886311,72.57645923886311,1659.7005889175634,50.9030479469976,1704.5728823041886,61.11031344335945,503455.0064556478,3152.1746089916737,106.28289205110737,22.20500052860011,97.94989131073672,52693.39681069706,7395.190454034657,35.09412612887469,0.94202334873724,8578385.91277139,58831.58507941951,10557.486899341535,1537.003307057716,26683.945822131576,50541.342401479655,42.990925989587524,11502.672288614756
2025-03,,,1.0,3.0,2025.0,16.0,1721679.5060424153,3681.2467551530212,697.3454154370422,557.6589048642069,10458.658126826369,104880.87752935248,3966.401461635537,752.2497989531122,2802.6753484837373,154682717.41465038,25696653.28986296,44571863.1524055,70145859.76918313,247.44890482929043,97.22871870669071,56.2124421511196,52.725064414604795,58.59662779111586,13367171.694595413,5504158.056258841,190.50593602925102,100.25788445149776,2.1237235364288223,67.96515647413574,169.8041964108651,164.85913408281166,78.5956107897736,16.177675187622516,101.50543324067198,111.06277211392504,9.163984225166512,5.672583091582369,109.28519753432795,114.09266664880018,18411.712148557,41000.51393513075,97.3976077479012,60372.89637011688,72.57645913284652,72.57645913284652,1659.7005868290437,50.898843760686724,1704.559827522901,60.79781878820837,503446.70175029757,3152.1577675115755,106.28270717229977,22.193461390176676,97.94840712563915,52641.2471569966,7382.887697317058,34.462488063417986,0.9351528052184188,8559481.904966703,59298.47660694667,11040.032903048563,1638.615559241358,26683.9430869514,50494.156754038166,42.99092598958764,11501.803898981774
2025-04,,,2.0,4.0,2025.0,15.5,1617401.354526096,3742.807899978755,482.3861875926278,438.5440155020616,7686.44464522027,104484.6916799678,2688.568933246686,505.85532587863923,2208.955407561385,184119141.43516105,24812600.022589266,43927589.76653256,81391246.32341345,270.9038507861914,101.56128547868609,56.487348499135656,52.90063568160981,57.4101972887364,14703247.019199178,5773961.800063356,175.84139726144898,104.16281820581557,3.3561951081046586,67.86529089942326,123.76632706264816,155.29575967055453,80.28895768668207,16.997914858118502,101.49522022541305,113.7771073674712,7.044171818380578,5.4445288478109575,98.35666845352385,115.42441356299852,19558.84061968654,45168.47312026397,98.4897354293212,59805.99075075216,73.5721587374488,73.5721587374488,1658.7181128519007,52.11894754861447,1708.9323620414875,64.54793924333765,503438.40691092383,3152.1409169418425,106.28252235127395,22.18199024632338,97.94692129372083,52588.757266936016,7370.493472092218,33.867747343382106,0.9281713369445884,8540875.725483842,60258.536289774485,11404.265387232665,1717.5736876369588,26683.940352063368,50447.430423235426,42.990925989587815,11500.93722021835
2025-05,,,2.0,5.0,2025.0,16.0,1550962.1784584334,4222.032849371336,482.38610295867363,438.54109092138674,6095.347149956635,104414.64081524935,2387.271847246297,497.50523666464437,1801.2208446441489,158706541.2431165,29046651.40881522,37944766.57253862,71665095.32139018,270.8988460656384,101.56082676097694,57.001407903983704,53.09131570234874,58.07414719269538,14698968.815227613,5769937.3558796765,142.99831945650092,106.07807040705751,3.3491488454913845,67.86520465730865,138.26358990619764,143.5151748796084,80.66707764777505,16.99791415488846,101.1517729076665,115.18783554359648,5.396642429669684,3.5341346531643683,104.77340345314758,113.3681920023375,18834.49525148489,45100.21659880905,98.48845349285887,59709.48875490749,73.57215861207041,73.57215861207041,1658.718110733127,52.10988437418076,1708.914166878524,64.23144638799997,503430.12191995577,3152.124057275115,106.28233758800295,22.170586497816945,97.94543381223934,52535.92379994736,7358.006754479198,33.306762663109275,0.9210762357378824,8522560.391007382,61015.26508771662,11699.35737999277,1782.9767894296222,26683.93761746745,50401.15673490464,42.990925989587936,11500.072247273416
2025-06,,,2.0,6.0,2025.0,15.5,1471650.88199748,4907.271721484609,482.3860183129162,438.53816887613436,8612.177980053626,101410.09802977476,3253.7518687049824,649.6986574897361,2490.827123951981,469125485.40376365,40953693.7166345,75869851.75537232,239064565.6823305,270.89383522149984,101.56036781546221,57.1979849625684,53.05194340631623,58.51942818178615,14694712.873933772,5765940.776227684,159.27127094631484,110.24594918326927,3.342022292649057,67.86511839408436,165.50638887008992,142.86924884932213,88.34145239438863,16.997913451627234,101.05048320133469,114.30251985413251,12.761766021793322,4.642102520173762,102.77879256558222,115.60283713312252,17631.05913137021,45032.646442336976,98.4871705631238,59612.12349915491,73.57215848669087,73.57215848669087,1658.7181108276416,52.100850917898796,1708.8959589453573,63.92294635109805,503421.84675986436,3152.107188504023,106.28215288245957,22.1592495524546,97.9439446784461,52482.74337158714,7345.426505258319,13.554425792715245,0.9138647045385068,8504529.134850044,61542.6909479344,11948.488769047652,1839.1944209453989,26683.934883163598,50355.329143562216,42.990925989588064,11499.208975115778
2025-07,,,3.0,7.0,2025.0,16.0,1576877.8576367025,5022.746566568293,551.9586115252224,407.91837945416677,9516.1298958585,87843.57160436298,2915.869819377426,564.0019497635226,2501.635583868048,344581155.39722013,52732632.51341973,90152718.96426313,110505076.54762256,277.82510444912145,101.65004544666418,57.243572490512534,53.12980548555933,58.406588693791065,15164947.55638544,5750945.90852704,199.49135408630403,108.12490919711857,4.045265667250073,67.96485988025432,161.12217023063462,158.50011906630726,78.69526718891134,16.99791274833482,101.04033192070575,110.40824010245235,5.907588201924251,4.484014520616833,103.43494560963984,111.96738528524813,19321.92889385005,42092.63662376045,98.94605848071396,58555.499776202145,70.87317972577304,70.87317972577304,1664.857374383224,54.18455374598047,1711.7211523420465,62.034682073343326,503413.5814131624,3152.090310621191,106.28196823461685,22.14797882495152,97.94245388958656,52429.21255281362,7332.751669582845,13.171884260445518,0.9065338537282162,8486775.39861736,61710.17435455135,12164.58677955021,1888.7005728501986,26683.93214915176,50309.94122932142,42.99092598958826,11498.347398733998
2025-08,,,3.0,8.0,2025.0,16.0,1597988.8599294943,5987.516656736925,551.9583862239682,407.9119139394586,10237.286552819476,96269.36799876,3071.8234403400884,605.5006703609442,2666.828978763624,365336110.8599949,55320225.04106151,90136037.76962024,146917039.67159495,277.81871175588384,101.6498134672764,57.73717636940064,53.39489868740755,58.54333028671779,15156556.73113387,5746158.530412638,170.47437427814017,120.62234163024915,4.03244700372982,67.96478568633229,169.59024618375548,155.84031639796666,93.44837924047484,16.99791204501122,100.46552082048115,119.92633290562291,7.9457420741123155,4.427388732083756,101.03180559478041,114.73999352799996,17648.346378549257,42030.64018805882,98.94494680274256,58444.47584116642,70.87317960499087,70.87317960499087,1664.8573744776804,54.17692419971113,1711.7054313623223,61.61507121713346,503405.3258624036,3152.073423619233,106.28178364444769,22.136773736840187,97.94096144289983,52375.327869249806,7319.981176684157,12.818502536945319,0.8990806972697695,8469292.824254278,61868.153835351186,12355.65903245833,1933.04779590888,26683.92941543189,50264.9866948942,42.99092598958838,11497.487513136315
2025-09,,,3.0,9.0,2025.0,15.5,1626257.8583486096,5814.870991168179,551.9581608913913,407.9054541414442,10416.99517720218,95984.50923873414,4195.530112312179,751.9488060509076,2680.586790245064,346652227.28121865,106121935.20348155,87727777.91601215,146686314.31254202,277.8123112836221,101.64958137155789,57.450258210847856,53.00521158462867,58.41839585331772,15148213.670765445,5741405.3652268825,170.8462571952006,110.9413020207299,4.019505391086216,67.96471147421627,160.95689308179414,156.97790815687603,91.72420322886556,16.997911341656422,100.83877343128201,113.04015489434872,11.71076683749005,4.389185138630237,96.4257920537078,113.55936848198976,16036.026085772051,41969.257904425314,98.94383425838372,58332.49717263577,70.8731794842076,70.8731794842076,1664.8573725270544,54.16931907025579,1711.6896992905026,61.207416055875775,503397.0800901834,3152.0565274907576,106.28159911192513,22.12563371637135,97.93946733561909,52321.08580043174,7307.113939570178,12.491068905209492,0.8915021486515401,8452075.246453404,62017.53779176962,12527.038261494205,1953.946325881728,26683.92668200393,50220.459362678506,42.99092598958851,11496.629313350539
2025-10,,,4.0,10.0,2025.0,16.0,1660451.6625554366,4595.891211111114,813.2748116348148,694.6976953239589,12039.131811338768,75532.58965306336,4371.233964118221,822.1466729960068,3073.496089923593,509521511.65320593,111726883.3452177,127755425.04504074,158578265.00497293,268.8441361478838,108.00519453408371,57.89839513796278,53.57933713792595,58.28294374436104,14749075.978300566,6265644.742465404,207.95570849270928,108.67168459349308,8.024179489345421,71.1563711498528,166.90762251307873,162.33446884646142,78.5439014838654,17.357089862357565,101.41330684771124,109.73698257646663,10.782905085102199,4.729664629805422,101.49887421957493,114.01719399969238,14954.6841951879,49757.42155955333,102.04087083325147,57151.57341300809,72.52449733818837,72.52449733818837,1665.6063774828506,56.33657640913605,1708.3977824744336,61.30101382570874,509299.4135291064,3151.46253191736,105.31736350018528,22.14110030722108,97.6788851627128,51448.777409493916,6995.657074832198,21.553460033143224,0.8652476040410654,8598950.69433435,60837.58922417015,11587.676687103794,1518.8549979805662,26458.424705636266,51905.44767131345,42.990925989588696,11571.034166725727
2025-11,,,4.0,11.0,2025.0,15.5,1677279.6947675624,4653.7092260830495,813.2745038637516,694.6891269443474,12258.620452881323,80144.90172737825,4385.415246755818,822.4344346770116,3128.6679259092384,547318957.143049,112671392.80059414,135410446.98501936,250463150.6726085,268.8361394691928,108.00478772148256,58.11628998943668,53.783109250992354,58.71601700048869,14741708.122226905,6262263.324019765,196.00380142007972,106.33238873602016,8.003648630773467,67.91462487821069,176.41901307816985,164.34790031459463,69.88347700970937,17.927899943738094,101.36243713693099,112.05843328178774,7.385676717249676,4.844278758511528,98.13523966695057,114.69461303561891,14968.424120138308,49692.84746849538,102.04000344266771,57046.471696960754,72.52449722333554,72.52449722333554,1665.6063768050515,56.32783102174242,1708.3807867306973,60.83159115585282,509290.00062170974,3151.447006696221,105.31716546814077,22.13215357788047,97.67685873784859,51398.181202977044,6985.152055931084,21.20780346104845,0.8572416597915099,8578684.262257008,60940.43329607798,11673.0569418267,1525.3787617399985,26458.42064111373,51844.114947222966,42.99092598958882,11570.304542358079
2025-12,,,4.0,12.0,2025.0,16.0,1890398.558635756,5257.43582252536,813.2741960498746,694.6805660730855,14364.384299620748,88231.27384332662,4712.3228987522025,886.6488802049307,3558.0288666246825,1920323228.3085234,292287655.647276,362706130.0014768,529674584.19786006,268.828133150945,108.00438070604963,58.23860438202622,53.95661086152907,61.10745185177753,14734381.254019348,6258904.1638931865,179.63784609796508,111.56168106531209,7.982889259779041,71.88569485232405,189.22346859151853,161.4917950003801,78.80478910269547,17.192747866585222,101.13555178039611,114.63415806828422,11.393346883822062,4.979730615766675,112.14404138618777,114.9355947428759,15538.095128402658,49628.88791370291,102.03913537066973,56940.43084134785,72.52449710848165,72.52449710848165,1665.6064522570816,56.31911400743032,1708.3637790099624,60.37641902936232,509280.5988887168,3151.4314730652777,105.31696749797369,22.12325707331152,97.67483008248816,51347.23956571988,6974.561669548063,20.881177202779764,0.8491041547017968,8558735.428570652,61038.73746577585,11752.400361849728,1531.6740123631446,26458.4165770256,51783.4037421854,42.99092599025354,11569.576330690725
