year_month,avg_salary,count_in_day,quarter,month,year,split,Полный_плановый_объем_потребления_электроэнергии_month,Предложения_новостроек_month,Всего_введено_зданий_quarter,"Жилые_здания,_жилые_помещения_и_т.п._quarter",Ипотека_всего_в_деньгах_month,Ипотека_по_ДДУ_в_деньгах_month,Ипотека_по_ДДУ_в_количестве_выданных_кредитов_month,Ипотека_всего_в_количестве_выданных_кредитов_month,Коммунальное_хозяйство_-_всего_накопительный_итог_на_начало_месяца_-_собирается_month,"из_них_Закупка_товаров,_работ_и_услуг_для_обеспечения_государственных_муниципальных_нужд_month",из_них_Капитальные_вложения_в_объекты_государственной_муниципальной_собственности_month,из_них_Иные_бюджетные_ассигнования_собирается_month,Оценка_объема_потребеления_безина_quarter,Оценка_объема_потребеления_ДТ_quarter,Цена_на_92_бензин_розничные_цены_month,Цена_на_95_бензин_розничные_цены_month,Цена_на_ДТ_розничные_цены_month,Розничная_продажа_бензинов_автомобильных_в_деньгах;_накопительный_итог_quarter,Розничная_продажа_Дизельное_топливо_в_деньгах;_накопительный_итог_quarter,автоуслуги_по_тратам_потребителей_-_Тинькофф_индекс_month,топливо_потратам_потребителей-Тинькофф_индекс_month,Аренда_складской_недвижимости_month,Аренда_торговой_недвижимости_month,Аренда_офисной_недвижимости_month,Продажа_складской_недвижимости_month,Продажа_торговой_недвижимости_month,Продажа_офисной_недвижимости_month,из_нежилых_коммерческие_здания_quarter,из_коммерческих_торговые_площади_quarter,Индекс_потребительской_активности_-_Сбериндекс_month,дом_и_ремонт_по_тратам_потребителей_-_Тинькофф_индекс_month,медуслуги_по_тратам_потребителей-Тинькофф_индекс_month,рестораны_по_тратам_потребителей-Тинькофф_индекс_month,Доля_онлайн_платежей_в_безналичных_тратах_населения_month,Республика Башкортостан_Индекс потребительских цен на товары и услуги,Республика Башкортостан_Индекс промышленного производства (по месяцам),Республика Башкортостан_Коэффициент ликвидации организаций (по месяцам),Республика Башкортостан_Коэффициент рождаемости организаций на организаций по субъектам Российской Федерации,Республика Башкортостан_Оборот розничной торговли (в % к пред месяцу),Республика Башкортостан_Объем платных услуг населению,Республика Башкортостан_Численность зарегистрированных безработных (по месяцам),Республика Башкортостан_Cреднедушевые денежные доходы,Республика Башкортостан_Индекс производства продукции сельского хозяйства (поквартально),Республика Башкортостан_Количество организаций,Республика Башкортостан_Уровень безработицы (по методологии МОТ),Республика Башкортостан_Численность безработных (МОТ),Республика Башкортостан_Численность занятых (по обследованиям),Республика Башкортостан_Численность принятых работников (по кварталам),Республика Башкортостан_Численность рабочей силы,Республика Башкортостан_Численность требуемых работников на вакантные рабочие места,Республика Башкортостан__ВРП на душу населения,Республика Башкортостан__Численность населения на январ,Республика Башкортостан_Динамика инвестиций в ОК (%),Республика Башкортостан_Доля инвестиций в ОК к ВРП,Республика Башкортостан_Индекс физического объема ВРП,Республика Башкортостан_Количество активных предприятий,Республика Башкортостан_Количество умерших предприятий,Республика Башкортостан_Коэффициент миграционного прироста,Республика Башкортостан_Коэффициент напряженности на рынке труда,Республика Башкортостан_Наличие основных фондов,Республика Башкортостан_Показатели предпринимательской активности _акти,Республика Башкортостан_Показатели предпринимательской активности _рос,Республика Башкортостан_Показатели предпринимательской активности _уга,Республика Башкортостан_Потребительские расходы в среднем на душу населения,Республика Башкортостан_Потребность в работниках,Республика Башкортостан_Степень износа ОФ,"Республика Башкортостан_Численность обучающихся (квалиф рабочие, служащие)"
2018-01,34922.32142857143,14.285714285714285,1.0,1.0,2018.0,17.5,2132567.90921519,7933.062684365783,517.0,385.0,4873.0,1342.0,710.0,3079.0,23421001.0,10355770.76,12478824.42,586405.56,305.60714753205036,88.95439893854096,37.26078431372539,40.22328767123275,40.29469696969699,11828326.0,3583377.0,156.7612427002786,128.13426617891568,240.3531094619665,1334.434843922652,1194.006535842541,23577.637443370168,74414.83040745856,71560.84674723758,48.1,8.8,64.3711424042272,156.08759631024097,146.39528212767513,101.06803813908884,15.676822336453315,100.07,101.6,15.8,6.7,70.9,98.5,21441.0,25149.0,99.5,82031.0,105.4,105.4,1849.9,41.8,1955.3,12.9,428715.6,4063.3,92.4,15.4,103.2,62756.0,7759.0,-21.83,2.1,3380216.0,62756.0,11046.0,2759.0,25043.0,42943.0,48.8,27744.0
2018-02,38241.07142857143,16.0,1.0,2.0,2018.0,14.5,2132567.90921519,7933.062684365783,517.0,385.0,6139.0,1542.0,848.0,3794.0,17006466.0,7289861.119999999,7280470.700000001,2436134.88,305.60714753205036,88.95439893854096,37.17012195121948,40.17804878048776,40.253977272727326,11828326.0,3583377.0,156.7612427002786,128.13426617891568,240.3531094619665,1334.434843922652,1194.006535842541,23577.637443370168,74414.83040745856,71560.84674723758,48.1,8.8,64.3711424042272,156.08759631024097,146.39528212767513,101.06803813908884,15.676822336453315,100.36,99.1,9.0,9.4,90.7,99.6,22500.0,25149.0,99.5,82031.0,105.4,105.4,1849.9,41.8,1955.3,12.9,428715.6,4063.3,92.4,15.4,103.2,62756.0,7759.0,-21.83,2.1,3380216.0,62756.0,11046.0,2759.0,25043.0,42943.0,48.8,27744.0
2018-03,42353.44827586207,17.24137931034483,1.0,3.0,2018.0,15.89655172413793,2132567.90921519,7933.062684365783,517.0,385.0,7403.0,1921.0,1038.0,4456.0,29012625.0,16549946.239999998,9766882.509999998,2695796.1,305.60714753205036,88.95439893854096,37.19629629629626,40.19756097560969,40.30123456790129,11828326.0,3583377.0,156.7612427002786,128.13426617891568,240.3531094619665,1334.434843922652,1194.006535842541,23577.637443370168,74414.83040745856,71560.84674723758,48.1,8.8,64.3711424042272,156.08759631024097,146.3952821276751,101.06803813908886,15.676822336453315,100.22,98.7,8.8,9.0,100.3,99.3,21841.0,25149.0,99.5,82031.0,105.4,105.4,1849.9,41.8,1955.3,12.9,428715.6,4063.3,92.4,15.4,103.2,62756.0,7759.0,-21.83,2.1,3380216.0,62756.0,11046.0,2759.0,25043.0,42943.0,48.8,27744.0
2018-04,40858.333333333336,16.233333333333334,2.0,4.0,2018.0,15.5,2132567.90921519,7933.062684365783,576.9000000000002,543.6,7391.0,1976.0,1069.0,4498.0,49559908.0,21534903.0,24547721.35,3436433.5200000005,350.9920156031881,93.9516935426292,37.73409090909101,40.23355263157894,40.73386727688785,14139282.0,3951184.0,156.7612427002786,128.13426617891568,240.3531094619665,1334.434843922652,1194.006535842541,23577.637443370168,74414.83040745856,71560.84674723758,17.6,6.899999999999998,64.3711424042272,156.08759631024097,146.39528212767513,101.06803813908886,15.676822336453315,100.29,99.4,4.4,9.0,97.0,101.9,21212.0,26854.0,98.2,82148.0,93.6,93.6,1874.0,46.9,1967.6,14.4,428715.6,4063.3,92.4,15.4,103.2,62756.0,7759.0,-21.83,2.1,3380216.0,62756.0,11046.0,2759.0,25043.0,42943.0,48.8,27744.0
2018-05,40282.258064516136,16.387096774193548,2.0,5.0,2018.0,16.0,2132567.90921519,7933.062684365783,576.9000000000002,543.6,7170.0,1823.0,979.0,4256.0,128000000.0,59243570.04,65567262.15,2954148.02,350.9920156031881,93.9516935426292,38.846234177215,41.385463743676226,41.90876427132275,14139282.0,3951184.0,156.7612427002786,128.13426617891568,240.3531094619665,1334.434843922652,1194.006535842541,23577.637443370168,74414.83040745856,71560.84674723758,17.6,6.899999999999999,64.3711424042272,156.08759631024097,146.39528212767513,101.06803813908886,15.676822336453315,100.24,97.8,6.8,7.0,104.3,100.8,19869.0,26854.0,98.2,82148.0,93.6,93.6,1874.0,46.9,1967.6,14.4,428715.6,4063.3,92.4,15.4,103.2,62756.0,7759.0,-21.83,2.1,3380216.0,62756.0,11046.0,2759.0,25043.0,42943.0,48.8,27744.0
2018-06,36516.66666666666,14.2,2.0,6.0,2018.0,15.5,2132567.90921519,7933.062684365783,576.9000000000002,543.6,6958.0,1874.0,992.0,4115.0,206000000.0,17300631.24000001,115678757.01,72857504.78,350.9920156031881,93.9516935426292,40.36548672566376,43.137798165137646,43.52382222222222,14139282.0,3951184.0,156.7612427002786,128.13426617891568,240.3531094619665,1334.434843922652,1194.006535842541,23577.637443370168,74414.83040745856,71560.84674723758,17.6,6.899999999999998,64.3711424042272,156.08759631024097,146.39528212767513,101.06803813908886,15.676822336453315,100.53,111.2,9.5,6.8,104.7,96.4,19314.0,26854.0,98.2,82148.0,93.6,93.6,1874.0,46.9,1967.6,14.4,428715.6,4063.3,92.4,15.4,103.2,62756.0,7759.0,-21.83,2.1,3380216.0,62756.0,11046.0,2759.0,25043.0,42943.0,48.8,27744.0
2018-07,39258.06451612903,17.129032258064516,3.0,7.0,2018.0,16.0,2132567.90921519,7933.062684365783,680.8,611.8000000000002,7644.0,2136.0,1125.0,4515.0,370000000.0,65909509.68000001,230016108.34000003,74631216.35000001,421.58586724085023,133.7836220213708,41.99,43.43636363636363,45.09625000000002,17786793.0,5941642.0,156.7612427002786,128.13426617891568,240.3531094619665,1334.434843922652,1194.006535842541,23577.637443370168,74414.83040745856,71560.84674723758,31.89999999999999,12.2,64.3711424042272,156.08759631024097,146.39528212767513,101.06803813908886,15.676822336453315,100.46,101.0,4.7,7.7,115.8,100.6,19152.0,29781.0,95.1,82496.0,95.5,95.5,1868.5,49.055666251556644,1964.0,15.0,428715.6,4063.3,92.4,15.4,103.2,62756.0,7759.0,-21.83,2.1,3380216.0,62756.0,11046.0,2759.0,25043.0,42943.0,48.8,27744.0
2018-08,36595.16129032258,16.096774193548384,3.0,8.0,2018.0,16.0,2132567.90921519,7933.062684365783,680.8,611.8000000000002,7797.0,2382.0,1260.0,4564.0,567000000.0,58375433.75,366406873.74,146268602.59,421.58586724085023,133.7836220213708,40.250000000000036,43.26341463414639,44.470731707317036,17786793.0,5941642.0,156.7612427002786,128.13426617891568,240.3531094619665,1334.434843922652,1194.006535842541,23577.637443370168,74414.83040745856,71560.84674723758,31.89999999999999,12.2,64.3711424042272,156.08759631024097,146.39528212767513,101.06803813908886,15.676822336453315,99.88,110.0,5.9,7.7,108.4,102.9,18747.0,29781.0,95.1,82496.0,95.5,95.5,1868.5,49.055666251556644,1964.0,15.0,428715.6,4063.3,92.4,15.4,103.2,62756.0,7759.0,-21.83,2.1,3380216.0,62756.0,11046.0,2759.0,25043.0,42943.0,48.8,27744.0
2018-09,38362.06896551724,16.482758620689655,3.0,9.0,2018.0,15.758620689655173,2132567.90921519,7933.062684365783,680.8,611.8000000000002,7781.0,2311.0,1162.0,4397.0,460000000.0,130949163.52,321882878.24,1851369.170000017,421.58586724085023,133.7836220213708,40.790747663551436,43.410687500000066,43.67,17786793.0,5941642.0,156.7612427002786,128.13426617891568,240.3531094619665,1334.434843922652,1194.006535842541,23577.637443370168,74414.83040745856,71560.84674723758,31.89999999999999,12.2,64.3711424042272,156.08759631024097,146.3952821276751,101.06803813908886,15.676822336453315,100.25,97.7,6.7,7.1,109.2,101.5,18300.0,29781.0,95.1,82496.0,95.5,95.5,1868.5,49.055666251556644,1964.0,15.0,428715.6,4063.3,92.4,15.4,103.2,62756.0,7759.0,-21.83,2.1,3380216.0,62756.0,11046.0,2759.0,25043.0,42943.0,48.8,27744.0
2018-10,40991.93548387097,14.580645161290322,4.0,10.0,2018.0,16.0,2132567.90921519,7933.062684365783,1310.7,1164.1,9239.0,2796.0,1347.0,5032.0,320000000.0,117445347.64,111335932.97000004,95702527.69,425.2252285612906,86.61213877384041,42.338753412482035,43.3,47.0168708917154,17724731.0,3960337.0,156.7612427002786,128.13426617891568,265.05,787.6,653.75,21659.1,34332.8,59985.4,33.20000000000002,13.1,64.3711424042272,156.08759631024097,146.39528212767513,101.06803813908886,15.676822336453315,100.45,88.5,17.9,9.3,104.4,100.4,17832.0,33927.0,108.9,81538.0,89.5,89.5,1844.8,47.9,1934.3,14.6,428715.6,4063.3,92.4,15.4,103.2,62756.0,7759.0,-21.83,2.1,3380216.0,62756.0,11046.0,2759.0,25043.0,42943.0,48.8,27744.0
2018-11,41645.833333333336,13.566666666666665,4.0,11.0,2018.0,15.5,2132567.90921519,7933.062684365783,1310.7,1164.1,8966.0,2426.0,1207.0,4953.0,320000000.0,90607444.33000006,189918583.13999987,35397924.40999997,425.2252285612906,86.61213877384041,40.15000000000001,43.086111111111094,45.43881856540085,17724731.0,3960337.0,156.7612427002786,128.13426617891568,261.5,726.7,644.8,22467.15,63500.25,62762.5,33.20000000000002,13.1,64.3711424042272,156.08759631024097,146.39528212767513,101.06803813908886,15.676822336453315,100.51,96.9,12.1,8.4,100.1,101.2,18479.0,33927.0,108.9,81538.0,89.5,89.5,1844.8,47.9,1934.3,14.6,428715.6,4063.3,92.4,15.4,103.2,62756.0,7759.0,-21.83,2.1,3380216.0,62756.0,11046.0,2759.0,25043.0,42943.0,48.8,27744.0
2018-12,38433.87096774193,10.967741935483868,4.0,12.0,2018.0,16.0,2132567.90921519,7933.062684365783,1310.7,1164.1,10899.0,3086.0,1496.0,5845.0,1500000000.0,166471897.32999992,719537161.8399999,617105749.6099999,425.2252285612906,86.61213877384041,40.24634146341469,43.118333333333425,46.01111111111112,17724731.0,3960337.0,156.7612427002786,128.13426617891568,274.3,742.4,631.05,23612.3,66560.3,64667.7,33.20000000000002,13.1,64.3711424042272,156.08759631024097,146.39528212767513,101.06803813908886,15.676822336453315,100.93,107.4,9.4,9.7,105.0,100.5,19591.0,33927.0,108.9,81538.0,89.5,89.5,1844.8,47.9,1934.3,14.6,428715.6,4063.3,92.4,15.4,103.2,62756.0,7759.0,-21.83,2.1,3380216.0,62756.0,11046.0,2759.0,25043.0,42943.0,48.8,27744.0
2019-01,42072.32142857143,11.928571428571427,1.0,1.0,2019.0,17.392857142857142,2132567.90921519,7355.0,568.6,495.9,5258.0,1636.0,803.0,2935.0,3859427.81,2882594.73,584538.95,392294.13,312.40675141250546,103.23224998432724,40.937866108786615,43.5656779661017,46.21355932203388,13265534.0,4784544.0,156.7612427002786,128.13426617891568,279.15,1921.85,3276.65,24008.1,68086.0,64890.1,16.9,7.4,64.3711424042272,156.08759631024097,146.39528212767513,101.06803813908884,15.676822336453315,100.86,103.7,8.1,5.6,71.1,100.3,21455.0,26619.0,96.7,81408.0,86.3,86.3,1808.3,47.2,1894.6,16.1,447535.2,4051.0,119.0,18.7,101.9,61858.0,8912.0,-13.6,1.8,6522045.0,61858.0,22597.0,1254.0,26423.0,38912.0,43.2,25921.0
2019-02,40598.21428571428,14.928571428571427,1.0,2.0,2019.0,14.5,2132567.90921519,7257.0,568.6,495.9,7036.0,2069.0,967.0,3830.0,100140572.18999998,16594285.12,82224866.58,1650235.2599999998,312.40675141250546,103.23224998432724,42.338753412482035,43.5,46.27857142857143,13265534.0,4784544.0,120.1111111,91.74074074,244.7,11493.45,9281.6,22215.4,69183.25,65050.15,16.9,7.4,64.3711424042272,90.22222222,105.96296300000002,92.59259259,15.12357143,100.52,111.6,9.7,11.6,90.8,98.6,23405.0,26619.0,96.7,81408.0,86.3,86.3,1808.3,47.2,1894.6,16.1,447535.2,4051.0,119.0,18.7,101.9,61858.0,8912.0,-13.6,1.8,6522045.0,61858.0,22597.0,1254.0,26423.0,38912.0,43.2,25921.0
2019-03,42237.5,13.225806451612904,1.0,3.0,2019.0,16.0,2132567.90921519,8359.0,568.6,495.9,6307.0,1913.0,928.0,3518.0,208000000.0,15815017.019999996,190123924.77,2059316.73,312.40675141250546,103.23224998432724,42.338753412482035,44.895,46.55,13265534.0,4784544.0,88.58064516,90.03225806,245.0,11380.6,10266.45,12900.85,64908.15,61917.65,16.9,7.4,64.3711424042272,84.35483871,91.03225806,97.41935484,16.06290323,100.21,104.9,9.0,8.7,100.3,99.7,23981.0,26619.0,96.7,81408.0,86.3,86.3,1808.3,47.2,1894.6,16.1,447535.2,4051.0,119.0,18.7,101.9,61858.0,8912.0,-13.6,1.8,6522045.0,61858.0,22597.0,1254.0,26423.0,38912.0,43.2,25921.0
2019-04,42591.66666666666,15.133333333333333,2.0,4.0,2019.0,15.5,2132567.90921519,8107.0,662.6,560.4,7318.0,2131.0,1028.0,4003.0,196000000.0,26176742.160000004,139552142.76,30045972.38,359.916667756028,105.56949338140032,40.86666666666665,43.9568,44.831111111111106,15331659.0,4745800.0,117.86666670000001,91.46666667,222.15,1007.2,1043.9,10608.7,52379.35,70935.1,34.4,12.8,64.3711424042272,90.2,103.3,91.96666667,15.601666670000002,100.19,111.1,8.2,10.1,97.4,99.8,23253.0,27508.0,102.5,80966.0,85.2,85.2,1812.4,48.4,1897.6,17.5,447535.2,4051.0,119.0,18.7,101.9,61858.0,8912.0,-13.6,1.8,6522045.0,61858.0,22597.0,1254.0,26423.0,38912.0,43.2,25921.0
2019-05,43208.333333333336,13.2,2.0,5.0,2019.0,16.233333333333334,2132567.90921519,9039.0,662.6,560.4,5600.0,1788.0,849.0,3058.0,359000000.0,11585120.609999998,129194747.29000002,217762706.88,359.916667756028,105.56949338140032,41.1490654205606,43.96417910447754,44.95365853658533,15331659.0,4745800.0,91.29032258,96.03225806,219.0667,798.3667,697.6333,14821.63,65593.83,65464.2,34.4,12.8,64.3711424042272,93.90322581,87.38709677,96.38709677,14.50096774,100.39,108.7,9.4,6.5,104.0,99.8,21428.0,27508.0,102.5,80966.0,85.2,85.2,1812.4,48.4,1897.6,17.5,447535.2,4051.0,119.0,18.7,101.9,61858.0,8912.0,-13.6,1.8,6522045.0,61858.0,22597.0,1254.0,26423.0,38912.0,43.2,25921.0
2019-06,44083.33333333334,13.733333333333333,2.0,6.0,2019.0,15.5,2132567.90921519,8056.0,662.6,560.4,6474.0,1907.0,886.0,3483.0,223000000.0,37811627.35,132000379.09000002,54895975.34000003,359.916667756028,105.56949338140032,41.40536480686683,44.244736842105205,45.078054298642655,15331659.0,4745800.0,103.2333333,106.53333329999998,207.45,783.2,696.1,14250.2,69338.0,65146.75,34.4,12.8,64.3711424042272,104.9,95.96666667,106.66666670000001,14.581,100.19,110.4,8.1,6.5,103.8,99.2,20618.0,27508.0,102.5,80966.0,85.2,85.2,1812.4,48.4,1897.6,17.5,447535.2,4051.0,119.0,18.7,101.9,61858.0,8912.0,-13.6,1.8,6522045.0,61858.0,22597.0,1254.0,26423.0,38912.0,43.2,25921.0
2019-07,45798.3870967742,16.032258064516128,3.0,7.0,2019.0,16.0,2132567.90921519,9145.0,915.8,665.3,7121.0,1719.0,810.0,3846.0,480000000.0,27054852.96,202595149.67,251335113.0899999,428.92499451533007,159.42203163618385,41.32592592592591,44.36617647058824,45.0,18369075.0,7166906.0,128.63333329999998,101.5333333,192.4,755.05,679.5,13076.65,68981.1,65926.45,40.60000000000001,13.599999999999998,64.3711424042272,103.2333333,106.76666670000002,103.9333333,14.36933333,100.28,105.9,13.8,8.1,110.1,103.6,20079.0,31113.0,100.0,79144.0,78.6,78.6,1797.9,49.055666251556644,1876.5,18.0,447535.2,4051.0,119.0,18.7,101.9,61858.0,8912.0,-13.6,1.8,6522045.0,61858.0,22597.0,1254.0,26423.0,38912.0,43.2,25921.0
2019-08,46862.90322580645,14.0,3.0,8.0,2019.0,16.0,2132567.90921519,9058.0,915.8,665.3,7149.0,1795.0,838.0,3822.0,630000000.0,78748932.38000003,526676287.91,19488483.850000024,428.92499451533007,159.42203163618385,41.4,44.3,44.96666666666667,18369075.0,7166906.0,93.22580645,110.77419350000001,193.1,746.75,674.8,14908.6,69950.5,66891.8,40.60000000000001,13.599999999999998,64.3711424042272,106.83870970000001,99.87096774,108.77419350000001,14.31709677,99.62,102.0,15.9,8.3,108.0,99.2,19626.0,31113.0,100.0,79144.0,78.6,78.6,1797.9,49.055666251556644,1876.5,18.0,447535.2,4051.0,119.0,18.7,101.9,61858.0,8912.0,-13.6,1.8,6522045.0,61858.0,22597.0,1254.0,26423.0,38912.0,43.2,25921.0
2019-09,42222.5,15.6,3.0,9.0,2019.0,15.5,2132567.90921519,10198.0,915.8,665.3,7913.0,2203.0,988.0,4208.0,340000000.0,129073574.83,205899981.45000008,7132197.430000068,428.92499451533007,159.42203163618387,42.338753412482035,44.2,44.90000000000001,18369075.0,7166906.0,108.6,102.2666667,177.15,778.0,668.55,15105.5,77848.45,67074.3,40.60000000000001,13.599999999999998,64.3711424042272,104.83333329999999,98.4,105.2,14.37166667,99.87000000000002,110.3,16.0,8.9,109.7,100.0,18302.0,31113.0,100.0,79144.0,78.6,78.6,1797.9,49.055666251556644,1876.5,18.0,447535.2,4051.0,119.0,18.7,101.9,61858.0,8912.0,-13.6,1.8,6522045.0,61858.0,22597.0,1254.0,26423.0,38912.0,43.2,25921.0
2019-10,42733.333333333336,15.733333333333333,4.0,10.0,2019.0,16.333333333333332,2132567.90921519,8804.0,1298.4,1030.3000000000004,8828.0,2335.0,1029.0,4609.0,290000000.0,93046937.75,185950271.54,7808302.309999943,416.14391108975957,74.35302136099708,41.29999999999999,44.4725,45.19090909090911,17848214.0,3410663.0,130.5483871,101.6451613,161.2,730.8333,666.9666999999997,15121.8,74749.27,69188.17,73.0,19.200000000000006,64.3711424042272,103.19354840000001,107.7419355,103.19354840000001,14.35774194,100.47,114.5,8.0,10.8,108.2,96.2,17826.0,36977.0,107.8,78952.0,85.0,85.0,1829.9,49.5,1914.9,16.9,447535.2,4051.0,119.0,18.7,101.9,61858.0,8912.0,-13.6,1.8,6522045.0,61858.0,22597.0,1254.0,26423.0,38912.0,43.2,25921.0
2019-11,45925.0,15.033333333333333,4.0,11.0,2019.0,15.5,2132567.90921519,9201.0,1298.4,1030.3000000000004,8717.0,2252.0,1024.0,4577.0,650000000.0,85553894.17999996,261872994.43000004,303500782.62,416.14391108975957,74.35302136099708,41.29999999999999,44.42708333333334,46.108968609865656,17848214.0,3410663.0,109.53333329999998,101.6,240.3531094619665,718.05,676.25,14287.75,75250.8,71480.7,73.0,19.200000000000006,64.3711424042272,111.43333329999999,122.43333329999999,103.6333333,15.08566667,100.01,102.5,16.1,11.7,101.7,97.9,17919.0,36977.0,107.8,78952.0,85.0,85.0,1829.9,49.5,1914.9,16.9,447535.2,4051.0,119.0,18.7,101.9,61858.0,8912.0,-13.6,1.8,6522045.0,61858.0,22597.0,1254.0,26423.0,38912.0,43.2,25921.0
2019-12,45950.0,12.6,4.0,12.0,2019.0,15.5,2539362.315000001,10420.0,1298.4,1030.3000000000004,11114.0,3029.0,1288.0,5833.0,2000000000.0,192507528.68,831058549.3499999,983366449.94,416.14391108975957,74.35302136099708,41.59726562500021,44.240291262135905,46.31374999999991,17848214.0,3410663.0,103.16129029999999,101.61290320000002,240.3531094619665,737.5,689.0,9825.8,74363.5,70344.7,73.0,19.200000000000006,73.64516,128.19354840000003,110.80645159999999,108.5483871,13.05612903,100.23,96.8,7.3,12.7,106.1,100.2,18259.0,36977.0,107.8,78952.0,85.0,85.0,1829.9,49.5,1914.9,16.9,447535.2,4051.0,119.0,18.7,101.9,61858.0,8912.0,-13.6,1.8,6522045.0,61858.0,22597.0,1254.0,26423.0,38912.0,43.2,25921.0
2020-01,43418.333333333336,20.8,1.0,1.0,2020.0,16.4,2487234.493000004,8977.0,775.7,731.5,5935.0,1563.0,701.0,3046.0,4826611.0,2514576.14,910266.1,1401768.72,302.8406232436477,103.92932347100874,41.75501672240796,44.465624999999896,46.534154929577426,13015176.0,4914442.0,142.2903226,156.5483871,240.3531094619665,780.0,714.1,8837.15,77734.95,70876.85,20.5,15.6,63.9,157.32258059999995,160.7096774,158.0322581,15.55290323,100.34,102.4,6.6,9.0,70.0,90.5,2486.0,26916.0,105.4,78880.0,85.8,85.8,1758.9,46.4,1844.7,17.2,425161.0,4038.1,105.0,22.2,94.2,60237.0,8348.0,-12.9,2.6,6698420.0,60237.0,10460.0,1622.0,24843.0,50696.0,43.9,26632.0
2020-02,40612.06896551724,22.344827586206893,1.0,2.0,2020.0,15.0,2339172.8510000017,9196.0,775.7,731.5,7604.0,1778.0,750.0,3906.0,38412834.0,17383906.62,19503736.85,1525190.4400000004,302.8406232436477,103.92932347100874,41.55,44.34125,48.08,13015176.0,4914442.0,93.07142857,95.5,275.8,792.4,716.4,11947.4,74169.55,69695.05,20.5,15.6,73.0,102.67857140000001,119.7857143,98.25,15.61321429,100.39,103.0,7.7,9.3,91.2,93.5,19726.0,26916.0,105.4,78880.0,85.8,85.8,1758.9,46.4,1844.7,17.2,425161.0,4038.1,105.0,22.2,94.2,60237.0,8348.0,-12.9,2.6,6698420.0,60237.0,10460.0,1622.0,24843.0,50696.0,43.9,26632.0
2020-03,39911.29032258064,15.774193548387096,1.0,3.0,2020.0,16.0,2389170.691000001,8736.0,775.7,731.5,9368.0,2456.0,1018.0,4698.0,87760555.0,12787937.11,73530054.59,1930340.47,302.8406232436477,103.92932347100874,41.55,44.2,47.245,13015176.0,4914442.0,111.4193548,94.06451613,282.9,845.1,769.45,8040.7,75659.4,69107.0,20.5,15.6,71.4,124.06451609999999,109.7419355,78.93548387,13.32774194,100.8,102.4,15.0,10.4,106.5,90.6,19588.0,26916.0,105.4,78880.0,85.8,85.8,1758.9,46.4,1844.7,17.2,425161.0,4038.1,105.0,22.2,94.2,60237.0,8348.0,-12.9,2.6,6698420.0,60237.0,10460.0,1622.0,24843.0,50696.0,43.9,26632.0
2020-04,46818.96551724138,8.931034482758621,2.0,4.0,2020.0,15.379310344827585,2133723.7830000008,10585.0,493.09999999999985,453.90000000000015,6937.0,1494.0,665.0,3583.0,136000000.0,28084288.69,104469297.71,2634128.04,290.9266458104732,101.13909076302023,41.51041666666666,44.675,46.31458333333332,12536513.0,4687121.0,77.46666667,60.63333333,261.65,863.8,746.05,7236.425,73028.45,69330.55,23.5,17.4,42.8,87.16666667,49.86666667,21.36666667,18.99766667,101.09,96.9,9.2,4.7,63.4,77.5,41593.0,26798.0,100.4,78349.0,117.7,117.7,1773.0,34.6,1890.7,18.1,425161.0,4038.1,105.0,22.2,94.2,60237.0,8348.0,-12.9,2.6,6698420.0,60237.0,10460.0,1622.0,24843.0,50696.0,43.9,26632.0
2020-05,39603.44827586207,12.827586206896553,2.0,5.0,2020.0,16.689655172413794,1866301.4780000001,9962.0,493.09999999999985,453.90000000000015,6264.0,2120.0,950.0,3126.0,113000000.0,17441986.47,89594317.17000002,6309526.57,290.9266458104732,101.13909076302023,41.34,44.05,46.29818181818182,12536513.0,4687121.0,112.2903226,91.29032257999998,277.025,892.75,717.05,5950.45,70989.95,68100.55,23.5,17.4,56.5,127.4193548,84.74193548,34.19354839,16.35354839,100.17,103.1,7.0,5.0,118.4,71.9,68235.0,26798.0,100.4,78349.0,117.7,117.7,1773.0,34.6,1890.7,18.1,425161.0,4038.1,105.0,22.2,94.2,60237.0,8348.0,-12.9,2.6,6698420.0,60237.0,10460.0,1622.0,24843.0,50696.0,43.9,26632.0
2020-06,40675.0,15.2,2.0,6.0,2020.0,15.5,1723584.2050000003,7882.0,493.0999999999999,453.90000000000015,8905.0,2850.0,1264.0,4500.0,176000000.0,26962898.19,143769217.03,3204604.979999998,290.9266458104732,101.13909076302023,42.02984126984148,44.94472049689453,46.41718750000004,12536513.0,4687121.0,129.2666667,110.83333329999999,292.4,888.0,724.35,5811.1,72147.5,66358.4,23.5,17.4,69.6,147.9666667,113.1,61.93333333,15.22233333,100.11,99.1,8.8,8.2,124.1,73.0,88031.0,26798.0,100.4,78349.0,117.7,117.7,1773.0,34.6,1890.7,18.1,425161.0,4038.1,105.0,22.2,94.2,60237.0,8348.0,-12.9,2.6,6698420.0,60237.0,10460.0,1622.0,24843.0,50696.0,43.9,26632.0
2020-07,43808.87096774193,15.870967741935484,3.0,7.0,2020.0,16.0,1787393.1730000004,7944.0,808.3,729.5999999999997,10535.0,3338.0,1354.0,5138.0,377000000.0,41591962.140000015,312898133.52000004,10811719.040000003,415.3329751097554,159.4454361505569,42.443750000000136,45.218749999999936,46.548333333333346,18490325.0,7426022.0,170.6333333,112.26666670000002,240.3531094619665,886.3167,716.4333,6077.933000000001,66508.6,61936.03,31.8,15.1,74.3,147.93333330000004,141.06666669999996,86.66666667,16.97233333,100.22,90.4,14.9,9.5,107.1,71.2,109306.0,29203.0,104.7,77806.0,126.8,126.8,1811.2,49.055666251556644,1938.0,19.4,425161.0,4038.1,105.0,22.2,94.2,60237.0,8348.0,-12.9,2.6,6698420.0,60237.0,10460.0,1622.0,24843.0,50696.0,43.9,26632.0
2020-08,44170.967741935485,18.61290322580645,3.0,8.0,2020.0,16.0,1754281.453000001,6740.0,808.3,729.5999999999997,11961.0,4152.0,1661.0,5749.0,357000000.0,26970727.33999997,209028546.39,123172330.54,415.3329751097554,159.4454361505569,42.40526315789472,47.5,46.51052631578946,18490325.0,7426022.0,130.4193548,126.35483870000002,240.3531094619665,853.95,690.9,6087.7,66778.6,60236.85,31.8,15.1,69.3,153.4193548,117.87096770000001,97.38709677,17.29741935,99.99,87.5,9.2,8.9,108.3,73.7,126214.0,29203.0,104.7,77806.0,126.8,126.8,1811.2,49.055666251556644,1938.0,19.4,425161.0,4038.1,105.0,22.2,94.2,60237.0,8348.0,-12.9,2.6,6698420.0,60237.0,10460.0,1622.0,24843.0,50696.0,43.9,26632.0
2020-09,44512.06896551724,20.379310344827584,3.0,9.0,2020.0,15.586206896551724,1776483.0430000015,6972.0,808.3,729.5999999999997,15152.0,4476.0,1686.0,7180.0,540000000.0,43482616.05000001,135879523.93999994,356364389.99,415.3329751097554,159.4454361505569,42.48333333333333,47.06458333333335,46.66333333333334,18490325.0,7426022.0,143.9,116.33333329999999,240.3531094619665,831.35,752.6,6144.0,66368.75,57565.1,31.8,15.1,72.9,150.7333333,137.6,101.63333330000002,17.57933333,100.07,90.2,10.7,9.1,109.7,79.1,128678.0,29203.0,104.7,77806.0,126.8,126.8,1811.2,49.055666251556644,1938.0,19.4,425161.0,4038.1,105.0,22.2,94.2,60237.0,8348.0,-12.9,2.6,6698420.0,60237.0,10460.0,1622.0,24843.0,50696.0,43.9,26632.0
2020-10,43134.5,19.066666666666666,4.0,10.0,2020.0,16.2,2020018.502999999,6700.0,1066.5,832.8000000000003,15550.0,4598.0,1783.0,7355.0,340000000.0,35762898.47,184883520.4100001,101912634.20999998,461.26960244290535,66.93059059750397,42.48636363636364,45.45887096774189,46.66739130434784,20347251.0,3163522.0,174.0,112.4516129,240.3531094619665,773.75,740.25,9795.85,64047.8,60068.9,39.10000000000001,17.1,71.5,148.67741940000005,141.8709677,86.74193548,16.90387097,100.45,100.1,15.3,8.1,108.4,82.8,122040.0,38353.0,101.1,77126.0,116.4,116.4,1813.9,48.2,1930.3,21.1,425161.0,4038.1,105.0,22.2,94.2,60237.0,8348.0,-12.9,2.6,6698420.0,60237.0,10460.0,1622.0,24843.0,50696.0,43.9,26632.0
2020-11,46150.0,17.266666666666666,4.0,11.0,2020.0,15.5,2175656.367000001,5295.0,1066.5,832.8000000000003,13436.0,3604.0,1390.0,6424.0,240000000.0,34441967.71000001,142815099.48000002,39856413.88999999,461.26960244290535,66.93059059750397,42.42769230769231,45.84840000000001,47.599511278195656,20347251.0,3163522.0,152.0333333,109.96666670000002,240.3531094619665,770.2,674.75,9145.15,62629.6,60682.8,39.10000000000001,17.1,59.8,161.83333330000005,137.9666667,76.13333333,17.96,100.65,97.3,9.4,8.7,101.7,82.3,115008.0,38353.0,101.1,77126.0,116.4,116.4,1813.9,48.2,1930.3,21.1,425161.0,4038.1,105.0,22.2,94.2,60237.0,8348.0,-12.9,2.6,6698420.0,60237.0,10460.0,1622.0,24843.0,50696.0,43.9,26632.0
2020-12,44256.379310344826,15.06896551724138,4.0,12.0,2020.0,15.965517241379311,2449969.461999997,5034.0,1066.5,832.8000000000003,15213.0,3472.0,1382.0,7227.0,1140000000.0,67105868.98000002,798051617.75,268456293.0500001,461.26960244290535,66.93059059750397,42.49418604651163,45.95292682926829,47.53023255813953,20347251.0,3163522.0,128.9032258,125.06451609999999,240.3531094619665,802.0667000000003,706.3667,13880.3,71327.87,69934.0,39.10000000000001,17.1,64.3711424042272,199.9677419,147.8709677,85.32258065,16.33387097,100.64,103.8,7.9,8.8,107.9,83.6,106450.0,38353.0,101.1,77126.0,116.4,116.4,1813.9,48.2,1930.3,21.1,425161.0,4038.1,105.0,22.2,94.2,60237.0,8348.0,-12.9,2.6,6698420.0,60237.0,10460.0,1622.0,24843.0,50696.0,43.9,26632.0
2021-01,50887.5,17.966666666666665,1.0,1.0,2021.0,16.2,2380150.1440000017,4622.0,821.1999999999997,756.4,7073.0,2026.0,704.0,3230.0,7159486.0,245064.53,0.0,5425031.0,309.34776452051693,104.08432950973251,42.74980079681275,45.45436893203875,46.2,13745392.0,4903785.0,170.0967742,177.2258065,240.3531094619665,958.05,906.5,16097.0,79695.4,73944.25,28.2,16.2,64.3711424042272,212.516129,192.8709677,149.9032258,17.90548387,100.54,97.8,17.5,4.8,74.0,98.9,96874.0,27150.0,100.1,76306.0,96.2,96.2,1836.1,43.2,1932.3,22.1,433819.4281040892,4013.8,105.1,18.756505576208177,99.78163568773235,57053.0,8111.0,36.3,1.5,7125795.0,57053.0,8966.0,1771.0,25437.364312267666,44168.218587360585,44.0,25772.0
2021-02,42727.67857142857,20.928571428571427,1.0,2.0,2021.0,14.5,2198648.174999996,5512.0,821.1999999999997,756.4,11140.0,2711.0,975.0,5122.0,16325611.0,9177566.98,4519977.17,1503279.7000000004,309.34776452051693,104.08432950973257,43.026642335766304,45.83032258064515,47.53043478260869,13745392.0,4903785.0,133.4285714,124.3928571,240.3531094619665,1330.3,1081.915,16483.4,83001.7,61569.89,28.2,16.2,64.3711424042272,172.8571429,161.25,94.39285714,19.9175,100.53,102.0,9.5,9.9,89.6,99.3,90783.0,27150.0,100.1,76306.0,96.2,96.2,1836.1,43.2,1932.3,22.1,433819.4281040892,4013.8,105.1,18.756505576208177,99.78163568773235,57053.0,8111.0,36.3,1.5,7125795.0,57053.0,8966.0,1771.0,25437.364312267666,44168.218587360585,44.0,25772.0
2021-03,46384.596774193546,23.387096774193548,1.0,3.0,2021.0,16.0,2352345.975,7324.0,821.1999999999997,756.4,13932.0,3340.0,1216.0,6355.0,121514903.0,10232504.38,91552337.64,2963096.07,309.34776452051693,104.08432950973251,43.35689655172431,46.18273809523814,47.610294117647115,13745392.0,4903785.0,162.61290319999995,124.3870968,240.3531094619665,1312.567,1016.3330000000001,24388.3,86958.12,69623.71,28.2,16.2,64.3711424042272,175.0322581,175.4193548,103.90322579999999,17.68225806,100.62,102.1,8.9,9.8,107.1,102.4,75579.0,27150.0,100.1,76306.0,96.2,96.2,1836.1,43.2,1932.3,22.1,433819.4281040892,4013.8,105.1,18.756505576208177,99.78163568773235,57053.0,8111.0,36.3,1.5,7125795.0,57053.0,8966.0,1771.0,25437.364312267666,44168.218587360585,44.0,25772.0
2021-04,48900.0,19.766666666666666,2.0,4.0,2021.0,15.5,2055034.6670000008,7666.0,801.4999999999999,728.1999999999997,14935.0,3796.0,1317.0,6662.0,125000000.0,19752800.96,92329302.32,7085320.990000001,357.3231645072703,109.56322263352895,43.87657894736844,46.83962962962961,47.89759999999999,16311634.0,5254721.0,246.0,130.9333333,240.3531094619665,1021.35,970.8350000000003,27099.35,82219.35,75321.5,24.500000000000004,13.2,64.3711424042272,186.6333333,184.66666669999998,104.4333333,17.267,101.03,107.0,9.0,9.7,101.6,119.3,67674.0,29244.0,99.9,75845.0,87.0,87.0,1820.1,47.5,1907.1,23.6,433819.4281040892,4013.8,105.1,18.756505576208177,99.78163568773235,57053.0,8111.0,36.3,1.5,7125795.0,57053.0,8966.0,1771.0,25437.364312267666,44168.218587360585,44.0,25772.0
2021-05,49823.33333333334,15.266666666666667,2.0,5.0,2021.0,16.233333333333334,1870227.531,7327.0,801.4999999999999,728.1999999999997,11562.0,3185.0,1082.0,4930.0,266000000.0,9263648.68,243582518.26,11370275.79,357.3231645072703,109.56322263352895,44.18185185185185,47.201538461538476,48.00534883720933,16311634.0,5254721.0,201.19354840000003,146.8709677,240.3531094619665,1043.065,947.185,26647.3,76899.04,71267.45,24.500000000000004,13.2,64.3711424042272,187.9032258,155.9677419,119.09677420000001,16.11354839,100.99,98.4,5.1,5.3,100.2,117.2,56667.0,29244.0,99.9,75845.0,87.0,87.0,1820.1,47.5,1907.1,23.6,433819.4281040892,4013.8,105.1,18.756505576208177,99.78163568773235,57053.0,8111.0,36.3,1.5,7125795.0,57053.0,8966.0,1771.0,25437.364312267666,44168.218587360585,44.0,25772.0
2021-06,51958.33333333334,19.4,2.0,6.0,2021.0,15.5,1803761.0829999992,7822.0,801.4999999999999,728.1999999999997,14612.0,4876.0,1600.0,6194.0,197000000.0,24401891.010000005,161768167.48000002,10418144.970000004,357.3231645072703,109.56322263352895,44.345172413793094,47.45239999999999,47.97893617021279,16311634.0,5254721.0,205.33333330000002,161.7666667,240.3531094619665,1040.56,983.545,19569.25,80145.01,67782.41,24.500000000000004,13.2,64.3711424042272,206.9666667,175.2666667,123.8,16.698,100.77,107.5,12.3,6.6,100.5,111.2,45359.0,29244.0,99.9,75845.0,87.0,87.0,1820.1,47.5,1907.1,23.6,433819.4281040892,4013.8,105.1,18.756505576208177,99.78163568773235,57053.0,8111.0,36.3,1.5,7125795.0,57053.0,8966.0,1771.0,25437.364312267666,44168.218587360585,44.0,25772.0
2021-07,48766.12903225807,22.064516129032263,3.0,7.0,2021.0,16.0,1804976.853000001,7418.0,878.2000000000003,768.4000000000003,12376.0,2391.0,878.0,5521.0,287000000.0,34483875.0,194347673.88,47093448.48,411.1719722146692,164.91032619973655,44.358185185185405,47.15495798319329,47.89892307692289,18993765.0,7914909.0,225.5333333,150.3,240.3531094619665,1073.383,931.0733,14585.8,80824.03,69110.38,39.5,26.1,64.3711424042272,207.66666669999998,200.0,108.73333329999998,17.052,100.38,113.2,9.6,5.3,100.7,102.5,38554.0,31963.0,78.2,74690.0,76.0,76.0,1824.7,49.055666251556644,1900.7,27.5,433819.4281040892,4013.8,105.1,18.756505576208177,99.78163568773235,57053.0,8111.0,36.3,1.5,7125795.0,57053.0,8966.0,1771.0,25437.364312267666,44168.218587360585,44.0,25772.0
2021-08,51725.8064516129,22.41935483870968,3.0,8.0,2021.0,16.0,1887899.424,8270.0,878.2000000000003,768.4000000000003,12693.0,2818.0,957.0,5526.0,760000000.0,54046531.71999998,541047765.8900001,159359692.75,411.1719722146692,164.91032619973655,44.763327787022234,47.71711743772271,48.10704797047992,18993765.0,7914909.0,209.6451613,175.2580645,240.3531094619665,1022.37,851.705,16004.75,75902.79,72643.52,39.5,26.1,64.3711424042272,206.4516129,178.2258065,130.5806452,17.57258065,100.07,113.0,9.9,6.3,107.5,102.6,34722.0,31963.0,78.2,74690.0,76.0,76.0,1824.7,49.055666251556644,1900.7,27.5,433819.4281040892,4013.8,105.1,18.756505576208177,99.78163568773235,57053.0,8111.0,36.3,1.5,7125795.0,57053.0,8966.0,1771.0,25437.364312267666,44168.218587360585,44.0,25772.0
2021-09,48650.0,19.4,3.0,9.0,2021.0,15.5,2003080.915,8127.0,878.2000000000003,768.4000000000003,13873.0,3664.0,1141.0,5756.0,1230000000.0,88772824.16,799634903.5399997,343576524.76,411.1719722146692,164.91032619973655,44.7326373626374,48.43904255319152,47.97971830985917,18993765.0,7914909.0,216.83333330000002,152.6,240.3531094619665,915.25,830.27,11575.03,82470.51,76007.97,39.5,26.1,76.2,213.7333333,183.0333333,116.46666670000002,18.01333333,100.7,105.3,12.9,5.5,99.7,101.2,29771.0,31963.0,78.2,74690.0,76.0,76.0,1824.7,49.055666251556644,1900.7,27.5,433819.4281040892,4013.8,105.1,18.756505576208177,99.78163568773235,57053.0,8111.0,36.3,1.5,7125795.0,57053.0,8966.0,1771.0,25437.364312267666,44168.218587360585,44.0,25772.0
2021-10,51458.33333333334,14.4,4.0,10.0,2021.0,16.2,2253430.522,8567.0,1262.7999999999995,1052.1,14054.0,3213.0,1031.0,5867.0,970000000.0,80801818.81000003,763239082.4599997,121218810.12999998,529.4335567420757,95.1602634504013,44.79786885245901,47.79758620689667,48.25469387755101,24766924.0,4709608.0,227.38709680000002,150.7096774,240.3531094619665,1035.15,815.945,13569.27,75760.49,70112.0,132.89999999999998,58.2,72.2,207.4193548,198.7096774,108.83870970000001,17.01225806,100.69,105.7,12.2,4.7,97.5,101.0,27975.0,41543.0,81.0,73496.0,73.5,73.5,1837.6,48.7,1911.0,26.3,433819.4281040892,4013.8,105.1,18.756505576208177,99.78163568773235,57053.0,8111.0,36.3,1.5,7125795.0,57053.0,8966.0,1771.0,25437.364312267666,44168.218587360585,44.0,25772.0
2021-11,51431.66666666666,17.3,4.0,11.0,2021.0,15.5,2425517.844999996,8665.0,1262.7999999999995,1052.1,14513.0,4039.0,1275.0,5812.0,1080000000.0,36352008.0,1021012815.9600002,19974762.879999995,529.4335567420757,95.1602634504013,45.2445674044265,48.220081967213105,49.39622844827547,24766924.0,4709608.0,208.43333330000002,151.5,240.3531094619665,891.12,827.63,22702.39,79844.21,72495.88000000003,132.89999999999998,58.2,65.7,209.9,183.43333330000002,95.5,17.31666667,101.2,121.0,7.0,5.2,120.2,102.3,25070.0,41543.0,81.0,73496.0,73.5,73.5,1837.6,48.7,1911.0,26.3,433819.4281040892,4013.8,105.1,18.756505576208177,99.78163568773235,57053.0,8111.0,36.3,1.5,7125795.0,57053.0,8966.0,1771.0,25437.364312267666,44168.218587360585,44.0,25772.0
2021-12,49034.48275862068,15.724137931034482,4.0,12.0,2021.0,15.89655172413793,2624455.14,8492.0,1262.7999999999995,1052.1,18473.0,5337.0,1689.0,7217.0,1950000000.0,142728810.5,1189588198.4200006,618391543.3399999,529.4335567420757,95.1602634504013,45.83363939899822,48.78650793650773,50.82306763285115,24766924.0,4709608.0,182.4516129,164.0322581,240.3531094619665,916.2033,797.0767,21975.77,83849.22,72980.93,132.89999999999998,58.2,68.9,239.9354839,146.3952821276751,110.06451609999999,16.20354839,100.85,117.3,12.7,5.3,115.0,106.3,22167.0,41543.0,81.0,73496.0,73.5,73.5,1837.6,48.7,1911.0,26.3,433819.4281040892,4013.8,105.1,18.756505576208177,99.78163568773235,57053.0,8111.0,36.3,1.5,7125795.0,57053.0,8966.0,1771.0,25437.364312267666,44168.218587360585,44.0,25772.0
2022-01,51141.55172413793,18.86206896551724,1.0,1.0,2022.0,17.0,2647440.555999997,8273.0,1124.9,992.8,9151.0,2880.0,912.0,3639.0,6234001.48,3035268.12,1447167.36,551270.0,305.3720985769601,127.65611765267616,46.2414956011733,49.21011111111112,51.94511627906965,14455898.0,6723281.0,248.38709680000002,215.2580645,240.3531094619665,950.45,836.0150000000001,17700.2,84157.38,74762.46,21.2,5.5,56.0,240.483871,232.2580645,174.5806452,16.50258065,101.15,115.7,13.4,3.9,71.3,104.3,20409.0,29907.0,99.1,71735.0,68.7,68.7,1822.1568245125347,50.3,1928.0,26.9,433819.4281040892,4041.5524233983283,105.36824512534821,18.756505576208177,99.78163568773235,60475.762674094716,8282.003342618384,-2.9795543175487427,1.9987743732590533,5929581.323119777,60475.762674094716,13268.308077994428,1852.344289693593,25437.364312267666,44168.218587360585,44.978384401114205,26517.326462395544
2022-02,53734.490740740745,27.85185185185185,1.0,2.0,2022.0,14.592592592592592,2318816.828000001,8032.0,1124.9,992.8,13204.0,4304.0,1308.0,5015.0,15852095.869999995,6044282.62,3189816.31,3086787.94,305.3720985769601,127.65611765267616,45.76407407407411,48.37541666666667,52.7504119850185,14455898.0,6723281.0,215.9285714,153.96428569999995,240.3531094619665,900.62,788.335,26198.35,79434.13,83399.5,21.2,5.5,62.4,221.46428569999998,206.96428569999998,115.9642857,17.10857143,101.15,109.2,9.2,6.1,92.4,106.2,20335.0,29907.0,99.1,71735.0,68.7,68.7,1822.1568245125347,50.3,1928.0,26.9,433819.4281040892,4041.5524233983283,105.36824512534821,18.756505576208177,99.78163568773235,60475.762674094716,8282.003342618384,-2.9795543175487427,1.9987743732590533,5929581.323119777,60475.762674094716,13268.308077994428,1852.344289693593,25437.364312267666,44168.218587360585,44.978384401114205,26517.326462395544
2022-03,48711.12903225807,17.419354838709676,1.0,3.0,2022.0,16.0,2498596.748000001,7610.0,1124.9,992.8,17740.0,7561.0,2470.0,6852.0,404138161.1758781,47435882.51475873,249653527.6298124,104840796.48599198,305.3720985769601,127.65611765267616,45.46559999999999,48.975106382978744,53.30585365853657,14455898.0,6723281.0,219.29032259999997,147.7741935,240.3531094619665,851.4333,775.6967,29430.27,81483.33,89873.63,21.2,5.5,59.2,232.64516129999998,216.2258065,100.4516129,13.00467742,109.28,106.1,15.9,5.8,106.9,103.4,20233.0,29907.0,99.1,71735.0,68.7,68.7,1822.1568245125347,50.3,1928.0,26.9,433819.4281040892,4041.5524233983283,105.36824512534821,18.756505576208177,99.78163568773235,60475.762674094716,8282.003342618384,-2.9795543175487427,1.9987743732590533,5929581.323119777,60475.762674094716,13268.308077994428,1852.344289693593,25437.364312267666,44168.218587360585,44.978384401114205,26517.326462395544
2022-04,48724.13793103449,14.275862068965518,2.0,4.0,2022.0,15.93103448275862,2068572.2410000009,7209.0,793.3000000000003,677.1000000000001,4261.0,2114.0,593.0,1638.0,404138161.1758781,47435882.51475873,249653527.6298124,104840796.48599198,370.12288070410807,120.32895937073884,45.572626262626216,48.844328358208934,52.436521739130455,17182732.0,6330137.0,202.1,146.7666667,240.3531094619665,869.3,789.15,25458.3,83261.25,89643.9,25.500000000000004,12.6,60.4,159.7,194.9666667,102.9333333,12.50633333,101.53,93.3,11.1,6.4,99.3,98.8,21364.0,33790.0,100.8,70537.0,77.8,77.8,1822.1568245125347,47.5,1900.1,28.3,433819.4281040892,4041.5524233983283,105.36824512534821,18.756505576208177,99.78163568773235,60475.762674094716,8282.003342618384,-2.9795543175487427,1.9987743732590533,5929581.323119777,60475.762674094716,13268.308077994428,1852.344289693593,25437.364312267666,44168.218587360585,44.978384401114205,26517.326462395544
2022-05,49935.483870967735,16.483870967741936,2.0,5.0,2022.0,16.0,1966176.033,8310.0,793.3000000000003,677.1000000000001,3257.0,1628.0,351.0,1222.0,404138161.1758781,47435882.51475873,249653527.6298124,104840796.48599198,370.12288070410807,120.32895937073884,44.62900000000001,47.67840000000001,52.79176470588235,17182732.0,6330137.0,162.61290319999995,148.0322581,240.3531094619665,874.8,780.775,26074.8,84938.6,89208.78,25.500000000000004,12.6,57.9,154.0322581,160.8709677,102.83870970000001,12.06483871,99.87,108.2,14.6,4.779350900806874,99.7,101.0,21069.0,33790.0,100.8,70537.0,77.8,77.8,1822.1568245125347,47.5,1900.1,28.3,433819.4281040892,4041.5524233983283,105.36824512534821,18.756505576208177,99.78163568773235,60475.762674094716,8282.003342618384,-2.9795543175487427,1.9987743732590533,5929581.323119777,60475.762674094716,13268.308077994428,1852.344289693593,25437.364312267666,44168.218587360585,44.978384401114205,26517.326462395544
2022-06,52058.33333333334,17.466666666666665,2.0,6.0,2022.0,15.5,1938735.6489999983,7293.0,793.3000000000003,677.1000000000001,6702.0,2412.0,503.0,2464.0,404138161.1758781,47435882.51475873,249653527.6298124,104840796.48599198,370.12288070410807,120.32895937073884,44.46476190476192,47.35727272727275,52.59250000000001,17182732.0,6330137.0,174.06666669999996,154.1,240.3531094619665,889.3933,777.5,175597.4,87078.8,88055.09,25.500000000000004,12.6,60.4,150.8,165.33333330000005,96.3,12.90666667,99.0,77.2,7.9,5.5,82.9,99.0,21215.0,33790.0,100.8,70537.0,77.8,77.8,1822.1568245125347,47.5,1900.1,28.3,433819.4281040892,4041.5524233983283,105.36824512534821,18.756505576208177,99.78163568773235,60475.762674094716,8282.003342618384,-2.9795543175487427,1.9987743732590533,5929581.323119777,60475.762674094716,13268.308077994428,1852.344289693593,25437.364312267666,44168.218587360585,44.978384401114205,26517.326462395544
2022-07,49225.0,16.433333333333334,3.0,7.0,2022.0,15.533333333333333,2007188.3800000031,5995.0,1068.1,823.0999999999997,9372.0,3021.0,588.0,3476.0,404138161.1758781,47435882.51475873,249653527.6298124,104840796.48599198,377.0057202901957,111.29296164394552,43.28,45.74400000000001,52.125,16482878.600743955,5209108.32300062,177.1,139.9666667,240.3531094619665,882.9,764.8,208080.5,86180.4,89408.9,47.2,20.6,59.3,148.06666669999996,172.3,86.9,13.94933333,99.42,116.0,10.190582796668071,5.233394874180465,106.4,102.7,40289.53194726166,30164.83113590264,99.10633874239352,78222.07099391481,92.14695740365113,92.14695740365113,1822.1568245125347,49.055666251556644,1915.9444726166328,19.524847870182555,433819.4281040892,4041.5524233983283,105.36824512534821,18.756505576208177,99.78163568773235,60475.762674094716,8282.003342618384,-2.9795543175487427,1.9987743732590533,5929581.323119777,60475.762674094716,13268.308077994428,1852.344289693593,25437.364312267666,44168.218587360585,44.978384401114205,26517.326462395544
2022-08,53667.741935483864,20.548387096774192,3.0,8.0,2022.0,16.0,1997480.0799999991,6752.0,1068.1,823.0999999999997,13929.0,4319.0,884.0,4964.0,404138161.1758781,47435882.51475873,249653527.6298124,104840796.48599198,377.0057202901957,111.29296164394552,43.93533333333334,46.86161290322581,52.02906976744186,16482878.600743955,5209108.32300062,173.1290323,166.2258065,240.3531094619665,870.965,747.1,26155.32,91046.04,95598.6,47.2,20.6,58.8,159.516129,180.3548387,105.90322579999999,11.6983871,99.19,114.8,9.2390550767367,6.1593700511578025,107.8,105.6,40289.53194726166,30164.83113590264,99.10633874239349,78222.07099391481,92.14695740365113,92.14695740365113,1822.1568245125347,49.055666251556644,1915.9444726166328,19.52484787018255,433819.4281040892,4041.5524233983283,105.36824512534821,18.756505576208177,99.78163568773235,60475.762674094716,8282.003342618384,-2.9795543175487427,1.9987743732590533,5929581.323119777,60475.762674094716,13268.308077994428,1852.344289693593,25437.364312267666,44168.218587360585,44.978384401114205,26517.326462395544
2022-09,52896.20689655173,18.620689655172416,3.0,9.0,2022.0,15.89655172413793,1987172.3219999985,8282.0,1068.1,823.0999999999997,15930.0,4999.0,1036.0,5561.0,404138161.1758781,47435882.51475873,249653527.6298124,104840796.48599198,377.0057202901957,111.29296164394552,44.04666666666667,47.0908,52.204594594594624,16482878.600743955,5209108.32300062,167.3666667,144.46666669999996,240.3531094619665,886.65,732.35,20581.5,86218.8,98722.27,47.2,20.6,56.0,152.6,176.1,93.63333333,13.04733333,100.15,98.0,15.140834728463595,5.8595470966604974,95.6,105.1,40289.53194726166,30164.83113590264,99.10633874239352,78222.07099391482,92.14695740365113,92.14695740365113,1822.1568245125347,49.055666251556644,1915.9444726166328,19.52484787018256,433819.4281040892,4041.5524233983283,105.36824512534821,18.756505576208177,99.78163568773235,60475.762674094716,8282.003342618384,-2.9795543175487427,1.9987743732590533,5929581.323119777,60475.762674094716,13268.308077994428,1852.344289693593,25437.364312267666,44168.218587360585,44.978384401114205,26517.326462395544
2022-10,50541.66666666666,13.083333333333336,4.0,10.0,2022.0,16.0,2125736.3752255733,7656.1316738427895,1511.4031187086518,1218.667442624375,16169.974249226467,4708.87393614021,1259.547744780324,6066.568858498054,517793232.5915191,78246888.77367382,295523258.0615711,126368638.95186087,466.4164022722314,90.97298244181809,45.83799498832676,49.221163309962854,51.065154040526416,21874481.81069089,4629585.463414466,219.76901127845105,145.59984374995506,240.91206368649415,346.83607552667445,304.5774888974228,23634.73845657537,74999.74310176293,73446.44082450763,72.99631823130258,30.54411394787969,66.44925858958939,200.54803329551441,192.74679995960327,109.97209376515016,16.111882171744515,100.92545188894516,104.12707729057665,14.77718603149998,6.378028176922076,107.27604301147964,100.16204137406156,32481.751499703594,41417.40345406645,99.69102035912012,72464.46907447961,77.8140987985643,77.8140987985643,1818.032617400888,49.604157701783855,1906.3830471629221,26.70105542933573,430293.6795657016,4034.117281137624,107.04713217420952,20.24844092393483,99.78163568773235,58325.257200741835,8270.53648642088,28.327570158824052,1.7623174260710546,7935493.755165801,59692.4143887937,8962.49281045398,1563.5583319882896,25185.667812335567,45708.79762824689,42.81202525444829,25764.030366732797
2022-11,,,4.0,11.0,2022.0,15.5,2149188.2584567647,7800.339209642012,1509.6862895349084,1217.403624127816,16116.918550086424,4711.569596897043,1292.2412351055198,5988.268701241342,787800062.7964952,53933149.52336364,449687922.6028538,49476396.50819802,466.3823400108177,90.95278494012892,45.588723063874205,49.14329083645802,52.07435619248533,21862472.427539546,4625975.356353823,203.93084088895768,144.52289698677112,241.28592915983197,335.84159963259486,283.07850428705495,28036.419256656958,80762.87483001451,76355.49798791848,72.80995148282285,30.23190957462294,62.39454273670695,208.82514961534005,181.941192702751,103.7498510334836,16.348754674016572,101.0990102982008,102.52961823527893,12.503573597460324,6.300303401896097,102.40063644042023,101.686663791381,31282.328062285604,41404.9333968424,99.6836430778418,72446.50371108102,77.7898230762047,77.7898230762047,1818.0277833244704,49.60276101077379,1906.3784747644413,26.569952621924983,430293.60599917284,4034.388308267797,107.04502465865922,20.24330712605439,99.78163568773235,58320.737772468165,8270.525175546907,31.764679634107512,1.7618909635583182,7927040.9156189235,59759.92237833021,8954.848620059442,1565.6552867116238,25185.663868850483,45705.22331212709,42.810385219103175,25763.625488046182
2022-12,,,4.0,12.0,2022.0,15.754098360655734,2488931.29841834,7715.080219528898,1507.9949226885278,1216.1577528621888,19331.471050196007,5454.996099388285,1512.3276234483121,7250.633392287373,2466411929.5692873,135761502.57526132,1411991480.5471902,784319806.174163,466.34837778412736,90.93271841051028,45.793281738244865,49.143341309389676,52.774820643080176,21850564.454919074,4622410.919273437,175.86449813324487,159.01191164974847,241.28580849839645,339.65812670059614,284.7188076198457,23545.071478240567,83866.70626947687,77967.45685769964,72.62705441203137,29.933159378762852,65.7530809381537,230.92390236653068,167.54541711706733,111.17306342528705,15.794227073675588,101.00412025291912,108.18786184008732,10.035200700199587,6.757172242799633,107.73573223610448,103.18789885453992,31874.287434749745,41392.5459773315,99.67624526017171,72428.45517526344,77.76542209391305,77.76542209391305,1818.0229468280365,49.60136682812102,1906.3738997947294,26.442758441809605,430293.5324215282,4034.644644606801,107.04292158657593,20.238207923270593,99.78163568773235,58316.20544084656,8270.513870906454,35.85164649829612,1.7614625582179917,7918726.841012563,59821.23658189378,8947.097860738711,1567.6736730869786,25185.65992479483,45701.66084930805,42.80874044941636,25763.219860070516
2023-01,,,1.0,1.0,2023.0,16.0,2375785.9284472307,6989.078998428839,958.1268661607023,877.6736726748708,9218.702216011723,3208.969475720551,771.0849063058305,3514.515729344721,7263162.04712162,2357875.7320276126,1563245.761370104,958636.536049172,319.9822970114066,116.26317892966641,45.93237393739617,49.048484740302364,52.840280933482205,15073654.561705787,6066179.3210781235,229.71388356369945,194.84678358236042,241.47289807325367,457.7426301410634,402.1629304787934,23906.50633032952,88185.39048698744,81298.15915660077,26.976704203558825,21.97298241605764,62.1173924454998,250.8845162033588,229.2541924526495,156.23620882139818,15.445308795577187,100.93305664550718,105.77927967546611,14.014449189377912,3.8336150689212585,71.88294288068947,102.5221734533627,39120.97657937805,30651.33262127852,96.67582786876491,71864.1848780592,77.6687956665892,77.6687956665892,1816.6396263835468,47.89284480297419,1919.195545839284,28.194852365991405,433031.7853253776,4025.7473661272293,107.76726289963068,20.233456416683122,103.79604115853864,57525.170571778086,8309.320533564603,19.581750507192982,1.823042997725674,8557899.512944913,58854.205624139184,9385.438017328383,1413.5641447471523,25393.14214817165,45873.26335767735,42.48269578534524,25756.98859411284
2023-02,,,1.0,2.0,2023.0,14.5,2194616.4513196377,6987.203144570373,957.1821304600132,876.8688898923751,13125.452803485327,3918.975708999375,1006.8631809597588,4752.6336855773825,38126784.67474964,8254783.641019719,23349379.27173023,2386927.88605467,319.96708604003896,116.22265348452405,45.79629999841408,48.898244677912906,54.5711778888327,15058881.810484204,6058730.078810632,175.47099512553189,143.03390541121158,242.22499555683655,572.7059406916636,465.6998729040692,31230.934193914232,85895.11306679992,80588.57703763187,26.920358992078686,21.88851812817853,62.11574733185317,203.8323460346819,191.43101488843308,104.59911230492509,15.439589214561565,101.21225656309795,105.49928458092545,10.409461517359416,6.728712766255724,91.9542696208349,101.79275783160105,42351.58853703689,30631.3413257217,96.67094038526129,71853.38532801169,77.64733393594011,77.64733393594011,1816.6382339330728,47.8915118314188,1919.191841806564,28.12561176619923,433031.7257356764,4026.063706251416,107.76444543354565,20.228626425570365,103.7960411585368,57517.893806734675,8309.31302708907,21.358697147520076,1.8224328853764988,8546006.736784576,58888.43781968167,9419.631229749692,1534.4086687357026,25393.138944646842,45870.525237802314,42.48051252326896,25756.189279618862
2023-03,,,1.0,3.0,2023.0,16.0,2348032.081688619,7408.955944614148,956.2503419584875,876.0747179146211,15671.115884378974,4395.800839769532,1127.0490342932926,5577.180376469326,155699076.90846112,12914206.4887464,125785676.19792564,3499715.259848121,319.9519185201687,116.18239347677476,46.140347393967104,49.233676595847854,53.599615131983526,15044242.94110107,6051376.5781814875,192.83301361515998,142.91161460449675,242.22475261546853,531.7276745203056,423.3994408749527,35444.15892435144,87568.19883205649,79861.91812635091,26.86498569513799,21.806489787662663,62.114099814767,206.1647816553915,207.99836057677413,105.98234887369236,15.388318035133695,101.0841019091592,104.88305200257281,11.24786921457061,5.7426428129506855,107.19302254492891,103.3493291415872,43071.90226089752,30611.494770641562,96.6660389295398,71842.53313527795,77.62575861207232,77.62575861207232,1816.636840779557,47.890181238179046,1919.1881356793285,27.984795506644073,433031.6661369579,4026.363288807931,107.76163391343523,20.2238279219943,103.79604115853635,57510.59676763146,8309.305524737809,23.33673018061405,1.8218200790431165,8534309.858671786,58920.894087843626,9406.700434130933,1592.8081955582686,25393.13574065785,45867.7958980837,42.47832296910981,25755.388503457474
2023-04,,,2.0,4.0,2023.0,15.5,2122816.864259044,7270.530071979049,888.9157969654923,769.4213063702582,12582.587732614882,4063.755279113847,1097.2654349229435,4767.104558572603,201883408.67779118,21356953.08151303,175183162.2583301,8358868.556803628,376.3509728104399,117.82309491515093,46.4578178724276,49.9254698318525,52.52086626480445,17947305.444612727,6002673.686880478,219.1617153958277,150.31250539123468,241.09818883882957,320.4028159892834,262.65731555771214,30197.009835331395,87199.24823159928,86389.21141265705,29.06001856451982,18.953031787796355,61.57232836852428,172.65459928288288,211.4165070545033,105.05171811104714,15.388229517758875,101.37659150486886,103.48039119038224,9.921048488453236,5.6630064732147085,98.47653548716637,103.02726068982791,47030.383812938875,32073.068257165767,95.69125609717756,71397.65967470099,79.59046818978709,79.59046818978709,1809.1030319997049,48.505346433438326,1893.6295339081275,30.222596745531675,433031.60652922,4026.6474770159966,107.75882832049679,20.219060599046376,103.7960411585368,57503.27936962082,8309.298026507411,25.55203039950128,1.8212045608428948,8522804.077890439,58951.716652972944,9392.836298158361,1595.4312700119756,25393.13253620461,45865.07529635693,42.476127095628186,25754.5862616157
2023-05,,,2.0,5.0,2023.0,16.0,1964371.248120213,8089.492150815086,886.1283660108148,767.809621633626,9569.166095561954,3379.590740543301,997.147054919112,3639.4080428718667,339116180.4409108,14906943.569891354,276199463.5437268,13398827.921730805,376.342251649372,117.797230149276,46.00984744689941,49.194834830504895,52.479259080525075,17944480.84074541,5998263.883316946,176.24512806729126,158.17414736880292,241.09809261381022,307.3954260264107,240.55332931594555,38608.172987751605,84502.87907886902,79661.96554139357,29.02492714988279,18.612051758460513,61.57029872182304,166.4432032796871,174.34929922201232,104.95152363724571,15.388140946050514,101.08106383582536,105.59666263195886,8.674157677614097,4.222353697323515,105.14921885204004,103.02508796946528,43571.90201848269,32057.339465250767,95.68182047964962,71386.76724148936,79.55543296745749,79.55543296745749,1809.1002628350607,48.50446061686052,1893.627697214633,30.032775966104488,433031.54691246094,4027.754402119744,107.75602863600687,20.214324153793708,103.79604115853772,57495.941527381015,8309.29053239449,28.05001223980854,1.8205863127345805,8511484.749316487,58981.032295857534,9378.777543195018,1597.9623558201588,25393.129331286982,45862.36339072704,42.473924875427095,25753.782550065825
2023-06,,,2.0,6.0,2023.0,15.5,1936955.915956723,7262.3523336492335,883.3902977731493,766.2226009126033,12876.406385473558,4383.095818825075,1076.7392529737417,5110.254610460697,389435778.28435946,23028187.102538466,278719475.8139358,78523480.91495024,376.3335548785325,117.7715268623643,47.03810768170457,50.44920232579644,53.44355613140046,17931949.811610788,5993905.773897437,188.55785182816254,164.5976643412541,241.09799641364208,294.04999804283693,227.6927778390213,36699.60586195175,88037.2967232459,79212.11600058105,28.99037169951511,18.289833592857143,62.10914279008582,190.2656795522053,179.08949247532982,112.35875339444522,15.052845585445194,100.87958818206707,109.2204306062032,10.105327045722307,4.85425265635097,104.94674482124144,100.32307189106098,41905.62835058515,32041.718687243607,95.67235867390535,71375.82132174788,79.52022207270977,79.52022207270977,1809.0974922754508,48.503576359904784,1893.6258594781216,29.821891211293913,433031.4872866782,4030.0487957891332,107.75323484132065,20.209618287214894,103.79604115853635,57488.583155112814,8309.283042395653,30.88847015409863,1.8199653165165304,8500347.377165167,59020.478205157,9364.535578325935,1600.4064529194281,25393.126125904888,45859.66013956637,42.47171628095083,25752.977364765404
2023-07,,,3.0,7.0,2023.0,16.0,2005345.6673122118,7032.840096402499,1039.3148884417571,907.7945871973607,15175.853671007593,3415.3717929253194,906.4991700054956,5632.284022669439,552545941.1023022,35497719.6339449,422684233.7706525,113311476.50377956,436.9356579218843,177.22670152170514,46.93197366533421,50.236197938632095,53.3188542114432,21167028.138644345,9021816.137788096,221.3404326597768,149.44771158694672,241.0979002383155,280.3531810802674,214.48054642200253,33022.641196916935,88750.65929677844,80096.41924827993,51.134785830641185,26.82844483145757,62.10748560637869,189.8896507762408,186.5370902404564,112.33777027935051,15.387963639432938,100.73638341300615,109.34244577759677,10.647392655983232,4.612878099664477,107.98475427440776,104.12767865457208,45110.05008071687,34388.754756114264,93.32962982513807,71109.75164772451,81.09830837906466,81.09830837906466,1813.6669063060128,50.62553481618443,1909.414491695097,30.51733861154009,433031.42765187006,4031.961362937894,107.75044691787173,20.204942704137125,103.79604115853544,57481.20416653629,8309.275556507513,34.14210563451359,1.8193415538249305,8489387.609037325,59223.676066956235,9350.109078247839,1602.7681937818504,25393.12292005821,45856.965501512575,42.469501284484025,25752.170701657127
2023-08,,,3.0,8.0,2023.0,16.0,1995646.1397767256,6975.789571502613,1036.1956504867298,905.967076321174,15763.685938700588,4876.7496566161935,988.021490601355,5688.770647817738,961964067.608503,45339997.43776783,728735924.0262878,158498200.0163425,436.9044913204663,177.18849325291,47.000269102118956,50.8266244974395,53.24746674139042,21156307.75079493,9015403.42385763,187.3449114736929,177.42238705859143,241.0978040878209,266.2909117317301,200.9020097286884,30739.35241016601,85094.2736636208,81205.16487167058,51.10763942484997,26.565705673668003,62.10582599272306,196.59147782904358,195.15558248103198,112.3168650112961,15.387874904423457,100.41310197486484,114.50319962980062,10.553506252861107,5.375043563166113,109.19259592704506,104.22818932926891,44054.291827978435,34381.10823571882,93.32034737604614,71093.70490075901,81.06202018833571,81.06202018833571,1813.6641259441164,50.62414053933138,1909.4126365280304,30.33858143354273,433031.36800803436,4033.594904352749,107.74766484717165,20.200297113174397,103.79604115853544,57473.804474887314,8309.268074726688,37.909197464308356,1.8187150061319828,8478601.230248323,59398.153589426984,9335.490246503181,1605.0518773741599,25393.11971374686,45854.279435466524,42.467279858150356,25751.362556668788
2023-09,,,3.0,9.0,2023.0,15.5,1999405.842999376,7703.193406295294,1033.1302218638975,904.1669047321733,17351.321418844753,5330.37508785669,1177.9360278642573,5789.172477713746,785104544.5868587,79577246.69798768,419892970.41464216,113198926.41741183,436.8734145187897,177.15052131289013,47.55904595151714,51.22554829095114,53.13692180243124,21145672.89223743,9009064.584294695,185.9682329616008,154.1432864214024,241.0977079621486,251.84836597591087,186.94172005655312,24136.72914324812,90493.04802007756,83324.57004052473,51.08086502307263,26.31320014179161,62.10416394377043,192.82062960876075,190.4534133363685,112.29603715786702,15.387786114879887,100.58546298697031,101.69693291561596,14.101407237842164,5.150782049520425,110.60581718260269,103.22287200869738,38522.81665683184,34373.50977091924,93.31103905614614,71077.58106088423,81.02554866369721,81.02554866369721,1813.6613441805528,50.62274873693119,1909.4107803065588,30.164857949243864,433031.3083551693,4034.4835623416675,107.74488861080968,20.195681226667052,103.796041158535,57466.38399291421,8309.260597049795,33.49776938548762,1.8180856547440731,8467984.158424012,59550.61430343386,9320.677350954147,1607.2614993459285,25393.116506970742,45851.60190059003,42.46505197391145,25750.552925713197
2023-10,,,4.0,10.0,2023.0,16.0,2123784.3807492116,7450.7030875985465,1621.3655372217968,1304.3426879536614,17954.706234319317,5304.15899020721,1279.5832355192995,6314.637045262403,577359280.3473445,73953362.52628106,338154651.4794651,136376526.49894184,474.199352202972,94.21865182387131,47.23819815474687,50.76619132718736,53.11698563048385,22826638.37662038,4927289.910936348,237.5709438358976,155.2982310502963,241.28460359867333,180.07558688224074,139.47855723911542,27659.445817329637,78465.0486566471,76806.26732042503,78.95735691827616,34.692804571386645,65.84789246770671,216.18205439177336,208.3510586639376,112.2122856586602,16.051562437573587,101.09812403682392,104.951506345155,15.432256865178163,5.598692529464184,107.56962689261894,100.94950210800295,36255.2217853647,42917.86901690927,97.93331860059321,70242.17972774868,75.12211223023262,75.12211223023262,1812.5153777219275,50.12089572220928,1899.8801129107374,29.66717316442231,429902.43730458774,4031.5081204329863,108.37596303512078,20.99426849994744,103.79604115853635,57269.341537825305,8297.748538564014,41.74949459406649,1.7091747854014092,8613654.062542347,59397.132148781886,9062.032466896433,1496.266201592737,25163.74216153513,46562.22863731543,42.05089008211816,25473.103766017557
2023-11,,,4.0,11.0,2023.0,15.5,2147214.577849329,7590.572223419159,1618.861875624494,1302.4915296575448,17879.582038145538,5300.986040525924,1312.7695658553819,6232.3035452639515,877566684.5490253,50960160.89996547,513788120.57548296,53369037.83267922,474.1539147277837,94.18811474704486,46.97777585135661,50.681849924330436,54.15975546435048,22810666.81478051,4921862.079349174,220.3390757475329,154.09640813394915,241.6589991320424,167.62746029906128,122.37401343157127,32743.877225544347,84480.14864695736,79835.13531600223,78.71558216326389,34.29223644026989,61.82944563589796,224.99935198864048,196.57195315929886,105.85971084479573,16.287529034145695,101.27195472770543,103.34086410782572,13.055815404839615,5.522545433056898,102.6808138295476,102.4855874859284,34881.61422744978,42900.43229694167,97.92348520721089,70219.07287334294,75.09089552309906,75.09089552309906,1812.5091626882715,50.11903630158693,1899.873707054708,29.49443419695073,429902.3341581272,4031.8191963974623,108.37245618396902,20.98666388177917,103.79604115853544,57263.30862804918,8297.729731347476,46.2434613062593,1.7086273359021364,8599688.528060226,59468.749435917875,9049.278198216605,1499.054982308712,25163.736630733914,46557.261880787366,42.04814991849812,25472.429444512996
2023-12,,,4.0,12.0,2023.0,16.0,2486645.4440359687,7507.140026396164,1616.3949333931726,1300.666367910888,21426.606452743974,6130.374248132685,1536.320448028946,7545.1122616984985,2744806074.60496,128243305.838206,1610899270.9230068,845625582.6643816,474.1086104999936,94.15777440531124,47.185033469750955,50.67789836768582,54.88124153516424,22794829.58327507,4916502.098215817,189.9202768779594,169.4873801676025,241.65883022101013,162.12213497136963,115.05663606827021,27443.857051496743,87712.0908766502,81507.11133653608,78.47830061985165,33.90886553431226,65.1571163136868,248.69502393319092,180.92885894773644,113.4300570300695,15.735059659498047,101.17687773210976,109.04331342656229,10.476797255701005,5.91434443645082,108.03043973361528,103.99808688162294,35506.85364867156,42883.11099915308,97.91362440183136,70195.85899601501,75.05951766177485,75.05951766177485,1812.50294454312,50.11718021740789,1899.8672975932675,29.326787012661786,429902.2309960777,4032.114369345981,108.36895672046356,20.979110200947442,103.79604115853772,57257.25846875501,8297.710934493502,51.59530937188996,1.7080773913257246,8585950.866410239,59534.07881572188,9037.640273230048,1501.7489821770828,25163.731099132274,46552.31151779795,42.04540183548996,25471.7538741502
2024-01,,,1.0,1.0,2024.0,16.0,2373603.820670845,6800.282261241449,1026.5902992410536,938.3105090123064,10208.877770014657,3602.2118446506884,783.3018875669966,3656.7735940170815,8075345.729495493,2226695.982534516,1780905.6484934718,1033082.7312590062,325.2995632568514,120.3744640825523,47.32482634239224,50.57610465373652,54.942322934783796,15722720.274046944,6450091.761437497,247.95204377955469,207.6129157431472,241.84616094368275,207.5889452115952,149.99439571819005,27811.259495494287,92213.40097397489,84975.11373490116,29.135605604745113,24.859473624086466,61.553954955817936,270.0687098050381,247.44580482897427,159.40270033209725,15.387430410358155,101.1056679746086,106.61513561055936,14.628898378755819,3.3504226033818885,72.07953145682737,103.32660814403522,43537.47072422256,31751.79914553422,94.96374180314736,69643.27731708882,74.95839422211894,74.95839422211894,1811.122428254559,48.39045973729892,1912.6433187589253,31.24227854898711,432637.9639360218,4023.260415726608,109.100894349446,20.971931836920593,104.88881691649205,56479.0046861337,8336.637724510823,27.87718813399122,1.7676515972708085,9273951.769417368,58575.808234364304,9700.125426635732,1354.7881077458003,25371.031066123644,46725.78574283573,41.72404367801787,25465.318125483787
2024-02,,,1.0,2.0,2024.0,15.0,2192600.5894794585,6798.031236611291,1025.1731956900196,937.1033348385628,14522.743364182395,4394.3708507992515,1022.7947714396383,4944.36042269286,42350848.40969957,7793391.971529578,26563160.98607628,2571101.0425683367,325.2767467998,120.3204301556958,47.18112882973797,50.41724290388387,56.734903851776934,15704992.972581046,6440159.438414178,189.31096613191482,152.35442956681737,242.59937277581054,244.79188138332734,157.5923093561038,36263.518387828466,89803.63408906656,84219.7527168425,29.06047865610491,24.73277719226779,61.55189856375965,219.31994760202286,206.52152233264962,106.71548307323343,15.381714189415419,101.38532070387251,106.33237944123395,10.864192276039123,5.871617021674296,92.20569282777988,102.5909472895013,47088.23567129611,31727.809590866036,94.95641057789192,69627.07799201754,74.92977858125347,74.92977858125347,1811.1196433536106,48.388682441891746,1912.637762709846,31.138417649298855,432637.8745514699,4023.6131916002514,109.09666815031841,20.964686850251464,104.88881691649112,56470.2725680816,8336.62271155976,30.09837143440009,1.7669194624517988,9256112.605176862,58613.87893553471,9756.674663086433,1471.3135555206418,25371.02626083642,46721.67856302318,41.720768784903456,25464.252372825147
2024-03,,,1.0,3.0,2024.0,16.0,2345875.1350329285,7207.911889228297,1023.7755129377314,935.9120768719316,17324.739061254768,4923.701259654297,1144.858841151951,5801.416451763191,172791163.86269167,12189003.855933,142902345.47688845,3768024.8547721813,325.25399551999465,120.26675014536345,47.53207281508847,50.75914584615271,55.71782017597804,15687426.329321282,6430354.770908647,207.94306882273992,152.17387350674508,242.5990812461689,212.02204904061142,126.93266131242927,41079.986155439314,91537.79844274199,83446.89083513456,28.986647593517322,24.609734681494004,61.54983916740196,221.7310434330872,224.28786346516117,108.12309738211542,15.330617174869776,101.25692229099104,105.7107360034304,11.737443057484732,5.003303516188356,107.48604508985778,104.15919496990463,47844.62782612191,31703.993724769876,94.94905839430972,69610.79970291692,74.9010114827631,74.9010114827631,1811.1168570465795,48.38690831757206,1912.6322035189944,30.955994383305093,432637.7851533922,4023.948157782648,109.09245087015283,20.957489094887364,104.88881691649158,56461.51612115775,8336.60770685723,32.57091272576757,1.7661840948517398,9238567.28800768,58650.07135317879,9739.612452523892,1528.0248581597436,25371.021454852947,46717.58455344526,41.71748445366471,25463.184671276635
2024-04,,,2.0,4.0,2024.0,15.5,2120866.655267814,7072.795107968575,951.3189563585908,821.6766329628227,13898.734665768603,4546.944098892309,1114.5817936536794,4958.130698215755,223844544.90372157,20152005.81189128,198754450.44110683,8995642.34020544,382.5790649167717,121.95303105596192,47.855605673867814,51.46838993296392,54.5896272419615,18711878.889225453,6376650.030320715,236.22343079165557,160.00209143685206,241.47072852726106,117.59641040260969,67.34664444714006,34935.71967066279,91137.24646319855,90252.73926582132,31.34002784677972,21.36363814535564,61.01256556138372,185.6091985657657,227.86634740900658,107.17010292209429,15.330510954019992,101.54988725730328,104.29646942845869,10.351310610566543,4.926012946429418,98.74566935895795,103.83407586228488,52194.06057552666,33214.33532145721,93.98907012147195,69173.98951205147,76.78856182774452,76.78856182774452,1803.6045479995569,49.00801965015749,1887.1590678162545,33.403245931914604,432637.69574178546,4024.266722172336,109.08824248074524,20.95033811046548,104.88881691649112,56452.735243544994,8336.592710396439,35.340037999376605,1.765445473011474,9221308.61683566,58684.53146083798,9721.131929038133,1531.2370181396045,25371.01664817308,46713.50365085512,41.714190643442286,25462.115015487598
2024-05,,,2.0,5.0,2024.0,16.0,1962566.463240427,7868.984301630175,947.9740392129778,819.6620270420323,10561.457619452442,3777.4884256791247,1012.8627398921492,3784.7600535898328,375674270.6613663,14061929.26985514,312950642.6071585,14413103.987596205,382.5616225946358,121.91423390714958,47.39069489379879,50.71126966100979,54.53961816797282,18706229.681490827,6370035.324975419,189.87735293458243,168.31603663760583,241.47058418973202,101.98754244716238,49.8626880106264,44588.60948162741,88304.79861830355,83211.40692674197,31.28739072482419,20.954462110152615,61.01012998534222,178.85414845937424,187.82763074402462,107.06433757449145,15.330404667969955,101.25382979478172,106.42888350927849,9.048989213136917,3.666824436788218,105.43652356505008,103.83135996183162,48312.48242217923,33194.67433156347,93.97727559956202,69157.65086223405,76.746519560949,76.746519560949,1803.6003942525915,49.00669092529078,1887.1553944292648,33.16596995763061,432637.60631664674,4025.406570383574,109.08404295401031,20.943233442586468,104.88881691649112,56443.929832857226,8336.577722170598,38.46251529976068,1.7647035752814964,9204329.623974733,58717.38964419126,9702.388440068911,1534.345275278762,25371.011840796644,46709.435792410266,41.71088731314063,25461.043400087765
2024-06,,,2.0,6.0,2024.0,15.5,1935176.1829134482,7063.940417061542,944.6883573277793,817.6782511407541,14200.208513964744,4894.127758433433,1093.68710356849,5313.672813947597,431044722.8554493,21716616.74005129,315399249.99491984,84430357.30868779,382.54422905295695,121.87567897678196,48.44629340041401,52.00031869671925,55.53493158958992,18690483.37393295,6363498.160846158,203.04903695632512,175.09532868250815,241.47043988947982,85.97302886687388,34.430026238317325,42311.95732743968,91983.44008486882,82728.4575007263,31.235557549272666,20.56780031142857,61.543642886550465,204.3653505029405,192.8456516506596,114.61689644551649,14.996349670593595,101.05198522758384,110.08064590930479,10.540436060963078,4.2085053127019405,105.2334310265518,101.10768626927315,46423.954020702186,33175.1483590545,93.96544834238169,69141.23198262183,76.70426648725173,76.70426648725173,1803.5962384131765,49.00536453985719,1887.151718956244,32.906269453552696,432637.5168779728,4027.7322853283104,109.07985226198096,20.936174642718264,104.88881691649158,56435.09978613537,8336.562742172922,42.01058769262328,1.7639583798198364,9187623.56574775,58760.235741169585,9683.400621290035,1537.3549333893554,25371.007032723497,46705.38091566925,41.707574421426244,25459.9698196872
2024-07,,,3.0,7.0,2024.0,16.0,2003502.95462442,6840.260144603748,1111.0178661301081,968.4182339967012,16722.804894676792,3809.7435858506383,920.7487550082434,5855.740827203328,611061254.8030692,33466305.46525987,477706504.7958155,121782156.52156708,444.13655219259397,183.38488918268945,48.33348560018629,51.77681791635149,55.39856776430401,22059262.518192466,9575269.70668214,238.24279911303574,158.92875647389346,241.47029562648999,69.53684851179052,18.5753485378948,38009.13899614617,92713.97394516767,83638.91156034991,55.06957166128239,30.135556039321973,61.54157140691656,203.87508993498776,200.77418048091275,114.59171670740288,15.330191900028865,100.90851121734154,110.20305722199592,11.104202515298393,3.992361325148489,108.27967236587702,104.94151798185814,49930.56821417205,35601.6321341714,91.6620372814226,68877.66886363264,78.21797005487755,78.21797005487755,1808.1503594590188,51.14882433772704,1902.884510773561,33.64667326442512,432637.4274257605,4029.6755277495745,109.07567037680755,20.929161268101602,104.88881691649158,56426.244999843526,8336.547770396643,46.077632043141975,1.7632098645899164,9171183.913555983,58966.028922739526,9664.167226590347,1540.2709244634302,25371.00222395348,46701.33895858858,41.70425192672604,25458.894268876167
2024-08,,,3.0,8.0,2024.0,16.0,1993812.1995534515,6784.334948929981,1107.2747805840759,966.1338454014676,17357.023126440705,5434.499313232385,1003.5322359020323,5913.724777381285,1062946101.4127543,42732910.175321385,822580003.0944314,170273489.84179002,444.0949967240367,183.32757677949675,48.400336377648685,52.381378027297906,55.31766676007136,22044968.667726573,9565650.635786444,201.56079064738583,188.61896761718282,241.470151400748,52.66212529354578,2.2811045059177797,35323.38482033203,88880.217079526,84783.50608958822,55.015278849699925,29.807132092085,61.53949688984702,210.98218550539147,209.956326262064,114.56663038573757,15.33008541801748,100.58465296229728,115.40383955576077,11.004675003814816,4.643804453957639,109.4907449088063,105.04228399390335,48720.43774196767,35590.162353578235,91.65043422005768,68856.27320101201,78.17442422600284,78.17442422600284,1808.1461889161747,51.14696530192296,1902.8808004394284,33.423226791928414,432637.337960007,4031.3390673942627,109.07149727075752,20.922192881657512,104.88881691649158,56417.365369864776,8336.53280683499,50.78649683038542,1.762458007358379,9155004.345372483,59143.15511630841,9644.676917784096,1543.0978418722837,25370.99741448645,46697.30985951948,41.70091978722554,25457.816742225048
2024-09,,,3.0,9.0,2024.0,15.5,1997568.306999064,7491.290109442942,1103.596266236677,963.8836309152167,19090.482128267133,5934.250105428028,1196.4040417963859,6017.344955427491,866806059.4491452,74979457.96698153,473391217.6558026,121557056.34883164,444.053560988468,183.2706188694669,48.972250245957014,52.78852044914135,55.196152253039045,22030788.85631657,9556142.376442043,199.9909772821344,163.81990614280488,241.4700072122397,35.33107038656261,-14.471243100644505,27691.95828649624,94504.3170301163,86982.87006078709,54.961730046145256,29.49150017723952,61.537419328656256,206.8497283783477,204.806826672737,114.54163696162264,15.329978870565204,100.75728398262709,102.49631949873914,14.702110856763243,4.442017002380354,110.90775624347023,104.02859001087171,42567.37998819819,35578.76465637885,91.63879882018269,68834.77474784563,78.13065839643666,78.13065839643666,1808.1420162708296,51.14510956538937,1902.8770879964848,33.206072436554834,432637.24848070927,4032.2573309573672,109.06733291621453,20.915269051896487,104.88881691649205,56408.46079149705,8336.517851481209,44.563323262585136,1.7617027856928875,9139078.73763602,59298.287435478574,9624.927857144621,1545.8399699677716,25370.99260432228,46693.293557204735,41.697577960867186,25456.73723428427
2024-10,,,4.0,10.0,2024.0,16.0,2121832.3862728514,7245.274501354305,1731.3279557349415,1390.0179332829487,19739.438219412164,5899.44404427421,1299.6187262582753,6562.705232026754,636925328.1031704,69659836.27888829,380786044.8973592,146384414.04602277,481.9823021337126,97.46432120592459,48.638401321166974,52.31121934441185,55.168817220441284,23778794.942549866,5224994.358458228,255.37287639334426,164.99661835063748,241.6571435108524,13.315098237807081,-25.620374419192032,31684.153178083907,81930.35421153126,80166.09381634241,84.91839560524974,38.84149519489358,65.24652634582402,231.8160754880323,223.955317368272,114.45247755217022,15.991242703402646,101.2707961847027,105.77593539973331,16.087327698856352,4.819356882006291,107.86321077375824,101.7369628419444,40028.692071025805,44418.334579752096,96.17561684206629,68019.89038101776,72.43012566190095,72.43012566190095,1806.998138042968,50.637633742634705,1893.3771786585519,32.63329089950889,429511.1950434739,4029.3128162154417,109.70479389603202,21.74009607596005,104.88881691649068,56213.42587490878,8324.960590707144,55.17141902930893,1.6560321447317634,9291814.369918892,59148.686606231844,9386.989664368672,1439.6477275361776,25141.8165107347,47415.65964638397,41.289754909788016,25182.177165302324
2024-11,,,4.0,11.0,2024.0,15.5,2145240.897241893,7380.805237196309,1728.0374617140797,1387.5794351872735,19642.245526204657,5890.4024841548035,1333.2978966052444,6476.338389286559,967333306.3015553,47987172.27656731,577888318.548112,57261679.1571604,481.92548944474953,97.42344455396083,48.366828638838996,52.220409012202865,56.24515473621564,23758861.20202148,5217748.802344526,236.74731060610802,163.66991928112708,242.03206910425297,-0.5866790344724448,-38.33047742391253,37451.335194431726,88197.42246390024,83314.77264408597,84.62121284370492,38.35256330591685,61.264348535088956,241.17355436194092,211.20271361584687,107.96957065610785,16.226303394274815,101.4448991572101,104.15210998037256,13.60805721221891,4.7447874642177,102.96099121867495,103.28451118047579,38480.90039261398,44395.931197040925,96.16332733658001,67991.64203560488,72.39196796999344,72.39196796999344,1806.9905420520722,50.635311592400036,1893.368939344974,32.41891577197649,429511.06231708155,4029.6522464429386,109.6998877092788,21.730020637503948,104.88881691649158,56205.87948363018,8324.934287148044,60.7222429784111,1.6553637082459545,9272336.140501527,59223.1559288369,9369.126374314003,1442.8801118160793,25141.809392617342,47409.300449447626,41.28591461789307,25181.23340097981
2024-12,,,4.0,12.0,2024.0,16.0,2484359.5896535977,7299.199833263431,1724.7949440978173,1385.1749829595874,23521.741855291933,6805.752396877087,1560.3132726095803,7839.5911311096215,3023200219.640632,120725109.10115065,1809807061.2988238,906931359.1546,481.86884321585967,97.38283040011221,48.57678520125703,52.21245542598196,56.987662427248296,23739094.711631063,5210593.277158195,203.97605562267395,179.96284868545658,242.03185194362388,-15.413856757856836,-54.60553548330513,31342.642624752923,91557.47548382351,85046.76581537254,84.3295468276719,37.88457168986168,64.5611516892199,266.4661454998513,194.3123007784056,115.68705063485196,15.675892245320512,101.34963521130041,109.89876501303732,10.918393811202424,5.071516630102008,108.32514723112604,104.808274908706,39139.41986259338,44373.67602097468,96.15100354349102,67963.26281676657,72.35361322963666,72.35361322963666,1806.982942258204,50.63299360669475,1893.3606953918047,32.21081558351395,429510.92957062734,4029.9750520953808,109.69499185435123,21.72001247862429,104.88881691649205,56198.31149666347,8324.90799808055,67.33897224548382,1.6546922244334574,9253174.891807916,59291.290383835556,9353.03624672826,1446.0104502126649,25141.802273469715,47402.96218628785,41.28206322156356,25180.287888229883
2025-01,,,1.0,1.0,2025.0,16.0,2371421.71289446,6611.48552405406,1095.053732321405,998.9473453497417,11199.053324017583,3995.454213580825,795.5188688281627,3799.031458689442,8887529.411869366,2095516.2330414185,1998565.53561684,1107528.9264688406,330.61682950229635,124.48574923543819,48.71727874738831,52.10372456717066,57.04436493608539,16371785.986388106,6834004.201796873,266.1902039954099,220.37904790393398,242.21942381411185,-42.56473971787312,-102.17413904241334,31716.01266065905,96241.41146096226,88652.06831320153,31.294507005931386,27.745964832115284,60.99051746613609,289.25290340671745,265.637417205299,162.5691918427964,15.329552025139124,101.27827930371004,107.45099154565256,15.243347568133727,2.8672301378425167,72.27612003296527,104.13104283470774,47953.96486906708,32852.265669789915,93.25165573752984,67422.36975611842,72.24799277764869,72.24799277764869,1805.605230125571,48.88807467162365,1906.0910916785674,34.28970473198281,432244.1425466659,4021.1528216619217,110.43452579926137,21.710407257158064,108.10791505047428,55432.83880048931,8363.954915457043,36.17262576078947,1.7122601968159434,9990004.025889823,58339.87723784461,10153.653927557483,1304.977694679715,25348.91998407563,47578.30812799411,40.96539157069049,25173.647656854737
2025-02,,,1.0,2.0,2025.0,14.5,2190584.727639279,6608.859328652211,1093.1642609200267,997.3377797847504,15920.033924879455,4869.7659925991275,1038.7263619195178,5136.087159808337,46574912.1446495,7332000.302039438,29776942.70042232,2755274.199082005,330.586407559561,124.41820682686756,48.56595766106185,51.93624112985484,58.89862981472115,16351104.134677887,6821588.798017723,203.1509371382978,161.67495372242314,242.97374999478455,-83.12217792500901,-150.51525419186154,41296.1025817427,93712.15511133321,87850.92839605313,31.20059832013113,27.57703625635705,60.98804979566614,234.8075491693637,221.6120297768661,108.8318538415418,15.323839164269275,101.55838484464695,107.16547430154243,11.318923034718832,5.014521277092869,92.45711603472485,103.38913674740158,51824.88280555533,32824.27785601038,93.24188077052256,67400.7706560234,72.21222322656683,72.21222322656683,1805.601052774148,48.88585305236467,1906.083683613128,34.15122353239847,432244.0233672636,4021.531762411314,110.42889086709124,21.70074727493256,108.10791505047246,55422.65132942853,8363.932396030448,38.83804572128012,1.7114060395270985,9966218.473569153,58380.67287195374,10220.815272526379,1417.7215436292895,25348.913577026007,47572.83188824405,40.96102504653793,25172.31546603144
2025-03,,,1.0,3.0,2025.0,16.0,2343718.1883772383,7006.867833842445,1091.3006839169752,995.7494358292422,18978.36223813057,5451.601679539063,1162.6686480106093,6025.6525270570555,189883250.81692225,11463801.223119605,160019014.75585133,4036334.449696242,330.55607251982036,124.35110681395209,48.923798236209876,52.28461509645755,57.83602521997254,16330609.717541495,6809332.9636358125,223.0531240303199,161.4361324089935,242.9734098768693,-107.68357643908293,-169.53411825009437,46715.81338652717,95507.39805342747,87031.8635439182,31.108309491896648,27.412979575325327,60.98557852003691,237.2973052107829,240.57736635354823,110.2638458905385,15.272916314605851,101.42974267282284,106.538420004288,12.227016900398855,4.263964219426025,107.77906763478668,104.96906079822209,52617.35339134628,32796.49267889819,93.2320778590796,67379.0662705559,72.17626435345387,72.17626435345387,1805.596873313602,48.883635396965076,1906.0762713586594,33.92719325996611,432243.90416982654,4021.8922541664124,110.42326782687049,21.69115026778043,108.10791505047293,55412.435474684054,8363.909888976654,41.80509527092109,1.7105481106603628,9942824.717343574,58419.53088405832,10199.429974687097,1472.8774163708224,25348.90716904805,47567.37320880681,40.95664593821961,25170.980839095795
2025-04,,,2.0,4.0,2025.0,15.5,2118916.4462765856,6875.0601439581005,1013.7221157516893,873.9319595553874,15214.881598922324,5030.132918670771,1131.8981523844152,5149.156837858907,245805681.129652,18947058.54226953,222325738.62388352,9632416.123607254,388.8071570231034,126.0829671967729,49.25339347530807,53.01131003407536,56.658388219118535,19476452.333838183,6750626.373760953,253.2851461874833,169.69167748246937,241.8432682156925,-85.2099951840639,-127.96402666343184,39674.42950599419,95075.24469479779,94116.2671189856,33.62003712903962,23.774244502914904,60.452802754243116,198.56379784864856,244.31618776351002,109.28848773314144,15.272792390281104,101.72318300973772,105.11254766653515,10.781572732679852,4.189019419644127,99.01480323074956,104.64089103474186,57357.73733811444,34355.602385748665,92.28688414576635,66950.31934940201,73.98665546570193,73.98665546570193,1798.106063999409,49.51069286687665,1880.6886017243821,36.58389511829751,432243.78495435097,4022.235727645346,110.41765664099366,21.681615621884575,108.10791505047246,55402.19111746916,8363.887394285466,45.12804559925191,1.7096863851800532,9919813.155780878,58456.59885183217,10176.327714653933,1476.47364148865,25348.900760141547,47561.9320053533,40.9522541912564,25169.643769359493
2025-05,,,2.0,5.0,2025.0,16.0,1960761.67836064,7648.476452445262,1009.8197124151407,871.5144324504387,11553.74914334293,4175.38611081495,1028.5784248651867,3930.1120643078,412232360.8818217,13216914.969818925,349701821.67059016,15427380.053461608,388.78099353989967,126.03123766502311,48.771542340698176,52.22770449151466,56.59997725542058,19467978.522236235,6741806.766633892,203.5095778018737,178.45792590640878,241.84307576565388,-103.42034113208577,-140.8279532946926,50569.04597550322,92106.71815773807,86760.84831209037,33.549854299765585,23.29687246184472,60.44996124886139,191.2650936390613,201.3059622660369,109.17715151173715,15.272668389889395,101.42659575373806,107.26110438659808,9.423820748659736,3.1112951762529213,105.72382827806007,104.63763195419794,53053.062825875764,34332.00919787616,92.27273071947442,66928.53448297872,73.9376061544405,73.9376061544405,1798.1005256701221,49.50892123372104,1880.683091643898,36.299163949156735,432243.6657208325,4023.3994731990124,110.41205727201375,21.672142731379232,108.10791505047337,55391.91813833341,8363.864911946703,48.875018359712804,1.7088208378284124,9897174.498632973,58492.00874668583,10152.89786517826,1479.9607717908941,25348.894350306302,47556.508194093476,40.947849750854175,25168.3042501097
2025-06,,,2.0,6.0,2025.0,15.5,1933396.449870173,6865.52850047385,1005.986416882409,869.1339013689052,15524.01064245593,5405.159698041791,1110.634954163238,5517.0910174344945,472653667.4265392,20405046.377564114,352079024.17590374,90337233.70242536,388.75490322738136,125.97983109119964,49.85447911912344,53.55143506764206,57.62630704777937,19449016.93625511,6733090.547794878,217.54022208448762,185.59299302376223,241.84288336531762,-122.103940309089,-158.8327253623865,47924.308792927615,95929.58344649182,86244.79900087159,33.48074339903021,22.84576703,60.97814298301514,218.46502145367558,206.60181082598945,116.87503949658772,14.939853755741995,101.22438227310059,110.94086121240645,10.975545076203847,3.5627579690529103,105.52011723186216,101.89230064748536,50942.27969081921,34308.57803086541,92.258538010858,66906.64264349575,73.8883109017937,73.8883109017937,1798.0949845509015,49.50715271980958,1880.6775784343656,35.990647695811475,432243.5464692673,4025.747930369768,110.40646968264124,21.662730998221626,108.10791505047199,55381.61641715793,8363.84244195019,53.13270523114794,1.7079514431231424,9874899.754330333,58537.30844057221,10129.162619504197,1483.3441281116968,25348.887939542103,47551.101691772135,40.94343256190165,25166.96227460901
2025-07,,,3.0,7.0,2025.0,16.0,2001660.2419366287,6647.680192804997,1182.7208438184596,1029.0418807960414,18269.756118345987,4204.115378775959,934.9983400109912,6079.1976317372155,669576568.5038366,31434891.29657483,532728775.8209787,130252836.53935468,451.33744646330354,189.5430768436737,49.73499753503836,53.31743789407089,57.47828131716482,22951496.89774058,10128723.275576187,255.14516556629468,168.40980136084016,241.84269101466447,-141.27948405668656,-177.3298493462131,42995.63679537541,96677.28859355688,87181.4038724199,59.00435749192358,33.44266724718636,60.975657207454425,217.8605290937347,215.01127072136916,116.84566313545521,15.272420160624788,101.08063902167692,111.06366866639507,11.561012374613547,3.371844550632501,108.57459045734629,105.75535730914422,54751.086347627235,36814.509512228535,89.9944447377071,66645.58607954081,75.33763173069049,75.33763173069049,1802.633812612025,51.672113859269636,1896.354529852025,36.776007917310146,432243.42719965096,4027.713564364069,110.4008938357434,21.65337983206607,108.10791505047199,55371.2858331508,8363.819984285772,58.013158451770366,1.7070781753549022,9852980.218074648,58744.886879815276,10105.120252388657,1486.6286694472535,25348.88152784876,47545.71241566457,40.939002568968036,25165.61783609521
2025-08,,,3.0,8.0,2025.0,16.0,1991978.2593301772,6592.880326357346,1178.353910681422,1026.300614481761,18950.360314180823,5992.248969848579,1019.0429812027099,6138.678906944834,1163928135.2170055,40125822.91287495,916424082.1625754,182048779.66723752,451.28550212760683,189.46666030608344,49.800403653178435,53.93613155715629,57.38786677875229,22933629.584658217,10115897.847715257,215.77666982107868,199.81554817577424,241.84249871367524,-160.9666611446386,-196.3398007168528,39907.417230498046,92666.16049543118,88361.84730750587,58.92291827454989,33.048558510502,60.973167786971,225.3728931817393,224.7570700430961,116.816395760179,15.272295931611508,100.75620394972971,116.30447948172086,11.45584375476852,3.912565344749167,109.78889389056759,105.85637865853779,53386.583655956885,36799.216471437634,89.98052106406924,66618.84150126501,75.28682826366997,75.28682826366997,1802.6282518882326,51.66979006451452,1896.3489643508265,36.5078721503141,432243.3079119796,4029.399107809407,110.39532969434336,21.64408865014062,108.10791505047108,55360.92626484223,8363.797538943294,63.663796196462535,1.706201008584776,9831407.460496647,58923.86323433573,10080.756894457158,1489.819024650931,25348.875115226056,47540.340283572434,40.93455971630072,25164.27092778132
2025-09,,,3.0,9.0,2025.0,15.5,1995730.770998751,7279.386812590589,1174.0623106094565,1023.6003570982599,20829.6428376895,6538.125122999367,1214.8720557285146,6245.517433141236,948507574.3114313,70381669.23597537,526889464.89696306,129915186.28025152,451.2337074581462,189.3907164260437,50.38545454039688,54.35149260733157,57.25538270364685,22915904.82039571,10103220.168589393,214.01372160266808,173.4965258642073,241.8423064623307,-181.1862252027856,-215.8842062578421,31247.187429744365,98515.58604015507,90641.17008104944,58.84259506921788,32.66980021268742,60.97067471354205,220.8788271479346,219.16024000910545,116.78723676537828,15.272171626250515,100.92910497828385,103.29570608186232,15.302814475684329,3.73325195524028,111.20969530433779,104.83430801304605,46611.94331956456,36784.01954183847,89.96655858421921,66591.96843480704,75.23576812917611,75.23576812917611,1802.6226883611066,51.66747039384755,1896.3433956864112,36.24728692386579,432243.1886062493,4030.339222337274,110.38977722161934,21.634856877125927,108.10791505047064,55350.53759007988,8363.77510591262,55.62887713968266,1.7053199166417023,9810173.316848023,59080.8840047664,10056.07009676435,1492.9195207321918,25348.868701673808,47534.98521381949,40.93010394782292,25162.921542855333
2025-10,,,4.0,10.0,2025.0,16.0,2119880.391796491,7039.845915110063,1841.290374248087,1475.6931786122352,21524.17020450502,6494.7290983412095,1319.6542169972508,6810.773418791105,696491375.858996,65366310.03149551,423417438.31525326,156392301.59310374,489.76525206445325,100.70999058797787,50.03860448758709,53.85624736163635,57.22064881039872,24730951.50847935,5522698.8059801115,273.17480895079086,174.69500565097874,242.02968342303143,-153.4453904066266,-190.71930607749943,35708.860538838184,85395.65976641543,83525.92031225981,90.87943429222332,42.99018581840053,64.64516022394133,247.45009658429126,239.55957607260632,116.69266944568024,15.930922969231712,101.44346833258149,106.60036445431166,16.74239853253454,4.040021234548399,108.15679465489752,102.52442357588579,43802.16235668693,45918.80014259493,94.41791508353936,65797.60103428682,69.73813909356927,69.73813909356927,1801.4808983640075,51.154371763060134,1886.8742444063669,35.59940863459547,429119.95278236,4027.417877153545,111.03362475694328,22.485923651972666,108.10791505047199,55157.510211992245,8352.172642850275,68.59334346455137,1.6028895040621185,9969974.677295437,58934.23379392007,9838.836502727478,1390.775886787478,25119.890859934272,48269.0906554525,40.528619737457866,24891.25056458709
2025-11,,,4.0,11.0,2025.0,15.5,2143267.216634457,7171.0382509734545,1837.213047803665,1472.6673407170026,21404.909014263783,6479.818927783686,1353.8262273551068,6720.3732333091675,1057099928.0540854,45014183.65316914,641988516.5207412,61154320.4816416,489.6970641617154,100.65877436087679,49.7558814263214,53.75896810007529,58.33055400808082,24707055.589262445,5513635.525339877,253.1555454646832,173.24343042830512,242.4051390764635,-168.8008183680062,-199.0349682793964,42158.79316331911,91914.69628084304,86794.40997216977,90.52684352414595,42.412890171563795,60.699251434279965,257.3477567352414,225.83347407239475,110.07943046741995,16.16507775440393,101.61784358671477,104.96335585291936,14.160299019598202,3.9670294953785006,103.24116860780231,104.08343487502322,42080.18655777817,45891.4300971402,94.40316946594906,65764.21119786684,69.6930404168878,69.6930404168878,1801.471921415873,51.15158688321317,1886.8641716352404,35.343397347002245,429119.790476036,4027.778427925103,111.02731923458862,22.473377393228727,108.10791505047108,55148.4503392112,8352.138842948612,75.2010246505629,1.6021000805897725,9944983.752942832,59010.78477533248,9815.864786242708,1394.3042264587023,25119.882154500767,48261.33901810791,40.52367931728803,24890.03735744662
2025-12,,,4.0,12.0,2025.0,16.0,2482073.735271226,7091.259640130698,1833.1949548024616,1469.6835980082865,25616.877257839904,7481.130545621487,1584.306097190214,8134.070000520744,3301594364.6763053,113206912.36409532,2008714851.67464,968237135.6448188,489.6290759317258,100.6078863949132,49.96853693276312,53.747012484278095,59.09408331933236,24683359.83998706,5504684.456100574,218.03183436738846,190.43831720331056,242.4048736662376,-192.94984848708322,-224.2677070348806,35241.428198009104,95402.86009099688,88586.42029420896,90.18079303549216,41.8602778454111,63.96518706475301,284.23726706651155,207.69574260907464,117.94404423963444,15.616724831142974,101.52239269049109,110.75421659951229,11.359990366703839,4.228688823753196,108.61985472863682,105.61846293578905,42771.9860765152,45864.24104279628,94.38838268515067,65730.66663751817,69.64770879749847,69.64770879749847,1801.462939973288,51.148806995981595,1886.854093190343,35.094844154366115,429119.62814517686,4028.12189120074,111.02102698823887,22.46091475630115,108.10791505047337,55139.36452457193,8352.105061667597,83.08263511907771,1.6013070575411903,9920398.917205594,59080.97747792275,9795.004391486424,1397.727537646884,25119.873447807164,48253.61285477773,40.518724607637175,24888.82190230957
