year_month,avg_salary,count_in_day,quarter,month,year,split,Полный_плановый_объем_потребления_электроэнергии_month,Всего_введено_зданий_quarter,"Жилые_здания,_жилые_помещения_и_т.п._quarter",Ипотека_всего_в_деньгах_month,Средства_на_счетах_эскроу_в_рублях_накопительный_итог_month,Ипотека_по_ДДУ_в_деньгах_month,Ипотека_по_ДДУ_в_количестве_выданных_кредитов_month,Ипотека_всего_в_количестве_выданных_кредитов_month,Коммунальное_хозяйство_-_всего_накопительный_итог_на_начало_месяца_-_собирается_month,"из_них_Закупка_товаров,_работ_и_услуг_для_обеспечения_государственных_муниципальных_нужд_month",из_них_Капитальные_вложения_в_объекты_государственной_муниципальной_собственности_month,из_них_Иные_бюджетные_ассигнования_собирается_month,Оценка_объема_потребеления_безина_quarter,Оценка_объема_потребеления_ДТ_quarter,Цена_на_95_бензин_розничные_цены_month,Цена_на_92_бензин_розничные_цены_month,Цена_на_ДТ_розничные_цены_month,Розничная_продажа_бензинов_автомобильных_в_деньгах;_накопительный_итог_quarter,Розничная_продажа_Дизельное_топливо_в_деньгах;_накопительный_итог_quarter,автоуслуги_по_тратам_потребителей_-_Тинькофф_индекс_month,топливо_потратам_потребителей-Тинькофф_индекс_month,Аренда_офисной_недвижимости_month,Продажа_складской_недвижимости_month,Индекс_потребительской_активности_-_Сбериндекс_month,дом_и_ремонт_по_тратам_потребителей_-_Тинькофф_индекс_month,медуслуги_по_тратам_потребителей-Тинькофф_индекс_month,рестораны_по_тратам_потребителей-Тинькофф_индекс_month,Доля_онлайн_платежей_в_безналичных_тратах_населения_month,Кол-во_выпущенных_специалистов_сварочного_производства_и_сварщиков_year,Ростовская область_Индекс потребительских цен на товары и услуги,Ростовская область_Индекс промышленного производства (по месяцам),Ростовская область_Коэффициент ликвидации организаций (по месяцам),Ростовская область_Коэффициент рождаемости организаций на организаций по субъектам Российской Федерации,Ростовская область_Оборот розничной торговли (в % к пред месяцу),Ростовская область_Объем платных услуг населению,Ростовская область_Численность зарегистрированных безработных (по месяцам),Ростовская область_Cреднедушевые денежные доходы,Ростовская область_Индекс производства продукции сельского хозяйства (поквартально),Ростовская область_Количество организаций,Ростовская область_Уровень безработицы (по методологии МОТ),Ростовская область_Численность безработных (МОТ),Ростовская область_Численность занятых (по обследованиям),Ростовская область_Численность принятых работников (по кварталам),Ростовская область_Численность рабочей силы,Ростовская область_Численность требуемых работников на вакантные рабочие места,Ростовская область__ВРП на душу населения,Ростовская область__Численность населения на январ,Ростовская область_Динамика инвестиций в ОК (%),Ростовская область_Доля инвестиций в ОК к ВРП,Ростовская область_Индекс физического объема ВРП,Ростовская область_Количество активных предприятий,Ростовская область_Количество умерших предприятий,Ростовская область_Коэффициент миграционного прироста,Ростовская область_Коэффициент напряженности на рынке труда,Ростовская область_Наличие основных фондов,Ростовская область_Показатели предпринимательской активности _акти,Ростовская область_Показатели предпринимательской активности _рос,Ростовская область_Показатели предпринимательской активности _уга,Ростовская область_Потребительские расходы в среднем на душу населения,Ростовская область_Потребность в работниках,Ростовская область_Степень износа ОФ,"Ростовская область_Численность обучающихся (квалиф рабочие, служащие)"
2018-01,38833.333333333336,14.133333333333333,1.0,1.0,2018.0,16.5,1556761.501079074,682.3,621.9,3023.0,26878.79411764706,1074.0,518.0,1647.0,31337510.530000005,2184482.26,22659326.52,5965564.179999999,402.107958782148,148.93217476560142,39.15098814229262,42.356616052060645,40.07005347593546,16430294.5,5947027.0,133.2885959327237,106.0464635896518,8393.39981245722,107959.51228099175,71.77347273723343,133.86134389673379,134.04251574853083,90.24264955735359,17.210063792210608,773.0,100.55,119.9,6.7,4.4,71.6,100.4,16899.0,23672.0,128.0,87583.0,114.4,114.4,2036.3,44.8,2150.7,30.8,367627.9,4220.4,80.0,17.1,102.2,64011.0,8522.0,-5.679999999999999,2.9,3049823.0,64011.0,16290.0,4849.0,25161.0,37492.0,41.2,22379.0
2018-02,41361.607142857145,17.642857142857142,1.0,2.0,2018.0,14.5,1556761.501079074,682.3,621.9,3790.0,26878.79411764706,1276.0,687.0,2223.0,399092221.33,6087349.25,377612400.24000007,15328871.61,402.10795878214805,148.93217476560145,39.29028614457867,42.51658119658124,40.136080332409726,16430294.5,5947027.0,133.2885959327237,106.0464635896518,8393.39981245722,107959.51228099175,71.77347273723343,133.86134389673379,134.04251574853083,90.24264955735359,17.210063792210605,773.0,100.38,106.7,6.1,6.1,98.7,102.1,17715.0,23672.0,128.0,87583.0,114.4,114.4,2036.3,44.8,2150.7,30.8,367627.9,4220.4,80.0,17.1,102.2,64011.0,8522.0,-5.68,2.9,3049823.0,64011.0,16290.0,4849.0,25161.0,37492.0,41.2,22379.0
2018-03,39290.32258064516,16.967741935483872,1.0,3.0,2018.0,16.0,1556761.501079074,682.3,621.9,4962.0,26878.79411764706,1666.0,909.0,2823.0,178921840.05999997,17679983.840000004,145406797.06000006,15725348.160000006,402.107958782148,148.93217476560142,39.306838905775415,42.541126279863576,39.5871951219507,16430294.5,5947027.0,133.2885959327237,106.0464635896518,8393.39981245722,107959.51228099175,71.77347273723343,133.86134389673379,134.04251574853083,90.24264955735359,17.210063792210605,773.0,100.45,109.8,5.1,5.3,107.5,100.0,17913.0,23672.0,128.0,87583.0,114.4,114.4,2036.3,44.8,2150.7,30.8,367627.9,4220.4,80.0,17.1,102.2,64011.0,8522.0,-5.68,2.9,3049823.0,64011.0,16290.0,4849.0,25161.0,37492.0,41.2,22379.0
2018-04,42541.66666666666,19.83333333333333,2.0,4.0,2018.0,15.5,1556761.501079074,917.7,816.9,5345.0,26878.79411764706,1676.0,870.0,2924.0,363507532.77000016,31218587.9,282806507.91,49246037.95999999,349.0754731546118,128.70493789823337,39.59046964490263,42.61424597364581,40.010333692142225,14918656.2,5391345.300000002,133.2885959327237,106.0464635896518,8393.39981245722,107959.51228099175,71.77347273723343,133.86134389673379,134.04251574853083,90.24264955735359,17.210063792210608,773.0,100.26,134.3,5.2,6.6,99.5,102.8,18192.0,27400.0,128.8,87884.0,109.0,109.0,2005.5,52.2,2114.5,30.9,367627.9,4220.4,80.0,17.1,102.2,64011.0,8522.0,-5.679999999999999,2.9,3049823.0,64011.0,16290.0,4849.0,25161.0,37492.0,41.2,22379.0
2018-05,41835.48387096774,18.483870967741932,2.0,5.0,2018.0,16.0,1556761.501079074,917.7,816.9,4766.0,26878.79411764706,1446.0,765.0,2644.0,198629703.73,32174686.15000001,123488431.01,42845664.57000001,349.0754731546118,128.70493789823337,41.212388743455314,44.3886712224757,42.150231629392216,14918656.2,5391345.300000002,133.2885959327237,106.0464635896518,8393.39981245722,107959.51228099175,71.77347273723343,133.86134389673379,134.04251574853083,90.24264955735359,17.210063792210605,773.0,99.96,114.0,2.9,5.5,102.6,101.4,17901.0,27400.0,128.8,87884.0,109.0,109.0,2005.5,52.2,2114.5,30.9,367627.9,4220.4,80.0,17.1,102.2,64011.0,8522.0,-5.68,2.9,3049823.0,64011.0,16290.0,4849.0,25161.0,37492.0,41.2,22379.0
2018-06,42040.98333333333,19.6,2.0,6.0,2018.0,15.5,1556761.501079074,917.7,816.9,5396.0,26878.79411764706,1592.0,829.0,2999.0,310749393.31,47749370.21000001,196772472.6900001,65392160.63000001,349.0754731546118,128.70493789823337,42.67352697095453,45.946439393939656,43.50699774266414,14918656.2,5391345.300000002,133.2885959327237,106.0464635896518,8393.39981245722,107959.51228099175,71.77347273723343,133.86134389673379,134.04251574853083,90.24264955735359,17.210063792210608,773.0,100.39,103.4,4.7,5.0,103.1,103.6,17331.0,27400.0,128.8,87884.0,109.0,109.0,2005.5,52.2,2114.5,30.9,367627.9,4220.4,80.0,17.1,102.2,64011.0,8522.0,-5.679999999999999,2.9,3049823.0,64011.0,16290.0,4849.0,25161.0,37492.0,41.2,22379.0
2018-07,42010.8064516129,20.516129032258068,3.0,7.0,2018.0,16.0,1556761.501079074,725.8000000000003,596.9000000000002,5203.0,26878.79411764706,1562.0,840.0,2905.0,710286266.2800003,75344446.79999998,496317443.98,135190299.22999996,471.36593154690087,157.27182919960262,43.025062611807186,46.15608695652194,43.89831758034073,20891125.8,6870211.300000003,133.2885959327237,106.0464635896518,8393.39981245722,107959.51228099175,71.77347273723343,133.86134389673379,134.04251574853083,90.24264955735359,17.210063792210605,773.0,99.93,86.0,6.8,5.7,104.8,103.2,17253.0,30397.0,76.4,87635.0,108.1,108.1,2046.6,51.90542540073982,2154.7,31.9,367627.9,4220.4,80.0,17.1,102.2,64011.0,8522.0,-5.68,2.9,3049823.0,64011.0,16290.0,4849.0,25161.0,37492.0,41.2,22379.0
2018-08,43063.1935483871,17.645161290322577,3.0,8.0,2018.0,16.0,1556761.501079074,725.8000000000003,596.9000000000002,6038.0,26878.79411764706,2025.0,1044.0,3335.0,444734156.0,140007351.92999998,183827130.6099999,120423683.59000003,471.36593154690087,157.27182919960262,42.57578747628077,45.9166591422126,43.738533604888545,20891125.8,6870211.300000003,133.2885959327237,106.0464635896518,8393.39981245722,107959.51228099175,71.77347273723343,133.86134389673379,134.04251574853083,90.24264955735359,17.210063792210605,773.0,99.85,101.3,4.1,4.8,105.2,104.3,17357.0,30397.0,76.4,87635.0,108.1,108.1,2046.6,51.90542540073982,2154.7,31.9,367627.9,4220.4,80.0,17.1,102.2,64011.0,8522.0,-5.68,2.9,3049823.0,64011.0,16290.0,4849.0,25161.0,37492.0,41.2,22379.0
2018-09,43208.333333333336,17.366666666666667,3.0,9.0,2018.0,15.5,1556761.501079074,725.8000000000003,596.9000000000002,5706.0,26878.79411764706,1927.0,1005.0,3133.0,709503332.0299999,109301863.86,529858165.4800001,66402438.63999999,471.36593154690087,157.27182919960262,42.48952380952394,45.759269406392974,43.41417050691286,20891125.8,6870211.300000003,133.2885959327237,106.0464635896518,8393.39981245722,107959.51228099175,71.77347273723343,133.86134389673379,134.04251574853083,90.24264955735359,17.210063792210608,773.0,100.18,90.8,6.5,4.7,97.4,103.5,17380.0,30397.0,76.4,87635.0,108.1,108.1,2046.6,51.90542540073982,2154.7,31.9,367627.9,4220.4,80.0,17.1,102.2,64011.0,8522.0,-5.679999999999999,2.9,3049823.0,64011.0,16290.0,4849.0,25161.0,37492.0,41.2,22379.0
2018-10,42100.8064516129,19.161290322580644,4.0,10.0,2018.0,16.0,1556761.501079074,1302.9999999999998,1128.7999999999995,6181.0,26878.79411764706,1977.0,1013.0,3424.0,740840590.21,169398256.02000004,518585345.63000005,48932563.72999996,413.1321096744751,159.38234001654774,42.49528985507281,45.67874747474777,43.28837789661375,18239742.5,6965238.699999997,133.2885959327237,106.0464635896518,3370.95,19377.4,71.77347273723343,133.86134389673379,134.04251574853083,90.24264955735359,17.210063792210605,773.0,100.74,161.6,7.0,5.7,100.2,105.1,17501.0,34670.0,95.2,86543.0,105.4,105.4,2004.9,53.5,2110.3,31.4,367627.9,4220.4,80.0,17.1,102.2,64011.0,8522.0,-5.68,2.9,3049823.0,64011.0,16290.0,4849.0,25161.0,37492.0,41.2,22379.0
2018-11,41616.66666666666,18.53333333333333,4.0,11.0,2018.0,15.5,1556761.501079074,1302.9999999999998,1128.7999999999995,5691.0,26878.79411764706,1595.0,874.0,3135.0,791061000.38,167232853.03,563492919.4499997,26382425.120000005,413.1321096744751,159.38234001654774,42.51820175438608,45.75106100795777,43.456923076923495,18239742.5,6965238.699999997,133.2885959327237,106.0464635896518,646.2,15512.15,71.77347273723343,133.86134389673379,134.04251574853083,90.24264955735359,17.210063792210608,773.0,100.65,95.4,9.7,5.9,99.1,103.9,17365.0,34670.0,95.2,86543.0,105.4,105.4,2004.9,53.5,2110.3,31.4,367627.9,4220.4,80.0,17.1,102.2,64011.0,8522.0,-5.679999999999999,2.9,3049823.0,64011.0,16290.0,4849.0,25161.0,37492.0,41.2,22379.0
2018-12,42750.0,13.967741935483868,4.0,12.0,2018.0,16.0,1556761.501079074,1302.9999999999998,1128.7999999999995,6678.0,26878.79411764706,1699.0,926.0,3558.0,3778302556.1500006,653236062.1300001,2244616785.41,886595240.1899998,413.1321096744751,159.38234001654774,42.56029250457082,45.89582441113511,44.35903654485101,18239742.5,6965238.699999997,133.2885959327237,106.0464635896518,594.25,35145.5,71.77347273723343,133.86134389673379,134.04251574853083,90.24264955735359,17.210063792210605,773.0,101.07,112.3,8.8,5.3,118.2,105.0,16676.0,34670.0,95.2,86543.0,105.4,105.4,2004.9,53.5,2110.3,31.4,367627.9,4220.4,80.0,17.1,102.2,64011.0,8522.0,-5.68,2.9,3049823.0,64011.0,16290.0,4849.0,25161.0,37492.0,41.2,22379.0
2019-01,43482.5,14.3,1.0,1.0,2019.0,16.5,1556761.501079074,807.3,739.5,3313.0,26878.79411764706,1066.0,576.0,1861.0,5072604.22,1416623.0,1897316.02,1701807.2,400.7589911186087,144.6585532281879,42.92837438423697,45.589868204283675,46.31109433962287,17676855.8,6694437.1,133.2885959327237,106.0464635896518,4519.05,45383.75,71.77347273723343,133.86134389673379,134.04251574853083,90.24264955735359,17.210063792210608,882.0,100.98,108.7,7.2,3.8,71.9,104.8,17938.0,25198.0,68.5,84570.0,99.2,99.2,1971.2,46.2,2070.5,33.3,389933.4,4202.3,102.1,17.4,101.8,64452.0,7986.0,32.2,2.2,6831010.0,64451.99999999999,27148.0,1564.0,26767.0,44498.0,37.0,22311.0
2019-02,40926.78571428572,20.392857142857142,1.0,2.0,2019.0,14.5,1556761.501079074,807.3,739.5,4621.0,26878.79411764706,1525.0,811.0,2508.0,16732874.150000002,4909788.96,9914744.820000002,1899226.37,400.7589911186087,144.6585532281879,43.07010928961735,45.67131652661061,46.26529801324517,17676855.8,6694437.1,87.5357142857143,91.28571428571428,4582.3,48415.7,71.77347273723343,83.89285714285714,95.10714285714286,90.32142857142857,16.20571429,882.0,100.2,110.2,21.0,6.8,98.9,104.8,19409.0,25198.0,68.5,84570.0,99.2,99.2,1971.2,46.2,2070.5,33.3,389933.4,4202.3,102.1,17.4,101.8,64452.0,7986.0,32.2,2.2,6831010.0,64451.99999999999,27148.0,1564.0,26767.0,44498.0,37.0,22311.0
2019-03,43298.3870967742,20.967741935483872,1.0,3.0,2019.0,16.0,1556761.501079074,807.3,739.5,4865.0,26878.79411764706,1774.0,899.0,2569.0,298610329.44,12533362.15,258939472.6,27014362.45,400.7589911186088,144.6585532281879,42.987517241379344,44.40348258706499,46.2561263736265,17676855.8,6694437.1,107.54838709677419,96.70967741935483,4585.65,49367.2,71.77347273723343,87.48387096774192,96.45161290322581,94.61290322580645,15.89483871,882.0,100.48,92.1,11.0,5.6,109.1,104.8,19198.0,25198.0,68.5,84570.0,99.2,99.2,1971.2,46.2,2070.5,33.3,389933.4,4202.3,102.1,17.4,101.8,64452.0,7986.0,32.2,2.2,6831010.0,64451.99999999999,27148.0,1564.0,26767.0,44498.0,37.0,22311.0
2019-04,43307.758620689645,20.0,2.0,4.0,2019.0,15.827586206896553,1556761.501079074,932.4,837.2,5033.0,26878.79411764706,1771.0,932.0,2739.0,727439131.78,43473363.43,607090831.46,75459597.93,338.73561927854263,116.78587475080214,43.02667115903015,44.31407407407433,46.441310452417746,14836793.5,5446811.800000002,119.46666666666668,99.13333333333334,3809.95,47708.65,71.77347273723343,91.4,100.0,88.63333333333334,15.35666667,882.0,100.38,113.1,16.0,6.3,98.4,104.8,19172.0,29164.0,94.6,83388.0,102.1,102.1,1998.4,49.5,2100.5,35.0,389933.4,4202.3,102.1,17.4,101.8,64452.0,7986.0,32.2,2.2,6831010.0,64451.99999999999,27148.0,1564.0,26767.0,44498.0,37.0,22311.0
2019-05,45637.096774193546,18.483870967741932,2.0,5.0,2019.0,16.0,1556761.501079074,932.4,837.2,3835.0,26878.79411764706,1413.0,704.0,2073.0,292770796.91,8439925.43,239071521.55000007,44666292.92,338.73561927854263,116.78587475080214,43.13845018450196,44.382897822445706,46.630815217391216,14836793.5,5446811.800000002,94.67741935483869,100.16129032258064,630.4667,31329.77,71.77347273723343,93.70967741935483,95.96774193548387,107.03225806451613,14.89935484,882.0,100.68,102.3,3.6,4.2,102.0,104.6,18506.0,29164.0,94.6,83388.0,102.1,102.1,1998.4,49.5,2100.5,35.0,389933.4,4202.3,102.1,17.4,101.8,64452.0,7986.0,32.2,2.2,6831010.0,64451.99999999999,27148.0,1564.0,26767.0,44498.0,37.0,22311.0
2019-06,44953.33333333334,19.266666666666666,2.0,6.0,2019.0,15.5,1556761.501079074,932.4,837.2,4417.0,26878.79411764706,1486.0,750.0,2322.0,648756876.2899997,25171998.15000001,465637946.43000007,154034525.92000002,338.73561927854263,116.78587475080214,43.264262948207495,44.67671480144389,46.845783365570966,14836793.5,5446811.800000002,99.26666666666668,105.8,659.0,30753.05,71.77347273723343,100.5,102.03333333333332,111.4,15.08566667,882.0,99.68,97.5,10.3,5.0,103.6,104.2,18230.0,29164.0,94.6,83388.0,102.1,102.1,1998.4,49.5,2100.5,35.0,389933.4,4202.3,102.1,17.4,101.8,64452.0,7986.0,32.2,2.2,6831010.0,64451.99999999999,27148.0,1564.0,26767.0,44498.0,37.0,22311.0
2019-07,44395.967741935485,21.0,3.0,7.0,2019.0,16.0,1556761.501079074,979.3,850.2,4813.0,129.0,1443.0,717.0,2508.0,502614815.38000005,326444527.2,23254446.46999979,150117429.62,481.45512469179147,169.71464525385508,43.312129783694466,44.64864620938596,46.92447058823557,21235530.8,7980933.299999999,109.16666666666669,101.8,649.0,31396.7,71.77347273723343,107.4,111.26666666666668,100.66666666666669,15.295,882.0,99.89,99.7,7.7,6.4,104.8,103.0,18702.0,32007.0,111.1,83235.0,101.6,101.6,1997.7,51.90542540073982,2099.3,35.6,389933.4,4202.3,102.1,17.4,101.8,64452.0,7986.0,32.2,2.2,6831010.0,64451.99999999999,27148.0,1564.0,26767.0,44498.0,37.0,22311.0
2019-08,44988.709677419356,20.193548387096776,3.0,8.0,2019.0,16.0,1556761.501079074,979.3,850.2,5225.0,373.0,1812.0,935.0,2793.0,664498962.7999997,50544341.13999999,235853795.08000016,380003566.38,481.45512469179147,169.71464525385508,43.37319923371624,44.902783505154495,47.06158986175133,21235530.8,7980933.299999999,99.35483870967742,106.19354838709677,641.0,34545.5,71.77347273723343,101.03225806451613,98.45161290322581,112.35483870967742,14.83064516,882.0,99.78,115.3,6.1,6.1,104.4,102.6,18645.0,32007.0,111.1,83235.0,101.6,101.6,1997.7,51.90542540073982,2099.3,35.6,389933.4,4202.3,102.1,17.4,101.8,64452.0,7986.0,32.2,2.2,6831010.0,64451.99999999999,27148.0,1564.0,26767.0,44498.0,37.0,22311.0
2019-09,45275.0,20.2,3.0,9.0,2019.0,15.5,1556761.501079074,979.3,850.2,5362.0,658.0,1832.0,909.0,2836.0,736755027.2600003,141081415.70999998,476726032.8799999,117829355.08000006,481.45512469179147,169.71464525385508,43.43888888888851,44.966222961729926,47.09074446680111,21235530.8,7980933.299999999,99.76666666666668,101.26666666666668,643.35,35805.29,71.77347273723343,106.76666666666668,97.73333333333332,109.8,15.210999999999999,882.0,99.95,105.8,5.2,5.2,98.6,103.9,17970.0,32007.0,111.1,83235.0,101.6,101.6,1997.7,51.90542540073982,2099.3,35.6,389933.4,4202.3,102.1,17.4,101.8,64452.0,7986.0,32.2,2.2,6831010.0,64451.99999999999,27148.0,1564.0,26767.0,44498.0,37.0,22311.0
2019-10,44064.516129032265,21.12903225806452,4.0,10.0,2019.0,16.0,1556761.501079074,1183.6,1057.3,5884.0,1174.0,1858.0,941.0,3105.0,735989340.2400002,206993793.83000004,458951842.2800002,67166560.52999997,398.703777409571,144.4465483742404,43.44787200000052,45.31399688958003,47.07864811133227,17813123.600000005,6809302.499999997,111.64516129032258,102.22580645161293,638.9333,37457.53,71.77347273723343,107.67741935483869,112.35483870967742,100.54838709677419,15.30806452,882.0,100.03,110.6,5.9,5.0,100.2,104.3,16941.0,37028.0,110.8,82455.0,101.9,101.9,2016.0,53.6,2117.9,34.5,389933.4,4202.3,102.1,17.4,101.8,64452.0,7986.0,32.2,2.2,6831010.0,64451.99999999999,27148.0,1564.0,26767.0,44498.0,37.0,22311.0
2019-11,44153.33333333334,19.1,4.0,11.0,2019.0,15.5,1556761.501079074,1183.6,1057.3,5696.0,1937.0,1859.0,941.0,3023.0,1136487628.0,450951686.1300001,389370335.7599997,290781500.68999994,398.703777409571,144.4465483742404,43.46684410646417,45.82500000000003,47.12825991189436,17813123.600000005,6809302.499999997,108.7,105.16666666666669,633.75,31865.4,71.77347273723343,109.8,115.13333333333334,97.2,16.613,882.0,100.21,107.3,11.4,5.7,100.1,104.1,16939.0,37028.0,110.8,82455.0,101.9,101.9,2016.0,53.6,2117.9,34.5,389933.4,4202.3,102.1,17.4,101.8,64452.0,7986.0,32.2,2.2,6831010.0,64451.99999999999,27148.0,1564.0,26767.0,44498.0,37.0,22311.0
2019-12,46685.483870967735,15.161290322580646,4.0,12.0,2019.0,16.0,1677775.5530000003,1183.6,1057.3,7360.0,2662.0,1987.0,977.0,3782.0,2708315749.6399994,498505400.8399999,1325900325.14,871011306.5699999,398.703777409571,144.4465483742404,43.446097222222605,46.56572528883209,47.21500707213585,17813123.600000005,6809302.499999997,99.22580645161293,98.41935483870968,626.3,25368.0,82.29032258064517,127.09677419354836,112.87096774193549,90.22580645161293,13.974,882.0,100.42,85.5,8.9,6.5,117.2,103.5,17347.0,37028.0,110.8,82455.0,101.9,101.9,2016.0,53.6,2117.9,34.5,389933.4,4202.3,102.1,17.4,101.8,64452.0,7986.0,32.2,2.2,6831010.0,64451.99999999999,27148.0,1564.0,26767.0,44498.0,37.0,22311.0
2020-01,40962.66666666666,26.16666666666667,1.0,1.0,2020.0,16.5,1620820.8290000008,755.0,691.4,4096.0,3471.0,1444.0,701.0,2116.0,3530911.86,1940250.62,54052.05999999999,1536609.18,388.99869973778937,146.97894561361343,43.501345454545785,47.287268041236935,47.186249999999845,17669321.7,6902848.1,82.06451612903227,89.93548387096773,623.75,22819.25,76.72413793103449,95.45161290322581,95.51612903225808,90.19354838709677,15.57548387,824.0,100.32,106.8,8.9,4.6,73.1,103.0,467.0,27088.0,104.2,80478.0,94.3,94.3,2014.8,49.6,2109.1,38.2,403949.1,4197.8,107.60000000000001,19.4,97.6,58029.0,9891.0,28.5,2.2,7018721.0,58029.0,9835.0,2219.0,26123.0,65967.0,38.9,23538.0
2020-02,41543.10344827586,29.689655172413797,1.0,2.0,2020.0,15.0,1511474.115999999,755.0,691.4,5518.0,4142.0,1874.0,873.0,2743.0,51406059.24,13288775.05,30466956.84,7643770.76,388.9986997377896,146.9789456136134,43.57870370370382,47.3187104622869,47.19980952380914,17669321.7,6902848.1,83.14285714285714,94.28571428571428,619.35,21638.4,76.35483870967742,95.78571428571428,119.64285714285714,90.53571428571428,15.94964286,824.0,100.26,100.3,20.8,8.7,100.3,102.6,17539.0,27088.0,104.2,80478.0,94.3,94.3,2014.8,49.6,2109.1,38.2,403949.1,4197.8,107.60000000000001,19.4,97.6,58029.0,9891.0,28.5,2.2,7018721.0,58029.0,9835.0,2219.0,26123.0,65967.0,38.9,23538.0
2020-03,42637.096774193546,20.451612903225808,1.0,3.0,2020.0,16.0,1475464.4049999989,755.0,691.4,6107.0,5060.0,2087.0,1001.0,3111.0,480189840.39,57097832.2,279050692.94,144034805.25,388.99869973778937,146.9789456136134,43.56278688524601,47.28662135922314,46.50857142857108,17669321.7,6902848.1,120.0,98.51612903225808,598.85,20511.05,46.8,126.35483870967742,115.48387096774192,72.35483870967742,13.87548387,824.0,100.61,98.2,15.2,7.2,110.5,99.0,16396.0,27088.0,104.2,80478.0,94.3,94.3,2014.8,49.6,2109.1,38.2,403949.1,4197.8,107.60000000000001,19.4,97.6,58029.0,9891.0,28.5,2.2,7018721.0,58029.0,9835.0,2219.0,26123.0,65967.0,38.9,23538.0
2020-04,43560.8,8.933333333333334,2.0,4.0,2020.0,15.5,1340293.9139999994,655.3,603.9,4040.0,6185.0,1033.0,532.0,2141.0,495117548.71,44666782.0,364116573.82,86347259.47999999,205.8367129587517,94.2095332158078,43.256281645569906,47.10888888888878,46.29463054187155,9304971.2,4363855.200000001,38.266666666666666,55.93333333333333,610.575,19719.4,58.064516129032256,66.46666666666667,49.06666666666667,19.766666666666666,23.089000000000002,824.0,101.02,89.8,12.2,2.9,61.5,60.2,36636.0,27301.0,90.3,78319.0,110.7,110.7,2004.7,37.5,2115.4,38.4,403949.1,4197.8,107.60000000000001,19.4,97.6,58029.0,9891.0,28.5,2.2,7018721.0,58029.0,9835.0,2219.0,26123.0,65967.0,38.9,23538.0
2020-05,43525.0,15.533333333333333,2.0,5.0,2020.0,16.233333333333334,1250673.6689999998,655.3,603.9,4595.0,7706.0,2030.0,1022.0,2393.0,725727345.01,75167603.79999998,592122572.58,58162357.51000002,205.8367129587517,94.2095332158078,43.18999999999999,47.11114206128139,46.34970873786408,9304971.2,4363855.200000001,70.64516129032258,72.45161290322581,613.5,21261.5,75.03333333333333,109.87096774193549,66.70967741935483,24.41935483870968,21.25774194,824.0,100.36,95.1,15.5,2.4,109.3,63.4,60190.0,27301.0,90.3,78319.0,110.7,110.7,2004.7,37.5,2115.4,38.4,403949.1,4197.8,107.60000000000001,19.4,97.6,58029.0,9891.0,28.5,2.2,7018721.0,58029.0,9835.0,2219.0,26123.0,65967.0,38.9,23538.0
2020-06,44404.16666666666,22.63333333333333,2.0,6.0,2020.0,15.5,1338419.7509999988,655.3,603.9,6560.0,8674.0,2764.0,1370.0,3382.0,279191840.01,77862632.58000001,131963309.32999992,65976561.0,205.8367129587517,94.2095332158078,43.12244493392085,47.44481590574417,46.31787773933047,9304971.2,4363855.200000001,116.23333333333332,101.5,610.5,20812.55,82.41935483870971,135.86666666666667,109.9,38.4,17.63866667,824.0,100.5,94.6,9.2,4.4,139.6,76.3,78595.0,27301.0,90.3,78319.0,110.7,110.7,2004.7,37.5,2115.4,38.4,403949.1,4197.8,107.60000000000001,19.4,97.6,58029.0,9891.0,28.5,2.2,7018721.0,58029.0,9835.0,2219.0,26123.0,65967.0,38.9,23538.0
2020-07,43739.51612903226,24.258064516129032,3.0,7.0,2020.0,16.0,1544755.1659999988,1045.2,898.8999999999997,8257.0,10508.0,3413.0,1585.0,4102.0,555471474.6099999,94681081.32999998,376659573.51,80600315.23000002,487.8813586461769,159.02144071228716,43.50747368420981,47.563038167939204,46.530917941585294,22346464.6,7408309.699999997,116.6,99.53333333333332,641.3,457472.8,80.12903225806451,138.03333333333333,146.96666666666667,86.46666666666668,18.86466667,824.0,100.04,113.6,9.7,4.7,109.1,92.9,94973.0,33337.0,104.5,76973.0,105.6,105.6,1999.1,51.90542540073982,2104.7,38.2,403949.1,4197.8,107.60000000000001,19.4,97.6,58029.0,9891.0,28.5,2.2,7018721.0,58029.0,9835.0,2219.0,26123.0,65967.0,38.9,23538.0
2020-08,45082.258064516136,25.516129032258068,3.0,8.0,2020.0,16.0,1458960.743,1045.2,898.8999999999997,8609.0,11771.0,3259.0,1523.0,4260.0,570307150.6599997,32341069.36000001,392589768.12,144156335.96999997,487.8813586461769,159.02144071228716,43.813913595933954,47.861505546751474,46.626651982378505,22346464.6,7408309.699999997,119.93548387096772,117.51612903225808,646.7,743592.8,82.2,135.61290322580643,130.5806451612903,113.16129032258064,18.26032258,824.0,99.85,102.7,11.4,4.8,106.8,95.4,108278.0,33337.0,104.5,76973.0,105.6,105.6,1999.1,51.90542540073982,2104.7,38.2,403949.1,4197.8,107.60000000000001,19.4,97.6,58029.0,9891.0,28.5,2.2,7018721.0,58029.0,9835.0,2219.0,26123.0,65967.0,38.9,23538.0
2020-09,44583.33333333334,27.7,3.0,9.0,2020.0,15.5,1351349.3750000007,1045.2,898.8999999999997,10357.0,11955.0,3586.0,1615.0,5065.0,713938583.0,25037013.149999976,365553733.1000004,319602312.95000005,487.8813586461769,159.02144071228716,43.84735549132967,48.22514062499978,46.603012048192475,22346464.6,7408309.699999997,108.96666666666668,106.8,626.8,740061.4,78.74193548387096,139.83333333333334,141.6,111.36666666666666,18.50666667,824.0,99.93,108.0,10.0,4.7,96.3,94.6,115751.0,33337.0,104.5,76973.0,105.6,105.6,1999.1,51.90542540073982,2104.7,38.2,403949.1,4197.8,107.60000000000001,19.4,97.6,58029.0,9891.0,28.5,2.2,7018721.0,58029.0,9835.0,2219.0,26123.0,65967.0,38.9,23538.0
2020-10,48024.1935483871,24.612903225806452,4.0,10.0,2020.0,16.0,1444349.5250000018,1428.0999999999995,1324.7000000000005,10277.0,14326.0,3848.0,1718.0,5012.0,579312592.75,29980120.26000005,428806616.0699997,120363553.7299999,357.0825881023758,138.8909365852674,44.01700468018713,48.526690909090654,46.640564202334424,16562606.399999995,6494842.0,116.61290322580645,99.93548387096772,629.0,22483.7,69.96666666666667,138.96774193548387,146.19354838709674,87.29032258064518,18.80967742,824.0,100.43,101.0,11.1,4.0,101.2,92.5,117970.0,38106.0,87.8,75575.0,115.1,115.1,1998.3,55.4,2113.4,46.2,403949.1,4197.8,107.60000000000001,19.4,97.6,58029.0,9891.0,28.5,2.2,7018721.0,58029.0,9835.0,2219.0,26123.0,65967.0,38.9,23538.0
2020-11,47791.66666666666,24.36666666666667,4.0,11.0,2020.0,15.5,1570952.2800000003,1428.0999999999995,1324.7000000000005,9237.0,16677.0,2961.0,1222.0,4353.0,277474436.3100004,76070959.51999998,110241081.57999992,88476811.25999999,357.0825881023758,138.8909365852674,44.158676691729745,48.636000000000564,46.65075645756433,16562606.399999995,6494842.0,153.93333333333334,108.86666666666666,639.35,19055.6,75.51612903225806,158.46666666666667,139.56666666666666,75.0,20.878,824.0,100.7,102.4,11.4,5.0,99.0,92.1,112730.0,38106.0,87.8,75575.0,115.1,115.1,1998.3,55.4,2113.4,46.2,403949.1,4197.8,107.60000000000001,19.4,97.6,58029.0,9891.0,28.5,2.2,7018721.0,58029.0,9835.0,2219.0,26123.0,65967.0,38.9,23538.0
2020-12,47981.23333333333,17.1,4.0,12.0,2020.0,15.9,1816452.760999999,1428.0999999999995,1324.7000000000005,10642.0,19517.0,3182.0,1345.0,4907.0,2884442099.65,231353197.47,1133465957.7200005,1512688541.5200002,357.0825881023758,138.8909365852674,44.228387096774036,48.73199197860968,46.995198237885,16562606.399999995,6494842.0,117.16129032258064,110.06451612903228,631.9666999999997,1417949.0,71.77347273723343,192.41935483870967,131.83870967741936,75.96774193548387,18.32233333,824.0,101.06,107.8,9.4,3.9,117.7,99.4,107006.0,38106.0,87.8,75575.0,115.1,115.1,1998.3,55.4,2113.4,46.2,403949.1,4197.8,107.60000000000001,19.4,97.6,58029.0,9891.0,28.5,2.2,7018721.0,58029.0,9835.0,2219.0,26123.0,65967.0,38.9,23538.0
2021-01,48581.03448275862,23.82758620689655,1.0,1.0,2021.0,16.724137931034484,1748302.2169999997,952.9174311926604,523.3,5305.0,24352.0,1859.0,783.0,2396.0,19717674.94,17583779.59,74060.12,2059835.23,392.8922806933188,149.72107100769847,44.4075166666664,48.872243713732956,47.90246223564961,18442964.1,7147485.1,100.45161290322581,99.03225806451613,1182.525,17650.0,76.80645161290323,142.3548387096774,126.35483870967742,83.19354838709677,19.73548387,859.0,100.52,109.9,6.9,2.4,75.5,99.8,101297.0,27687.0,100.4,74465.0,101.3,101.3,2009.2,45.6,2110.6,44.1,387141.41587068327,4181.5,114.00000000000001,17.96539309331374,100.5357825128582,53850.0,6972.0,36.0,1.3,7444950.0,53850.0,7802.0,1975.9999999999998,26015.742101396034,49301.620132255695,40.2,22908.0
2021-02,49494.642857142855,29.464285714285715,1.0,2.0,2021.0,14.5,1587773.6359999997,952.9174311926604,523.3,7910.0,25356.0,2783.0,1077.0,3515.0,48202483.55,18631817.91,26023900.74,3546764.9,392.8922806933188,149.7210710076985,44.60227386934686,49.130227272727396,47.772095639943636,18442964.1,7147485.1,128.92857142857142,106.92857142857143,1381.85,20179.15,82.36666666666666,161.0,156.46428571428572,91.96428571428572,21.80357143,859.0,100.64,108.7,8.2,4.5,98.2,100.1,91307.0,27687.0,100.4,74465.0,101.3,101.3,2009.2,45.6,2110.6,44.1,387141.41587068327,4181.5,114.00000000000001,17.96539309331374,100.5357825128582,53850.0,6972.0,36.0,1.3,7444950.0,53850.0,7802.0,1975.9999999999998,26015.742101396034,49301.620132255695,40.2,22908.0
2021-03,50500.0,32.4,1.0,3.0,2021.0,16.1,1707464.1919999986,952.9174311926604,523.3,10178.0,27603.0,3272.0,1275.0,4384.0,574169760.31,133260909.72,428415449.51,12493401.080000002,392.8922806933188,149.72107100769847,45.08833009708787,49.54857798165175,47.54145811789011,18442964.1,7147485.1,165.32258064516128,111.45161290322581,1437.71,25173.2,78.90322580645163,157.19354838709674,161.80645161290326,92.64516129032258,19.11032258,859.0,100.92,115.5,11.1,5.7,108.3,105.9,54241.0,27687.0,100.4,74465.0,101.3,101.3,2009.2,45.6,2110.6,44.1,387141.41587068327,4181.5,114.00000000000001,17.96539309331374,100.5357825128582,53850.0,6972.0,36.0,1.3,7444950.0,53850.0,7802.0,1975.9999999999998,26015.742101396034,49301.620132255695,40.2,22908.0
2021-04,50223.33333333334,29.13333333333333,2.0,4.0,2021.0,15.5,1511368.067999997,952.9174311926604,748.5,10763.0,31150.0,3458.0,1270.0,4659.0,521908496.55,12312781.78,226216391.38,283332923.39000005,264.36183439856416,112.2291929739724,45.63269090909154,49.973292517007025,47.916286072772806,12717678.7,5399103.4,179.03333333333333,116.7,1664.635,19415.9,83.1,160.4,169.33333333333334,97.4,19.18533333,859.0,100.66,119.3,13.2,5.4,98.9,172.6,41679.0,32619.0,102.9,73363.0,80.6,80.6,2058.7,51.9,2139.3,48.5,387141.41587068327,4181.5,114.00000000000001,17.96539309331374,100.5357825128582,53850.0,6972.0,36.0,1.3,7444950.0,53850.0,7802.0,1975.9999999999998,26015.742101396034,49301.620132255695,40.2,22908.0
2021-05,49366.66666666666,19.233333333333334,2.0,5.0,2021.0,16.233333333333334,1415808.156,952.9174311926604,748.5,8448.0,34811.0,2696.0,998.0,3563.0,419339685.84000015,35196651.50999999,333805487.85,49781095.12000001,264.36183439856416,112.2291929739724,45.952808219178344,50.305176282051704,48.1238020086086,12717678.7,5399103.4,165.16129032258058,118.48387096774192,1632.94,15534.22,84.48387096774194,163.09677419354838,146.3548387096774,111.06451612903228,17.68967742,859.0,100.62999999999998,111.5,6.6,3.5,101.6,160.2,34075.0,32619.0,102.9,73363.0,80.6,80.6,2058.7,51.9,2139.3,48.5,387141.41587068327,4181.5,114.00000000000001,17.96539309331374,100.5357825128582,53850.0,6972.0,36.0,1.3,7444950.0,53850.0,7802.0,1975.9999999999998,26015.742101396034,49301.620132255695,40.2,22908.0
2021-06,51828.33333333334,26.1,2.0,6.0,2021.0,15.5,1460885.746999999,952.9174311926604,748.5,10780.0,37490.0,3958.0,1321.0,4412.0,453350906.6199999,29665963.5,371426464.76999986,52113478.34999997,264.36183439856416,112.2291929739724,46.16579427083322,50.61278097982742,48.28341430499318,12717678.7,5399103.4,181.23333333333332,124.23333333333332,1473.56,17713.44,82.38709677419354,179.43333333333337,159.26666666666668,113.43333333333334,17.61433333,859.0,100.7,111.6,4.9,4.6,101.3,128.4,29274.0,32619.0,102.9,73363.0,80.6,80.6,2058.7,51.9,2139.3,48.5,387141.41587068327,4181.5,114.00000000000001,17.96539309331374,100.5357825128582,53850.0,6972.0,36.0,1.3,7444950.0,53850.0,7802.0,1975.9999999999998,26015.742101396034,49301.620132255695,40.2,22908.0
2021-07,53790.32258064517,26.225806451612907,3.0,7.0,2021.0,16.0,1720656.1149999998,952.9174311926604,967.7,9385.0,38750.0,2282.0,818.0,3892.0,1478915566.89,28254015.07999999,961229871.63,489140641.08,436.97270960454597,140.84406260832012,46.578906250000436,50.78148667601704,48.48957382039527,21359560.4,6847476.5,176.6,119.9,1262.58,16496.04,86.43333333333334,174.23333333333332,175.23333333333332,100.5,18.38866667,859.0,100.16,105.0,7.5,4.2,108.0,110.9,25625.0,37468.0,107.9,72527.0,80.8,80.8,2066.1,51.90542540073982,2146.9,51.5,387141.41587068327,4181.5,114.00000000000001,17.96539309331374,100.5357825128582,53850.0,6972.0,36.0,1.3,7444950.0,53850.0,7802.0,1975.9999999999998,26015.742101396034,49301.620132255695,40.2,22908.0
2021-08,50943.548387096766,25.806451612903228,3.0,8.0,2021.0,16.0,1652006.3089999985,952.9174311926604,967.7,8798.0,41782.0,2559.0,943.0,3786.0,545432668.5600004,46612779.19,413793432.40999985,85032906.06000006,436.97270960454597,140.84406260832012,46.85205673758801,51.268593073593074,48.782401392111645,21359560.4,6847476.5,161.19354838709674,128.6451612903226,1170.215,15347.2,80.2258064516129,168.09677419354838,159.61290322580646,104.93548387096772,19.08,859.0,100.18,105.3,8.8,4.4,107.4,107.9,23328.0,37468.0,107.9,72527.0,80.8,80.8,2066.1,51.90542540073982,2146.9,51.5,387141.41587068327,4181.5,114.00000000000001,17.96539309331374,100.5357825128582,53850.0,6972.0,36.0,1.3,7444950.0,53850.0,7802.0,1975.9999999999998,26015.742101396034,49301.620132255695,40.2,22908.0
2021-09,50675.0,26.266666666666666,3.0,9.0,2021.0,15.5,1387656.586,952.9174311926604,967.7,9830.0,42569.0,2975.0,1014.0,3930.0,475770630.17999935,36825353.41000002,362697610.47000027,76247666.29999995,436.97270960454597,140.84406260832012,46.4293846153846,51.37416361416287,48.580317880794496,21359560.4,6847476.5,184.4,122.26666666666668,1257.885,14543.0,73.93333333333334,172.13333333333333,166.1,110.73333333333332,19.37966667,859.0,100.72,116.7,8.6,4.7,97.0,107.2,20990.0,37468.0,107.9,72527.0,80.8,80.8,2066.1,51.90542540073982,2146.9,51.5,387141.41587068327,4181.5,114.00000000000001,17.96539309331374,100.5357825128582,53850.0,6972.0,36.0,1.3,7444950.0,53850.0,7802.0,1975.9999999999998,26015.742101396034,49301.620132255695,40.2,22908.0
2021-10,52783.87096774193,17.548387096774196,4.0,10.0,2021.0,16.0,1584074.1660000002,952.9174311926604,1108.4000000000003,10753.0,45689.0,3506.0,1155.0,4211.0,764917337.54,90202319.43,556244518.81,118467449.04999997,396.82576449107114,167.03187637813298,46.712425373135346,51.49657446808426,48.96965583174015,19689644.20000001,8341652.300000003,175.45161290322582,119.90322580645164,1348.255,14395.27,76.6896551724138,172.61290322580646,172.70967741935485,100.25806451612905,18.48645161,859.0,101.37,103.9,19.1,4.4,98.1,110.2,18952.0,41584.0,111.1,70966.0,80.8,80.8,2053.3,57.3,2134.1,52.2,387141.41587068327,4181.5,114.00000000000001,17.96539309331374,100.5357825128582,53850.0,6972.0,36.0,1.3,7444950.0,53850.0,7802.0,1975.9999999999998,26015.742101396034,49301.620132255695,40.2,22908.0
2021-11,54608.33333333334,21.466666666666665,4.0,11.0,2021.0,15.5,1634935.5230000017,952.9174311926604,1108.4000000000003,10450.0,45008.0,3672.0,1156.0,4016.0,1660303980.9700005,493050488.36,929866091.39,237390451.47,396.82576449107114,167.03187637813298,47.208827160494,51.90892644135254,49.53321528425021,19689644.20000001,8341652.300000003,195.7,118.66666666666669,1304.81,16967.2,71.77347273723343,180.2,171.93333333333337,74.1,19.12633333,859.0,100.91,106.9,7.0,3.8,97.7,109.8,17783.0,41584.0,111.1,70966.0,80.8,80.8,2053.3,57.3,2134.1,52.2,387141.41587068327,4181.5,114.00000000000001,17.96539309331374,100.5357825128582,53850.0,6972.0,36.0,1.3,7444950.0,53850.0,7802.0,1975.9999999999998,26015.742101396034,49301.620132255695,40.2,22908.0
2021-12,56116.93548387097,18.41935483870968,4.0,12.0,2021.0,16.0,1796709.7680000018,952.9174311926604,1108.4000000000003,13954.0,48972.0,4691.0,1444.0,5041.0,5079629033.330001,231685725.06,2290621441.9300013,2557321866.34,396.82576449107114,167.03187637813298,47.91680387409141,52.46358715596357,51.31857280617203,19689644.20000001,8341652.300000003,173.64516129032262,123.45161290322581,1165.1,20347.85,71.77347273723343,208.7419354838709,134.04251574853083,88.51612903225808,17.214000000000002,859.0,100.85,94.4,9.7,4.7,113.4,105.2,17320.0,41584.0,111.1,70966.0,80.8,80.8,2053.3,57.3,2134.1,52.2,387141.41587068327,4181.5,114.00000000000001,17.96539309331374,100.5357825128582,53850.0,6972.0,36.0,1.3,7444950.0,53850.0,7802.0,1975.9999999999998,26015.742101396034,49301.620132255695,40.2,22908.0
2022-01,58209.67741935483,24.0,1.0,1.0,2022.0,16.0,1830282.7700000003,952.9174311926604,976.3,7212.0,47472.0,2801.0,856.0,2462.0,3117798.46,1116606.89,2280804.47,-279612.9,397.2613125076993,178.09274129624518,48.51080459770154,53.013619718309535,52.230329835082905,20133918.0,9309881.4,145.74193548387098,111.06451612903228,100768.0,47207.0,62.0,147.1290322580645,154.93548387096774,102.51612903225808,17.86548387,808.0,100.62,114.8,13.8,3.0,78.5,103.8,15437.0,30925.0,115.0,69613.0,76.1,76.1,2017.4782560706399,50.2,2136.7,51.7,387141.41587068327,4200.54293598234,100.88747240618105,17.96539309331374,100.5357825128582,60096.715231788075,8344.460816777042,22.708995584988962,2.1517660044150104,6081274.866445918,60096.71523178807,15278.118653421632,2655.171081677704,26015.742101396034,49301.620132255695,39.32610375275939,22783.416114790292
2022-02,54567.857142857145,37.607142857142854,1.0,2.0,2022.0,14.5,1602099.7900000003,952.9174311926604,976.3,9404.0,45635.0,3734.0,1099.0,3285.0,122918945.2,4730382.7,88195059.07000001,29993503.43,397.2613125076993,178.09274129624524,48.398244274809656,52.8865242165244,52.43315270935931,20133918.0,9309881.4,196.14285714285717,116.17857142857143,103563.0,107959.51228099175,62.12903225806453,188.17857142857144,186.4642857142857,102.5,18.47375,808.0,100.81000000000002,108.8,11.8,4.7,98.7,103.5,14364.0,30925.0,115.0,69613.0,76.1,76.1,2017.4782560706399,50.2,2136.7,51.7,387141.41587068327,4200.54293598234,100.88747240618105,17.96539309331374,100.5357825128582,60096.715231788075,8344.460816777042,22.708995584988962,2.1517660044150104,6081274.866445918,60096.71523178807,15278.118653421632,2655.171081677704,26015.742101396034,49301.620132255695,39.32610375275939,22783.416114790292
2022-03,54870.967741935485,23.032258064516128,1.0,3.0,2022.0,16.0,1740630.0870000003,952.9174311926604,976.3,11348.0,48749.0,4992.0,1501.0,3909.0,746214440.6334504,104292159.8775828,431480384.2778477,208564406.3586159,397.2613125076993,178.09274129624518,48.35355871886172,52.928042609853726,52.162921478060476,20133918.0,9309881.4,194.0,105.54838709677419,776.0,107959.51228099175,65.83333333333333,176.03225806451616,175.83870967741936,79.2258064516129,14.53419355,808.0,106.78,101.6,5.9,4.8,106.3,104.9,13360.0,30925.0,115.0,69613.0,76.1,76.1,2017.4782560706399,50.2,2136.7,51.7,387141.41587068327,4200.54293598234,100.88747240618105,17.96539309331374,100.5357825128582,60096.715231788075,8344.460816777042,22.708995584988962,2.1517660044150104,6081274.866445918,60096.71523178807,15278.118653421632,2655.171081677704,26015.742101396034,49301.620132255695,39.32610375275939,22783.416114790292
2022-04,52524.0,21.03448275862069,2.0,4.0,2022.0,15.20689655172414,1501815.6990000003,952.9174311926604,764.0,2979.0,53679.0,1478.0,397.0,1046.0,746214440.6334504,104292159.8775828,431480384.2778477,208564406.3586159,263.6561941878945,132.99895098577423,48.033131548312454,52.915605633802535,51.94861618798994,13284005.6,6897242.0,150.4,111.2,6727.0,107959.51228099175,63.32258064516129,117.46666666666668,169.9,89.86666666666666,14.842666669999998,808.0,102.31,97.8,8.1,4.4,90.9,104.0,14025.0,37361.0,113.3,68088.0,77.8,77.8,2017.4782560706399,49.0,2157.6,54.6,387141.41587068327,4200.54293598234,100.88747240618105,17.96539309331374,100.5357825128582,60096.715231788075,8344.460816777042,22.708995584988962,2.1517660044150104,6081274.866445918,60096.71523178807,15278.118653421632,2655.171081677704,26015.742101396034,49301.620132255695,39.32610375275939,22783.416114790292
2022-05,59704.03225806452,23.548387096774192,2.0,5.0,2022.0,16.0,1424398.2519999978,952.9174311926604,764.0,2796.0,55474.0,1578.0,329.0,834.0,746214440.6334504,104292159.8775828,431480384.2778477,208564406.3586159,263.6561941878945,132.99895098577423,48.00334319526689,52.69480865224597,51.823183925811215,13284005.6,6897242.0,137.61290322580643,107.25806451612905,6613.0,107959.51228099175,62.12903225806453,119.29032258064517,152.22580645161293,93.87096774193549,14.64935484,808.0,100.71,102.1,11.7,3.8806549351482857,101.5,104.9,13719.0,37361.0,113.3,68088.0,77.8,77.8,2017.4782560706399,49.0,2157.6,54.6,387141.41587068327,4200.54293598234,100.88747240618105,17.96539309331374,100.5357825128582,60096.715231788075,8344.460816777042,22.708995584988962,2.1517660044150104,6081274.866445918,60096.71523178807,15278.118653421632,2655.171081677704,26015.742101396034,49301.620132255695,39.32610375275939,22783.416114790292
2022-06,57479.625,25.535714285714285,2.0,6.0,2022.0,16.285714285714285,1485308.8099999984,952.9174311926604,764.0,4994.0,51696.0,2605.0,544.0,1511.0,746214440.6334504,104292159.8775828,431480384.2778477,208564406.3586159,263.6561941878945,132.99895098577423,47.89875549048377,52.75726114649662,51.80631419939535,13284005.6,6897242.0,168.86666666666662,115.26666666666668,9978.0,107959.51228099175,59.7,115.2,153.73333333333332,100.33333333333331,14.59,808.0,99.67,82.9,15.5,4.9,102.5,106.6,13531.0,37361.0,113.3,68088.0,77.8,77.8,2017.4782560706399,49.0,2157.6,54.6,387141.41587068327,4200.54293598234,100.88747240618105,17.96539309331374,100.5357825128582,60096.715231788075,8344.460816777042,22.708995584988962,2.1517660044150104,6081274.866445918,60096.71523178807,15278.118653421632,2655.171081677704,26015.742101396034,49301.620132255695,39.32610375275939,22783.416114790292
2022-07,54033.87096774193,24.0,3.0,7.0,2022.0,16.0,1588497.4460000002,952.9174311926604,874.5000000000003,7494.0,53207.0,3435.0,692.0,2273.0,746214440.6334504,104292159.8775828,431480384.2778477,208564406.3586159,380.9756753355832,143.9820002789184,47.956575342466316,52.70417457305475,51.82433862433839,17445316.62160835,6737921.5933087785,142.13333333333333,101.43333333333334,104338.0,107959.51228099175,55.29032258064516,112.76666666666668,157.9,73.06666666666666,17.487000000000002,808.0,99.59,86.5,9.887456144347746,4.556431402925228,107.2,102.8,33962.22010050251,31373.806532663315,103.0759296482412,79414.84773869348,98.53085427135679,98.53085427135679,2017.4782560706399,51.90542540073982,2120.7241206030153,39.967336683417095,387141.41587068327,4200.54293598234,100.88747240618105,17.96539309331374,100.5357825128582,60096.715231788075,8344.460816777042,22.708995584988962,2.1517660044150104,6081274.866445918,60096.71523178807,15278.118653421632,2655.171081677704,26015.742101396034,49301.620132255695,39.32610375275939,22783.416114790292
2022-08,56995.161290322576,27.12903225806452,3.0,8.0,2022.0,16.0,1686911.4679999975,952.9174311926604,874.5000000000003,10078.0,56254.0,3981.0,811.0,3004.0,746214440.6334504,104292159.8775828,431480384.2778477,208564406.3586159,380.9756753355832,143.9820002789184,47.957248677249204,52.66307992202704,52.07305936073044,17445316.62160835,6737921.5933087785,193.54838709677415,118.32258064516131,10677.0,107959.51228099175,52.22222222222222,116.70967741935483,152.32258064516128,94.90322580645164,13.46709677,808.0,99.7,103.9,12.823354094226431,5.456421229605288,106.5,106.1,33962.22010050251,31373.806532663315,103.0759296482412,79414.84773869348,98.53085427135679,98.53085427135679,2017.4782560706399,51.90542540073982,2120.7241206030153,39.967336683417095,387141.41587068327,4200.54293598234,100.88747240618105,17.96539309331374,100.5357825128582,60096.715231788075,8344.460816777042,22.708995584988962,2.1517660044150104,6081274.866445918,60096.71523178807,15278.118653421632,2655.171081677704,26015.742101396034,49301.620132255695,39.32610375275939,22783.416114790292
2022-09,55752.25,25.13333333333333,3.0,9.0,2022.0,15.5,1432092.0210000009,952.9174311926604,874.5000000000003,10812.0,55547.0,3698.0,811.0,3407.0,746214440.6334504,104292159.8775828,431480384.2778477,208564406.3586159,380.9756753355832,143.9820002789184,47.87538745387467,52.866435124508676,52.621899371068686,17445316.62160835,6737921.5933087785,163.26666666666668,106.7,10884.0,107959.51228099175,59.7,113.6,156.23333333333332,83.33333333333333,15.23,808.0,99.96,107.9,9.396097005859103,4.690359389176804,100.0,106.3,33962.22010050251,31373.806532663315,103.0759296482412,79414.84773869348,98.53085427135679,98.53085427135679,2017.4782560706399,51.90542540073982,2120.7241206030153,39.967336683417095,387141.41587068327,4200.54293598234,100.88747240618105,17.96539309331374,100.5357825128582,60096.715231788075,8344.460816777042,22.708995584988962,2.1517660044150104,6081274.866445918,60096.71523178807,15278.118653421632,2655.171081677704,26015.742101396034,49301.620132255695,39.32610375275939,22783.416114790292
2022-10,55825.0,15.083333333333336,4.0,10.0,2022.0,16.0,1589269.4020350631,1367.0724241870544,1257.2227191589195,12028.904906091668,37418.66795250628,4284.8123998130495,1195.3293672454527,4284.910487695769,950399735.9561619,129140977.09768036,597745480.9843843,145905570.74059695,359.1061395366915,154.141979695182,48.39942787164746,53.35612384245751,51.4419965323903,18107626.408469614,8010776.347745784,168.12923994781417,114.86193629325615,2008.4278754952195,26420.747732980162,68.18485992059813,163.70522232720532,176.67862433984448,95.59446832824386,18.162390411872405,851.6252722768007,101.08900870466513,105.87560038424593,11.649990606737287,4.08916608387398,102.02476703132477,111.08333797279602,27007.592845142564,43650.90275044866,106.02154623471512,68571.05575080798,81.77568670330908,81.77568670330908,2027.8780970937576,56.145627348007224,2129.994122534822,54.28431662035553,391924.87837863987,4191.650547729553,118.25882533343847,18.185591533000267,100.30345097546218,56933.28503513944,7731.4397277166545,43.5887172292268,1.5260954418664294,8442386.482819157,56406.04666903133,12890.92128717279,2302.339769660385,26230.37886728612,52836.83397823217,39.457746451911405,23034.716242359696
2022-11,,,4.0,11.0,2022.0,15.5,1592225.1358778325,1366.781677563505,1256.6401697741471,11330.553549030255,38588.43557745541,3833.2119011872933,1129.9909917386806,4005.3101592918324,1463782363.7966914,307354959.10784036,654314424.7082669,208470520.98584333,358.9775430487119,154.14120770293704,48.656633917138,53.61840656237298,51.81546334700997,18107617.71682281,8006434.287994219,187.87776202881213,116.78841808880068,1913.5245116914448,21730.11310672631,69.59696023445078,174.4942479308692,172.5782669153048,83.00253627419207,18.484404815105094,851.6184611033742,101.05660195357805,105.87560038424593,13.758161676502073,4.440969146001068,100.62092041433752,110.71648626500084,26760.73469871525,43610.45703913518,106.01875452230637,68518.45140478342,81.66538559742678,81.66538559742678,2027.8744992717925,56.14415314339035,2129.9912772053203,54.10006025466954,391921.3077477055,4191.868978465429,118.21882036992186,18.184991427132555,100.30317571591698,56922.929857759125,7730.654427383014,43.360215824486396,1.5191167619880082,8431093.447029822,56393.965628754304,12870.920693529548,2299.281181196776,26230.323679128105,52804.775816372676,39.45773442955135,23034.48946400689
2022-12,,,4.0,12.0,2022.0,15.754098360655734,1757806.3344599174,1366.4922939461587,1256.0617417527926,13236.34243864911,42831.75045352538,4066.3916296291095,1276.1042425325513,4815.73212100497,4736852730.762102,363609643.5267465,2092287500.4387558,2405718589.303655,358.84823788961677,154.1404362456043,48.83694497866783,53.97335861003887,53.26422900799618,18107609.02703667,8002125.677901488,163.38054817240447,117.39820750746999,1760.3046825578494,40109.16081101914,70.11828674569973,193.37878611413223,148.01850951138476,89.63855045790207,17.521293298615422,851.6116590875432,101.20711666503004,105.87560038424593,11.33219755267273,4.218899655672393,118.99465549621866,108.10593569806791,26349.91158728348,43570.42889698148,106.01596823391505,68465.40092402928,81.55396543777125,81.55396543777125,2027.8709029349786,56.14268150018443,2129.988432894367,53.92020337342539,391917.74335316266,4192.07556198179,118.17919266806211,18.184392751987183,100.3029002225515,56912.516768737194,7729.8667630195105,43.14083665634464,1.5119914528326226,8420009.681648085,56381.81702489538,12850.440701920847,2296.11900874868,26230.26852879062,52773.06293246397,39.45772240405741,23034.26294843521
2023-01,,,1.0,1.0,2023.0,16.0,1650177.8013292004,898.9074811893342,776.9013396342116,6908.87366513989,55800.607769457165,2548.387366450523,788.5084458129134,2436.965908036845,8314096.998765858,1930238.5829131573,2463754.4091276857,3041139.549449842,349.5790764596562,150.95732594560045,48.440694273835824,54.00371711732234,53.7518332296205,17767715.307805274,7830297.244623157,157.86118289902416,114.0737554440902,2150.8072708981117,50640.52283305863,67.50743875813072,159.58233530084073,166.0406497304101,90.78159356112782,17.835329003338433,844.1453342233763,100.8547299199028,114.00228904613121,10.826508017002457,2.9127105253452776,74.25607497127622,108.62537284968344,29816.05662847833,31654.648133501152,107.82471912321195,67037.19054008914,76.40584119747173,76.40584119747173,2022.4423969405689,48.138065398929214,2122.670862702471,54.38888567004489,389808.6829957258,4185.051541525811,123.52318806066961,18.415907731022827,101.73990604242813,59062.59900517494,7770.595290320762,53.919132123324715,1.408768311954908,9136787.333478948,57754.1088344672,23084.28964948877,2313.787962986348,26229.902582709103,55405.84478631201,39.26452517101536,23165.14393895962
2023-02,,,1.0,2.0,2023.0,14.5,1604306.185306468,898.6914282313629,776.6086383226619,8913.60517427379,53525.95245406554,3799.337430414753,981.6032545961447,3157.326778985263,72408344.51682787,6035168.277441089,39130418.25965758,14631847.460198745,349.467801228593,150.95690076590054,48.51127870253523,54.01321285492717,53.741993569170674,17767705.57925787,7826848.734090082,152.14014071832747,112.87050487884486,2476.0143449507304,66294.15940843054,67.50214966109283,180.38614354651162,180.4710952806578,90.94058010692352,17.834950620086364,844.1316624640448,100.97508302536072,111.46522035161207,12.767088060138063,4.410014381804504,100.99559523516369,108.1950385597583,32086.227151513507,31610.033869635885,107.82122000149393,66956.54566597346,76.31102039573551,76.31102039573551,2022.4413792657144,48.13637311099368,2122.6684375579503,54.289828620092614,389976.7177075355,4185.693699717577,123.46728236310474,18.41467351805413,101.73936125969004,59046.52402973703,7769.489446673235,53.555045117660036,1.400783904118326,9120918.267397748,57735.28579081439,23173.254079324615,2310.0277064594793,26229.82915123081,55374.51525795142,39.26451713475736,23164.683938761227
2023-03,,,1.0,3.0,2023.0,16.0,1604281.9967697703,898.4763919818222,776.3179342141078,11522.193023592266,57058.66963622665,4449.007854196574,1125.0979204713906,3609.593389761812,674173097.3907375,56803112.77676153,366455850.2718712,73334761.08625133,349.35589599511724,150.95647587856044,48.478106021306715,53.95039583470143,52.93022117120913,17767695.852793552,7823425.773572807,194.86471283708667,108.39531354947785,1715.2827096467695,67457.84613859617,66.50615445045482,176.026864967877,186.47521795280116,90.91716879963171,16.352940261274213,844.118009248981,101.25596868237578,112.46665601675647,13.067228643200481,4.4562628292892335,110.36116945793717,109.41684155445671,31569.069977010742,31565.915523915977,107.81772762901308,66875.26521468526,76.21518933345571,76.21518933345571,2022.4403620080316,48.13468377583774,2122.6660132800307,54.19266074096264,389929.4083179657,4186.417116600361,123.41190564715127,18.41344230030485,101.73881601744127,59029.96086293712,7768.380343284215,53.20545876932038,1.3926367104793251,9105344.131707808,57716.06053201579,23146.827099176175,2306.2891418420086,26229.75577009171,55343.50568091651,39.26450909640155,23164.22447657229
2023-04,,,2.0,4.0,2023.0,15.5,1529481.0515739613,1003.739157341844,807.1845510414012,9170.930256071542,62700.87443297736,3715.447498439837,1065.2251425078405,3314.7890648191883,693393704.3747939,43174641.780211866,465410273.1741871,219275972.8442312,254.01768070814583,118.72852474680514,48.930886832702704,53.72173060408645,52.66231784121253,13301004.642688636,6456485.849343598,170.9850193847101,114.19263915755162,2901.122930762079,65059.0594978637,66.49970391985424,124.07465337447435,181.8633912908634,90.00019338669321,17.83419522580771,844.1043745404808,101.09849957126282,113.38070436929137,15.522258337267006,4.674233748158729,99.93590809413237,112.46534361641392,35384.37090724963,36420.007964035474,105.2522375086598,65994.40757842774,77.43761073697156,77.43761073697156,2022.439345167264,51.5710686275785,2137.2614476575714,57.43564575757825,389933.1266308482,4188.567507035908,123.35705044032606,18.41221406688489,101.73827031503815,59013.25043903424,7767.2679657191175,52.869523706144285,1.384321701460391,9090056.780081982,57696.6884695661,23118.729204304247,2302.4534313845993,26229.682439240078,55312.81117887532,39.264501055947115,23163.7655514495
2023-05,,,2.0,5.0,2023.0,16.0,1432878.5484034412,1003.6264717753309,806.9934653837026,6934.886936195952,62324.85104329505,3318.472320678189,936.0238674752827,2749.966430729457,516940852.06908464,35075292.54387589,390381940.64360136,115243338.90695232,253.9882279508075,118.72785175916223,49.536564191361464,54.78573217338419,52.743903849081754,13301002.830128916,6452601.620374681,148.74754112173562,111.86197548122108,2809.471381417001,42637.925137332015,67.4862033861194,130.65388227633622,162.88215166363602,94.0104269107172,17.83381821312331,844.0907583009417,100.87730988228917,110.31153967432505,7.75267961106722,3.1998506241922207,104.15842280286022,110.91879833099514,34556.0300882187,36382.591573148384,105.24999918818857,65940.29751330361,77.31287401034149,77.31287401034149,2022.438328743155,51.56926492822033,2137.257364812392,57.061209624256236,389928.3783982034,4188.785418014975,123.3027094102036,18.41098880695689,101.73772415189913,58996.5120929224,7766.1522994579955,52.546455621242416,1.3758336381300418,9075048.363471018,57677.25881233652,23090.048105492708,2298.494282556661,26229.609158624215,55282.426974087575,39.26449301339325,23163.307162451747
2023-06,,,2.0,6.0,2023.0,15.5,1494147.3583595932,1003.5142848122757,806.8036200940281,9822.653063533302,60147.83869752399,4424.880401210516,1013.6437620464096,3823.1515996714534,584476774.7797625,47339826.88243274,433937811.4948349,245709717.78861132,253.9585946420209,118.72717923764088,49.559716872364504,54.9986061692509,53.96694575647665,13301001.0179557,6448747.162233956,182.4386203841599,118.35489700587841,2504.314224634935,41770.19975485975,67.48086146915249,161.432529289943,164.4327940858435,100.4823748474866,17.833441655640332,844.0771604928636,101.00248301453394,102.80245028616928,11.819860785406313,3.8034096264430666,105.79131436502644,111.8693270262073,33209.48256398769,36345.55908596385,105.24776512350834,65885.71022176529,77.18686908978394,77.18686908978394,2022.4373127354493,51.567464367821906,2137.2532834316726,56.697193557175986,389925.12585220416,4188.992751712295,123.22922024769701,18.409766509735896,101.73717752743985,58979.685070257256,7765.033329894931,52.23552915975031,1.3671670611954456,9060311.31666574,57657.725699128016,23060.789873327347,2294.4013610617208,26229.53592819253,55252.348384925615,39.2644849687391,23162.849308640103
2023-07,,,3.0,7.0,2023.0,16.0,1597945.3484087272,1003.402593150703,993.3357167061844,11524.63284728951,53654.212415615475,3933.317595807653,882.076538248739,3699.679822030573,822674047.5184202,94192089.6218646,479695679.9991053,372665458.86732817,405.87636895171204,160.55219174841048,49.91534829935299,54.935365082588866,53.9782360456489,21344611.90674937,8381870.521819226,155.00776505792598,113.63451293827835,2120.7420336944197,115536.22837415426,67.47550622357255,163.87183939548763,182.37560379260051,90.9168328538171,17.83306555253485,844.0635810788472,100.54011363439925,100.22552231989359,10.745119098059616,4.0835128927902336,107.75777097249563,110.56939791857404,32822.27956312567,39848.41277966752,108.11420093889248,66431.79633536849,76.87460396021588,76.87460396021588,2022.4362971438918,53.51318733417205,2125.2484136617777,55.73473049287982,389921.6222774276,4189.190293765157,123.14451314210524,18.40854716448901,101.73663044107495,58962.70860904969,7763.911042337383,51.93607248211686,1.3583162792931704,9045838.345581573,57638.04325982426,23030.950005454506,2290.1683995344397,26229.462747893493,55222.57082346959,39.26447692198385,23162.39198907784
2023-08,,,3.0,8.0,2023.0,16.0,1604161.4223298202,1003.2913935177304,992.8354367361546,11307.239120045193,57598.91252849253,4551.627713647674,1093.3719070097402,4140.475550026622,822026716.0832117,50196833.18432333,464543619.71340495,258521009.50025883,405.7838900493178,160.5510517859417,50.04480919264832,54.884693197799606,54.22982412426162,21344600.23466981,8378329.553172464,188.96401204333145,121.87846653775976,3140.3796393419457,115492.17417320333,67.47013759943296,160.86701356804582,162.80229610027232,105.24762594986272,17.832689902984953,844.0500200215947,100.44610262622595,107.29573114121258,10.304070700549348,3.873805533733748,107.99375729508085,110.1284758979776,32788.044720175065,39808.593679949925,108.1107320629722,66360.82755313124,76.7235490562626,76.7235490562626,2022.4352819682251,53.51180518564108,2125.247609471475,55.500246585031356,389918.16917276685,4189.378751069929,123.06063499064426,18.407330760535192,101.73608289221998,58945.70207543712,7762.785422005548,51.647462418161965,1.3492753565252815,9031622.4152206,57618.30071717712,23000.484206324778,2285.793536758691,26229.38961767564,55193.08979317459,39.26446887312672,23161.93520283042
2023-09,,,3.0,9.0,2023.0,15.5,1440601.236201843,1003.1806826692464,992.3386416870944,12368.928583548672,58433.601357677726,4221.8063510081065,1092.9147041920444,3982.3061390842977,984156385.3785046,104111944.58518855,464333830.1042271,244441811.85781023,405.6908594513025,160.54991261549688,49.735382423804026,55.08881435782768,54.14569885923793,21344588.565087885,8374814.249116803,176.1300828994114,115.80645015406542,2963.425810098204,115448.62930990373,67.46475554653722,165.7393730954689,175.26532306600586,110.45509167726296,17.8323147061707,844.0364772839093,100.617144712688,115.76576377196442,10.131033452724347,3.9366495999110955,99.9854712378518,110.98822955604288,32605.885913240625,39769.17694390506,108.10726983945568,66289.25675112942,76.57102557191956,76.57102557191956,2022.4342672081946,53.5104254114588,2125.246805567009,55.27116128529397,389914.7132332667,4189.558761691908,122.9775736841941,18.40611728724478,101.73553488028756,58928.604691837405,7761.656454031709,51.369120138341465,1.3400380991834382,9017656.738269314,57598.45218287826,22969.386334872444,2281.2963664250938,26229.316537487568,55163.90088660706,39.26446082216683,23161.478948965472
2023-10,,,4.0,10.0,2023.0,16.0,1598707.861529165,1402.125207235246,1303.770543837015,13466.868811066535,43220.12675904932,4884.657823738797,1239.9612424570998,4475.1159322003705,1045348650.3296944,128917791.28230871,642971590.9668572,170435109.75394315,345.73382335681856,154.7737941940471,50.058573036710214,55.59125844646374,53.55801699372815,18130783.24094757,8330204.451493016,181.28936275040763,117.91208317958036,2487.4780142892664,28243.01243947395,67.11188707509693,172.6623807376389,188.69622235055562,95.73640015275858,18.289960271920467,858.4133857488195,101.25683206648846,107.22971750524479,12.555319288441668,3.783567114452186,102.55492120458507,113.00920361879056,29766.082123909415,45880.58790689894,107.21291783019112,64431.311129379974,75.51397047233864,75.51397047233864,2032.858636258067,56.71216650076807,2134.535769698888,59.543223784722244,392723.1476279686,4189.549352682876,122.96689351266777,18.437259835833817,101.70832465021127,58425.28567366829,7582.635499506886,51.145639253708104,1.25316048035516,9242535.069765398,57011.37009378601,22761.55665143898,2263.5567105351092,26337.57045131541,55788.071890765685,39.39588909383434,23191.32551675355
2023-11,,,4.0,11.0,2023.0,15.5,1601676.4715631614,1401.7522828890988,1303.0233172198396,12671.67480292315,44494.94430467104,4363.648108920979,1172.0523503362242,4182.448998117436,1608812922.9689815,306823701.3346262,703510420.5137013,243034199.1312204,345.5684049699963,154.7728032995457,50.319844897385465,55.8567146950075,53.93956494656503,18130772.070617974,8324631.914089234,202.4883752624576,119.88287475259621,2361.04312694703,23220.295231373737,68.50032817786834,183.99839458775668,184.2507971766289,83.12575725343777,18.61416050652432,858.4020144369234,101.2243483081206,109.04238368514444,14.820438575454705,4.106998685532637,101.1435534254565,112.63322253272324,29470.942659287182,45828.63420311379,107.20898019295984,64360.966422362275,75.37195703408092,75.37195703408092,2032.8540104453346,56.71020144335238,2134.5321114588182,59.29914451293261,392718.36093442515,4189.800093873938,122.90046075407002,18.436361535010427,101.70793881307388,58411.22122159522,7581.626289335896,50.77046404505887,1.2433194843755828,9223909.941731326,56995.059982227634,22734.442523478487,2259.2172250512326,26337.47854654309,55740.55808563868,39.395869008191816,23191.008517614464
2023-12,,,4.0,12.0,2023.0,16.0,1768235.3895733412,1401.3811060378616,1302.2813735661528,14787.736737547202,49305.18788524349,4622.680136409748,1323.45745170404,5027.930622294155,5202333577.835576,362981059.95540696,2248620981.9033546,2799142565.9845376,345.40207451139327,154.77181309158897,50.50157767097182,56.218673351508414,55.440287004247686,18130760.90267961,8319102.274858156,176.0042878078045,120.50196814064353,2164.1195044150722,42844.090243001,69.01198754811571,203.8639224959739,157.97380076761334,89.77160643651825,17.644216291597157,858.3906584054547,101.37508962746064,101.48756354181559,12.201570394669568,3.899628476502284,119.6124557305372,109.97478168131563,28996.17969367851,45777.21636206754,107.20505018270997,64290.022471569726,75.228501394036,75.228501394036,2032.849386542023,56.70823979725849,2134.5284545282507,59.06083472620595,392795.48873870913,4190.038007736936,122.83465220147755,18.43546537086164,101.70755264761328,58397.56714891667,7580.614040217727,50.41006725891057,1.2332709488683742,9205627.628345236,56979.025339398824,22681.868185968775,2257.7799134831034,26337.38670473607,55693.551220187735,39.395848917312975,23190.69188515811
2024-01,,,1.0,1.0,2024.0,16.0,1659963.458772267,921.809351486668,805.4017861789488,7710.810497709836,64129.21553891434,2893.081049675785,817.6779277505511,2543.954544049127,9124470.193457322,1926901.2372175432,2646704.3482553726,3531791.709174763,336.4392020336117,151.57545341455142,50.087143880265856,56.24253347601748,55.94036097282737,17790430.184756596,8139446.959497544,169.98043031417734,117.08299475914812,2634.9484063471677,54074.04566611729,66.44093026335504,168.1960835964224,177.14581558985248,90.91632956207138,17.960382045564007,850.8604456311682,101.02209487985421,117.03219760602586,11.651809620402947,2.6908881566815968,74.64143329503496,110.50049713291125,32785.57078559792,33251.17776020138,109.03295883094928,62928.02864810697,70.44112159662897,70.44112159662897,2027.4065378104972,48.622581748661524,2127.194483603295,59.53332850506733,391077.7679469009,4183.047838011461,128.21977245769375,18.669884663778525,101.7221133854807,60451.644335338875,7620.314348384914,62.87869818498706,1.1450244159398772,9982706.000218423,58286.77474820736,36508.0287890684,2573.099810281491,26336.98282336564,58457.95711334018,39.20294658927133,23322.372726751542
2024-02,,,1.0,2.0,2024.0,15.0,1613815.1221519469,921.5392852892037,805.0115177635493,9938.326209128549,61416.90490813107,4307.506145622129,1017.8043394615263,3295.435705313684,79409106.27577049,6024732.082929308,42018238.73287676,16961206.360264994,336.2908350588609,151.57481564500162,50.155470368812374,56.244713652473926,55.9227215842912,17790418.024072334,8134848.945453444,163.74592536320552,115.84147160398152,3023.096517426097,70763.77426053816,66.43431889205768,190.07921531976746,192.4745000638438,91.07553538065994,17.959927985661515,850.8422166187262,101.14262453804108,112.40216709221724,13.734176120276127,4.072017258165404,101.5194940439546,110.06005141301108,35255.533939391884,33197.64064356306,109.02829333532524,62831.254799168164,70.31469386098068,70.31469386098068,2027.4045024607879,48.620466388742116,2127.1912500772664,59.384742930138906,391194.6210422665,4183.71922906893,128.13591391131493,18.668341897567657,101.72145964626161,60432.23868278178,7618.987336007885,62.33256767649006,1.134378538824435,9958902.401096623,58264.10033430028,36673.5739341395,2567.6491033794805,26336.8726761482,58410.96282079928,39.202930516755316,23321.820726513462
2024-03,,,1.0,3.0,2024.0,16.0,1613786.095907909,921.2704899772776,804.623912285477,12834.231628310716,65368.33927245329,5037.511781294861,1166.4638939618542,3766.9120677141736,738834183.0576501,56704872.96901538,393334944.68983895,84856643.67150159,336.14162808089316,151.57417831399144,50.11654573332696,56.171653993194205,55.07077108542182,17790405.86599194,8130284.998097076,209.63577893304927,111.24224000218149,2087.4269461956924,71980.50767324523,65.45269079309908,185.44352325826716,198.80960112275002,91.05207264808737,16.467465649092766,850.8240123319746,101.42395302356368,108.44657983436493,14.050842964800726,4.112525658578467,110.9334033495246,111.300209865348,34661.837471263425,33144.69862869917,109.02363683868413,62733.71825762233,70.18691911127428,70.18691911127428,2027.4024679454221,48.61835471979719,2127.1880177067083,59.238991111443966,391158.47892168607,4184.470988448287,128.05284883738642,18.666802875381066,101.720805355565,60412.528141275136,7617.65641194106,61.808188153980566,1.1235156139724334,9935541.197561713,58241.15396773189,36642.464431555294,2562.075595681339,26336.76260443955,58364.44845524692,39.20291444004371,23321.269371886752
2024-04,,,2.0,4.0,2024.0,15.5,1538537.5433609434,1029.1500204164356,836.5268265621021,10205.412820089428,71722.7488659547,4201.559373049796,1104.2701710094082,3458.736331023985,759370938.6957526,43099961.36776482,499340162.0705264,253281959.8210774,244.37916722839714,119.21418724580587,50.579984794508285,55.926011175819035,54.784880274326184,13318003.685377268,6708904.361679496,183.86460756422093,117.1852783151033,3519.366896143118,69396.66187232963,65.4449501563784,130.682640082282,193.82678258172692,90.13372010671976,17.95902151252713,850.8058327206412,101.2661994855154,106.51144052636677,16.683387505900512,4.311350622238092,100.45386214119853,114.39841233969672,38822.84508869955,38234.009955044334,106.42835626298971,61886.210104570324,71.27201342121445,71.27201342121445,2027.400434263887,52.08883578447311,2141.8137371890853,62.742774909093896,391158.3392690248,4186.648252879072,127.97056602715087,18.665267583606123,101.72015051268383,60392.682856212996,7616.321558862941,61.30428555921645,1.1124289352805214,9912610.170122972,58218.06291050826,36608.77895701118,2556.3284580394566,26336.65260816209,58318.40670218514,39.20289835913485,23320.71866173941
2024-05,,,2.0,5.0,2024.0,16.0,1441358.844806885,1028.9809920666662,836.2401980755542,7709.858670244941,71186.36527470704,3747.9630942375848,970.2286409703394,2868.9552409726093,565741435.1836268,35014613.06081385,418670167.04040205,132887600.4036904,244.32026171372053,119.21334601125228,51.20139928094268,57.026010119050426,54.86263829301965,13318000.060257835,6704049.07546835,159.88217901766484,114.7871467708812,3397.737072125501,45464.96392166502,66.41438604834089,137.58152045446974,173.53849687565915,94.1498860794989,17.95856909730585,850.7876777345892,101.04461976457834,107.89623824759407,8.329019416600831,2.949813280240277,104.69802850357529,112.82255799719415,37887.03610586243,38187.23946643549,106.42499878228284,61814.06335107148,71.11609251292684,71.11609251292684,2027.39840141567,52.0865811602754,2141.8088377748695,62.293451549107466,391152.22644308035,4186.8931493759355,127.88905448196891,18.663736008696123,101.71949511691894,60372.7620616454,7614.982759349595,60.81968343186365,1.1011115175067223,9890097.545206528,58194.871237407715,36574.38197842715,2550.39033114845,26336.542687238307,58272.830395003526,39.2028822740271,23320.1685949421
2024-06,,,2.0,6.0,2024.0,15.5,1502985.9067191882,1028.812711622083,835.9554301410421,10910.204084711071,68599.677395048,4991.4564814526175,1050.5725144556916,3987.981919605744,639222251.0737151,47257918.21691929,465193484.85725236,282855029.2186069,244.2609950961474,119.21250535935054,51.220678254245215,57.239951192005186,56.12757731355797,13317996.435911402,6699231.002792445,196.01057410165316,121.44312734509012,3019.6913369524023,44524.487193574685,66.40770865213224,169.95448349770177,175.1322548383537,100.63141636163992,17.95811722832628,850.7695473238182,101.16997735271192,93.32109404951716,12.69314771387508,3.5042620330538337,106.33914295628306,113.78665878275913,36385.179076785236,38140.9488574548,106.42164768526251,61741.28029568706,70.95858636222994,70.95858636222994,2027.3963694002593,52.084330459777384,2141.8039401180067,61.856632268611186,391147.1741565055,4187.12671953977,127.78765882336961,18.662208137169863,101.71883916756975,60352.73485521371,7613.6399958739175,60.353293739625464,1.0895560815939276,9867991.97499861,58171.55541713239,36539.29240776232,2544.249683409694,26336.43284159078,58227.712511260586,39.20286618471882,23319.619170368125
2024-07,,,3.0,7.0,2024.0,16.0,1607393.250817454,1028.6451741297242,1029.1196458827303,12788.95941674741,61106.31862342321,4431.635191615306,914.1148073731084,3858.6157864366883,899133654.4033904,94029092.3858195,514041048.8288071,428302466.1791602,390.32819862529504,161.20826425817208,51.583569324029284,57.16655559212297,56.13213346695942,21371882.183436714,8706390.79575897,166.46803965574077,116.59314117284796,2549.82305054163,123112.94446731676,66.40101459515732,172.48467474953904,194.17858283457844,91.0516695131098,17.9576659045997,850.7514414384633,100.706818179199,94.4775376690306,11.534142917671542,3.7602154713482814,108.31554194499128,112.46174739821757,35936.13547575078,41808.7659745844,109.31893458518995,62230.995419210616,70.62952475225906,70.62952475225906,2027.3943382171426,54.049107978649474,2129.7727067205396,60.76841311609978,391141.9494142339,4187.3497796984275,127.67471601591582,18.660683955611272,101.7181826639345,60332.57032538839,7612.29325080486,59.90410872317528,1.0777550390575603,9846282.51837236,58148.0919076857,36503.511460704416,2537.895998013607,26336.323071142222,58183.04616907655,39.202850091208354,23319.070386893407
2024-08,,,3.0,8.0,2024.0,16.0,1613641.4065799697,1028.4783746802648,1028.4942959201933,12536.478240090386,65507.36879273879,5122.2554272953475,1132.964883762175,4317.713325039933,897838991.532973,50109956.19540416,497606855.1489623,296642567.34367853,390.18948027170387,161.2068963032095,51.712711682381325,57.10630647357216,56.38658888779282,21371867.593337256,8701669.504229952,202.84924387144886,125.04486712738137,3765.2245491774324,123024.83606541491,66.39430381498282,169.28505034879228,173.2820115553833,105.40369698931022,17.957215125139825,850.7333600287932,100.61262828278248,107.79113552296178,11.05610605082402,3.5650740449783305,108.55250875409702,112.01059487247198,35874.25366421007,41758.992099937415,109.31430941729624,62142.284441414035,70.44825886751512,70.44825886751512,2027.3923078658097,54.0472651139415,2129.7710983399334,60.47530823128921,391136.7650489741,4187.563065796435,127.56287848063609,18.659163450668984,101.71752560531044,60312.327705819625,7610.942506406656,59.47119362724297,1.0657004753670418,9824958.6228309,58124.52477208384,36466.97280895243,2531.319481725342,26336.213375815438,58138.82462363404,39.20283399349404,23318.522243396503
2024-09,,,3.0,9.0,2024.0,15.5,1449110.4514036854,1028.3123084075391,1027.8733021088678,13701.514300258408,66365.90203651658,4745.612702016213,1132.3720562880665,4152.167366901157,1074228986.1713398,103931729.29279432,497187275.93060654,280049686.50137234,390.0499343746806,161.20552929867574,51.38838132801374,57.31119359114669,56.29200452970295,21371853.006359857,8696982.432155736,188.9934991321561,118.80860020542057,3543.4447626227543,122937.74633881572,66.38757624886317,174.37471968284734,186.48709742134102,110.61886459657869,17.95676488896271,850.7153030452125,100.78393089086002,113.55945304732384,10.865969899589588,3.620811999888869,100.50256548542215,112.88234433406427,35651.06309588876,41709.72117988133,109.30969311927423,62052.82093891178,70.26523068630347,70.26523068630347,2027.3902783457488,54.04542541503179,2129.7694905310027,60.18895160661746,391131.58343156974,4187.767243411511,127.4521300720373,18.657646609055973,101.7168679909935,60291.976066266434,7609.587744838051,59.05368020751219,1.0533841322445838,9804010.10740397,58100.830446500084,36429.675620429996,2524.51570076487,26336.10375553334,58095.041263782725,39.202817891574256,23317.97473875857
2024-10,,,4.0,10.0,2024.0,16.0,1608146.3210232668,1437.1779902834369,1350.318368515111,14904.832716041406,49021.58556559238,5484.503247664542,1284.5931176687466,4665.32137670497,1140297564.7032268,128694605.46693708,688197700.9493303,194964648.7672893,332.3615071769457,155.40560869291218,51.717718201773,57.82639305046998,55.67403745506598,18153940.07342554,8649632.555240251,194.4494855530011,120.96223006590458,2966.528153083313,30065.277145967735,66.0389142295957,181.6195391480725,200.71382036126656,95.87833197727328,18.417530131968526,865.2014992208383,101.42465542831178,108.95908565851644,13.460647970146045,3.4779681450303905,103.08507537784538,114.93506926478508,32524.57140267625,48110.27306334921,108.40428942566713,60291.566507951975,69.25225424136822,69.25225424136822,2037.839175422376,57.27870565352892,2139.0774168629546,64.80213094908895,393966.7627030399,4187.781442281784,127.41757491986678,18.68892813866738,101.68968693956876,59804.34073564975,7433.831271297118,58.70256127818944,0.9802255188438912,10042683.65671164,57531.98433613016,36274.97358050487,2509.4881884104725,26444.762035344702,58739.309803299206,39.334031735757286,23347.934791147403
2024-11,,,4.0,11.0,2024.0,15.5,1611127.80724849,1436.7228882146921,1349.4064646655322,14012.796056816045,50401.45303188668,4894.084316654665,1214.1137089337676,4359.5878369430375,1753843482.1412716,306292443.5614121,752706416.3191353,277597877.27659744,332.1592668912808,155.4043988961543,51.98305587763292,58.09502282764206,56.06366654612008,18153926.424413145,8642829.540184248,217.09898849610286,122.97733141639178,2808.5617422026153,24710.477356021158,67.40369612128589,193.50254124464416,195.9233274379531,83.24897823268346,18.74391619794354,865.1855677704724,101.39209466266315,109.676165342483,15.882715474407338,3.773028225064204,101.66618643657549,114.5499588004456,32181.150619859127,48046.811367092414,108.39920586361332,60203.481439941126,69.07852847073504,69.07852847073504,2037.8335216188761,57.276249743314416,2139.072945712316,64.49822877119568,393960.04340467433,4188.055066955019,127.32471436619039,18.687731642888306,101.68919052484262,59786.921192510665,7432.598151288779,58.180712265631364,0.9675222067631576,10016726.43643283,57511.7107910105,36240.851401862936,2502.3894478543552,26444.63341395808,58676.340354904685,39.33400358683228,23347.527571222035
2024-12,,,4.0,12.0,2024.0,16.0,1778664.4446867646,1436.2699181295636,1348.501005379513,16339.131036445295,55778.62531696159,5178.968643190388,1370.8106608755286,5240.12912358334,5667814424.90905,362352476.38406754,2404954463.367954,3192566542.6654205,331.95591113316965,155.4031899375736,52.16621036327582,58.46398809297797,57.6163450004992,18153912.778322566,8636078.871814828,188.62802744320462,123.60572877381705,2567.934326272295,45579.019674982854,67.90568835053168,214.34905887781548,167.92909202384192,89.90466241513445,17.767139284578892,865.1696577233664,101.54306258989125,106.68752437647774,13.070943236666407,3.5803572973321764,120.23025596485577,111.84362766456327,31642.44780007355,47984.0038271536,108.39413213150485,60114.64401911015,68.90303735030076,68.90303735030076,2037.827870149068,57.273798094332534,2139.0684761621333,64.2014660789865,394009.98892188375,4188.315280169488,127.23272496298931,18.686537989736085,101.68869368754214,59769.64864817761,7431.361317415944,57.67929786147647,0.9545504449041258,9991245.575042387,57491.50699321335,36163.56894512367,2495.898835251769,26444.504880681518,58614.039507911475,39.333975430568564,23347.120821881002
2025-01,,,1.0,1.0,2025.0,16.0,1669749.1162153338,944.7112217840013,833.9022327236859,8512.747330279784,72457.82330837152,3237.7747329010467,846.8474096881889,2650.9431800614084,9934843.388148785,1923563.8915219288,2829654.287383058,4022443.868899683,323.29932760756725,152.19358088350245,51.73359348669585,58.48134983471262,58.12888871603426,17813145.061707914,8448596.67437193,182.0996777293305,120.09223407420605,3119.089541796225,57507.568499175926,65.37442176857937,176.809831892004,188.2509814492948,91.05106556301493,18.085435087789573,857.5755570389606,101.18945983980561,117.74870720106549,12.477111223803435,2.4690657880179163,75.02679161879371,112.37562141613907,35755.0849427175,34847.70738690161,110.2411985386866,58818.866756124815,64.47640199578623,64.47640199578623,2032.3706786804266,49.10709809839384,2131.718104504119,64.67777134008978,392159.4168376797,4181.349776951145,133.08853934697552,18.923861596534238,102.92199407575391,61898.534628185946,7470.033406449067,71.83826424664943,0.8812805199248466,10828624.666957896,58862.82438395986,52529.937712339546,2627.2376708396346,26444.063064022168,61510.06944036832,39.14136800752729,23479.60151454347
2025-02,,,1.0,2.0,2025.0,14.5,1623324.0589974257,944.3871423470442,833.4143972044368,10963.047243983308,69307.8573621966,4815.6748608295065,1054.005424326908,3433.5446316421053,86409868.0347131,6014295.888417525,44906059.20609596,19290565.260331243,323.1138688891286,152.1927305241027,51.799662035089504,58.476214450020684,58.10344959941172,17813130.4688868,8442849.156816807,175.35171000808361,118.8124383291182,3570.178689901461,75233.3891126458,65.36648812302253,199.7722870930233,204.47790484702992,91.21049065439637,18.08490535123667,857.5527707734077,101.31016605072143,114.38367552046252,14.701264180414189,3.7340201345263058,102.04339285274551,111.92506426626385,38424.84072727026,34785.24741749024,110.23536666915652,58705.96393236285,64.31836732622584,64.31836732622584,2032.3676256558624,49.10455966649054,2131.7140625965826,64.47965724018522,392289.7637077834,4182.042144282335,132.97672795181282,18.922010277081192,102.92123137995365,61875.92216981032,7468.48522534253,71.11009023532009,0.8679731735305438,10796886.534795497,58836.391503274004,52748.00080468422,2619.9165241802075,26443.916201065585,61447.41038364714,39.14134389875328,23478.95751426572
2025-03,,,1.0,3.0,2025.0,16.0,1623290.1950460484,944.0645879727333,832.9298903568463,14146.27023302917,73678.00890867993,5626.015708393148,1207.8298674523178,3924.230745666536,803495268.7245626,56606633.16126922,420214039.10780674,96378526.25675188,322.9273601666692,152.19188074942244,51.75498544534719,58.392912151686964,57.2113209996345,17813115.879190322,8437144.222621344,224.40684502901203,114.08916645488516,2459.5711827446153,76503.16920789426,64.39922713574336,194.86018154865727,211.14398429269897,91.18697649654298,16.581991036911322,857.5300154149684,101.59193736475157,113.42414300388486,15.034457286400965,3.7687884878677016,111.50563724111204,113.18357817623932,37754.60496551611,34723.481733482375,110.22954604835512,58592.17130055938,64.15864888909286,64.15864888909286,2032.3645738828127,49.102025663756635,2131.7100221333844,64.2853214819253,392247.8961146625,4182.814328058595,132.86597451990767,18.920163450457274,102.92046804080631,61852.88729608587,7466.9324805979,70.41091753864076,0.8543945174655417,10765738.263415616,58809.59131080253,52711.96201444791,2612.4761478104315,26443.769438787396,61385.391229577326,39.141319783685866,23478.31426720121
2025-04,,,2.0,4.0,2025.0,15.5,1547594.0351479254,1054.5608834910277,865.8691020828028,11239.895384107313,80744.62329893206,4687.671247659755,1143.3151995109765,3602.6835972287818,825348173.0167115,43025280.955317795,533270050.9668659,287287946.7979237,234.74065374864844,119.69984974480663,52.22908275631386,58.130291747551574,56.90744270743984,13335002.728065902,6961322.874015396,196.7441957437318,120.17791747265495,4137.610861524157,73734.26424679553,64.39019639290258,137.29062679008968,205.79017387259026,90.26724682674632,18.08384779924655,857.5072909008015,101.43389939976795,113.21107001361544,17.84451667453401,3.948467496317457,100.97181618826471,116.33148106297949,42261.319270149485,40048.011946053215,107.6044750173196,57778.0126307129,65.10641610545734,65.10641610545734,2032.3615233605105,52.60660294136773,2146.3660267206,68.04990406060955,392246.6674724441,4185.010959270779,132.7562641062596,18.918321100327343,102.91970405744323,61829.685256635144,7465.375152006763,69.7390474122886,0.8405361691006517,10735163.560163964,58782.61483888295,52672.67586235024,2604.811742602101,26443.622777084107,61324.00222549494,39.14129566232258,23477.671772029316
2025-05,,,2.0,5.0,2025.0,16.0,1449839.1412103288,1054.3355123580013,865.4869307674053,8484.830404293929,80047.87950611905,4177.453867796981,1004.4334144653959,2987.9440512157616,614542018.298169,34953933.57775181,446958393.4372028,150531861.90042844,234.6522954766335,119.69884026334226,52.86623437052391,59.26628806471668,56.98137273695756,13334997.29038676,6955496.530562021,171.01681691359406,117.7123180605413,3986.002762834001,48292.00270599803,65.34256871056239,144.50915863260332,184.19484208768228,94.28934524828064,18.08331998148839,857.4845971682364,101.21192964686752,111.90386581443728,8.90535922213444,2.699775936288331,105.23763420429032,114.72631766339322,41218.04212350618,39991.88735972258,107.59999837637713,57687.829188839365,64.91931101551224,64.91931101551224,2032.3584740881847,52.6038973923305,2146.360310737348,67.52569347395873,392238.70084901317,4185.275500632485,132.6475820460165,18.916483210435352,102.91893942904954,61806.405096669514,7463.813219241194,69.09291124248486,0.8263893968834028,10705146.726942038,58755.52846220475,52632.55467846,2596.8941923327893,26443.476215852403,61263.23381591946,39.14127153466096,23477.03002743245
2025-06,,,2.0,6.0,2025.0,15.5,1511824.4550787825,1054.1111384318906,865.1072401880562,11997.755105888838,77051.516092572,5558.032561694722,1087.5012668649738,4152.812239540035,693967727.3676674,47176009.55140583,496449158.21966994,320000340.64860237,234.56339555027387,119.69783148106023,52.88163963612594,59.481296214759475,58.288208870639274,13334991.853867104,6949714.843350934,209.5825278191465,124.53135768430185,3535.068449269869,47278.77463228963,65.33455583511201,178.47643770546054,185.83171559086395,100.7804578757932,18.08279280101223,857.4619341547728,101.33747169088987,101.5994880346337,13.566434642343852,3.2051144396646007,106.88697154753966,115.70399053931095,39560.87558958279,39936.33862894576,107.5955302470167,57596.850369608816,64.73030363467592,64.73030363467592,2032.3554260650683,52.601196551732855,2146.3545968043427,67.0160709800464,392231.9328585557,4185.528250524857,132.51827989132283,18.914649764603844,102.9181741548075,61783.00078952909,7462.2466618529015,68.47105831950061,0.8119451019924093,10675672.63333148,58728.29724715593,52591.62545688304,2588.7071406785008,26443.329754989027,61203.076637595565,39.14124740069853,23476.389032096144
2025-07,,,3.0,7.0,2025.0,16.0,1616841.153226181,1053.8877551087455,1064.9035750592766,14053.28598620531,68558.42483123096,4929.95278742296,946.1530764974781,4017.551750842802,975593261.2883604,93866095.14977436,548386417.6585089,483939473.49099225,374.7800282988779,161.86433676793362,53.25179034870553,59.39774610165708,58.28603088826994,21399152.46012406,9030911.069698714,177.9283142535556,119.55176940741757,2978.9040673888408,130689.66056047926,65.32652296674212,181.0975101035904,205.98156187655638,91.1865061724025,18.08226625666455,857.4393017980788,100.87352272399876,100.4994592060388,12.323166737283465,3.4369180499063283,108.87331291748691,114.35409687786108,39049.991388375915,43769.11916950128,110.52366823148745,58030.19450305273,64.38444554430225,64.38444554430225,2032.3523792903945,54.58502862312687,2134.296999779302,65.80209573931974,392224.9721072138,4185.770041479381,132.3771013820049,18.912820746733527,102.91740823389799,61759.42629785398,7460.675459272336,67.87214496423371,0.7971937988219503,10646726.691163147,58700.886247642295,52549.89242226906,2580.2370484412095,26443.18339439095,61143.521514683496,39.14122326043281,23475.748784708976
2025-08,,,3.0,8.0,2025.0,16.0,1623121.3908301191,1053.6653558427997,1064.153155104232,13765.717360135575,73415.82505698505,5692.88314094302,1172.55786051461,4494.951100053243,973651266.9827346,50023079.20648499,530670090.5845195,334764125.18709815,374.59507049408967,161.8627408204773,53.38061417211436,59.32791974934472,58.543353651324,21399134.95200471,9025009.455287442,216.73447569956627,128.21126771700293,4390.069459012918,130557.49795762649,65.31847003053274,177.70308712953877,183.7617270104944,105.55976802875773,18.08174034729469,857.4167000359912,100.77915393933891,110.03951483137844,11.808141401098695,3.256342556222913,109.11126021311321,113.8927138469664,38960.462608245085,43709.39051992489,110.5178867716203,57923.741329696844,64.17296867876765,64.17296867876765,2032.3493337633945,54.582725042241925,2134.294587208392,65.45036987754705,392218.0587548255,4186.00162491475,132.2373044629046,18.910996140802784,102.91664166550197,61735.77067538717,7459.099590807766,67.29492483632393,0.7821255942088022,10618294.8304412,58673.361831379356,52507.27260578085,2571.4733213301292,26443.037133955244,61084.5594540935,39.14119911386137,23475.109283962596
2025-09,,,3.0,9.0,2025.0,15.5,1457619.6666055275,1053.4439341458321,1063.4079625306417,15034.100016968145,74298.20271535544,5269.41905302432,1171.8294083840885,4322.0285947180155,1164301586.9641745,103751514.00040013,530040721.7569858,315657561.1449343,374.4090092980588,161.8611459818546,53.04138023222343,59.533572824465686,58.43831020016796,21399117.447631825,9019150.615194667,201.85691536490086,121.81075025677569,4123.463715147305,130426.86336772775,65.31039695118912,183.01006627022582,197.70887177667632,110.78263751589444,18.081215071754734,857.3941288065158,100.95071706903202,117.44076536541228,11.600906346454833,3.304974399866641,101.01965973299255,114.77645911208572,38696.24027853688,43650.26541585759,110.51211639909279,57816.38512669414,63.95943580068737,63.95943580068737,2032.3462894833035,54.5804254186048,2134.2921754949953,65.10674192794094,392211.1503290143,4186.223681192005,132.0988689521557,18.90917593086717,102.91587444879755,61711.987862938346,7457.5190356443945,66.73824027668293,0.7667301653057298,10590363.476538626,58645.68902680405,52463.767808533266,2562.4218472630246,26442.890973579117,61026.18164095843,39.141174960981694,23474.47052855166
2025-10,,,4.0,10.0,2025.0,16.0,1617584.780517369,1472.2307733316284,1396.8661931932065,16342.796621016278,54823.04437213542,6084.348671590287,1329.2249928803935,4855.526821209571,1235246479.0767589,128471419.65156542,733423810.9318031,219494187.7806355,318.98919099707285,156.03742319177738,53.376863366835785,60.06152765447622,57.79005791640382,18177096.905903496,8969060.658987485,207.60960835559456,124.01237695222879,3445.5782918773602,31887.54185246152,64.96594138409449,190.57669755850614,212.73141837197758,96.020263801788,18.545099992016574,871.9896126928568,101.5924787901351,110.46164977325908,14.365976651850426,3.1723691756085954,103.61522955110573,116.86093491077959,35283.0606814431,50339.95821979948,109.59566102114313,56151.82188652398,62.9905380103978,62.9905380103978,2042.8197145866848,57.84524480628978,2143.619064027021,70.06103811345567,395073.0701808415,4186.255420307155,132.04043881933876,18.940596441500933,102.88872257602051,61239.81432664224,7285.02704308735,66.25948330267074,0.7072905573326224,10842832.24365788,58094.912475232566,52362.183716258216,2550.356103171937,26551.953619374,61690.547715832734,39.27217437768022,23504.54406554125
2025-11,,,4.0,11.0,2025.0,15.5,1620579.1429338185,1471.693493540286,1395.7896121112244,15353.917310708935,56307.96175910231,5424.52052438835,1256.1750675313115,4536.726675768639,1898874041.3135624,305761185.78819793,801902412.1245699,312161555.4219744,318.7501288125652,156.0359944927629,53.64626685788039,60.33333096027658,58.18776814567514,18177080.77820831,8961027.166279262,231.70960172974827,126.07178808018729,3256.0803574582005,26200.659480668583,66.30706406470344,203.0066879015316,207.5958576992772,83.37219921192914,18.87367188936276,871.9691211040215,101.55984101720571,111.84090858556574,16.944992373359963,3.439057764595772,102.1888194476945,116.466695068168,34891.358580431064,50264.988531071016,109.58943153426682,56045.99645751997,62.785099907389174,62.785099907389174,2042.8130327924173,57.84229804327647,2143.6137799658136,69.69731302945877,395064.6392001421,4186.546096363445,131.92115047058206,18.939101750766174,102.88811558370267,61218.86277077436,7283.570013241661,65.59096048620383,0.6917249291507326,10809542.931134332,58070.54280530453,52321.12801598912,2541.562884155502,26551.788281373065,61612.12262417068,39.272138165472754,23504.04662482961
2025-12,,,4.0,12.0,2025.0,16.0,1789093.4998001882,1471.1587302212656,1394.7206371928726,17890.525335343387,62252.062748679695,5735.2571499710275,1418.1638700470166,5452.327624872522,6133295271.982524,361723892.8127281,2561287944.8325524,3585990519.346303,318.50974775494615,156.03456678355826,53.8308430555798,60.70930283444753,59.79240299675071,18177064.653965514,8953055.468771495,201.25176707860462,126.70948940699057,2971.749148129518,48313.9491069647,66.79938915294764,224.8341952596571,177.8843832800705,90.03771839375065,17.890062277560624,871.9486570412781,101.71103555232183,106.09244120810848,13.94031607866325,3.2610861181620674,120.84805619917437,113.71247364781095,34288.71590646858,50190.79129223966,109.58321408029975,55939.26556665059,62.57757330656553,62.57757330656553,2042.8063537561127,57.839356391406604,2143.608497796017,69.34209743176706,395120.6619457514,4186.822985672624,131.80298021668935,18.937610608610548,102.88750807434397,61198.16031743983,7282.108594614163,64.9485284640424,0.6758299409398775,10776863.52173954,58046.31127452887,52224.35614986973,2534.900892075026,26551.623056626973,61534.527795635244,39.27210194382415,23503.54975860389
