year_month,avg_salary,count_in_day,quarter,month,year,split,из_нежилых_Промышленные_здания_quarter,Полный_плановый_объем_потребления_электроэнергии_month,Предложения_новостроек_month,Всего_введено_зданий_quarter,"Жилые_здания,_жилые_помещения_и_т.п._quarter",Ипотека_всего_в_деньгах_month,Ипотека_по_ДДУ_в_деньгах_month,Ипотека_по_ДДУ_в_количестве_выданных_кредитов_month,Ипотека_всего_в_количестве_выданных_кредитов_month,Коммунальное_хозяйство_-_всего_накопительный_итог_на_начало_месяца_-_собирается_month,"из_них_Закупка_товаров,_работ_и_услуг_для_обеспечения_государственных_муниципальных_нужд_month",из_них_Капитальные_вложения_в_объекты_государственной_муниципальной_собственности_month,из_них_Иные_бюджетные_ассигнования_собирается_month,Оценка_объема_потребеления_безина_quarter,Оценка_объема_потребеления_ДТ_quarter,Цена_на_95_бензин_розничные_цены_month,Цена_на_92_бензин_розничные_цены_month,Цена_на_ДТ_розничные_цены_month,Розничная_продажа_бензинов_автомобильных_в_деньгах;_накопительный_итог_quarter,Розничная_продажа_Дизельное_топливо_в_деньгах;_накопительный_итог_quarter,автоуслуги_по_тратам_потребителей_-_Тинькофф_индекс_month,топливо_потратам_потребителей-Тинькофф_индекс_month,Аренда_складской_недвижимости_month,Аренда_торговой_недвижимости_month,Аренда_офисной_недвижимости_month,Продажа_торговой_недвижимости_month,Продажа_офисной_недвижимости_month,из_нежилых_коммерческие_здания_quarter,Индекс_потребительской_активности_-_Сбериндекс_month,дом_и_ремонт_по_тратам_потребителей_-_Тинькофф_индекс_month,медуслуги_по_тратам_потребителей-Тинькофф_индекс_month,рестораны_по_тратам_потребителей-Тинькофф_индекс_month,Доля_онлайн_платежей_в_безналичных_тратах_населения_month,Челябинская область_Индекс потребительских цен на товары и услуги,Челябинская область_Индекс промышленного производства (по месяцам),Челябинская область_Коэффициент ликвидации организаций (по месяцам),Челябинская область_Коэффициент рождаемости организаций на  организаций по субъектам Российской Федерации,Челябинская область_Оборот розничной торговли (в % к пред месяцу),Челябинская область_Объем платных услуг населению,Челябинская область_Численность зарегистрированных безработных (по месяцам),Челябинская область_Cреднедушевые денежные доходы,Челябинская область_Индекс производства продукции сельского хозяйства (поквартально),Челябинская область_Количество организаций,Челябинская область_Уровень безработицы (по методологии МОТ),Челябинская область_Численность безработных (МОТ),Челябинская область_Численность занятых (по обследованиям),Челябинская область_Численность принятых работников (по кварталам),Челябинская область_Численность рабочей силы,Челябинская область_Численность требуемых работников на вакантные рабочие места,Челябинская область__ВРП на душу населения,Челябинская область__Численность населения на  январ,Челябинская область_Динамика инвестиций в ОК (%),Челябинская область_Доля инвестиций в ОК к ВРП,Челябинская область_Индекс физического объема ВРП,Челябинская область_Количество активных предприятий,Челябинская область_Количество умерших предприятий,Челябинская область_Коэффициент миграционного прироста,Челябинская область_Коэффициент напряженности на рынке труда,Челябинская область_Наличие основных фондов,Челябинская область_Показатели предпринимательской активности _акти,Челябинская область_Показатели предпринимательской активности _рос,Челябинская область_Показатели предпринимательской активности _уга,Челябинская область_Потребительские расходы в среднем на душу населения,Челябинская область_Потребность в работниках,Челябинская область_Степень износа ОФ,"Челябинская область_Численность обучающихся (квалиф рабочие, служащие)"
2018-01,37145.16129032258,16.032258064516128,1.0,1.0,2018.0,16.0,25.5,2941454.63370676,4849.364864864865,519.2,442.2,2786.0,580.0,332.0,2158.0,4864651.48,3325773.33,525694.19,1013183.96,213.68407951476317,55.872267444881246,36.533333333333296,39.81041666666664,39.97540816326529,8150928.2,2239030.4,127.86912460052616,113.52621231115114,262.6702483098592,661.1672706338029,690.2475128873241,54877.81695774649,43125.822669014095,33.2,66.98909575546352,145.2945233092619,133.80310631874156,100.13337347199415,15.552371041363985,100.36,112.4,12.6,3.9,79.3,101.4,26069.0,22520.0,96.4,96729.0,108.1,108.1,1768.1,45.8,1876.2,17.3,436611.1,3493.0,123.3,16.8,101.0,77280.0,11800.0,-25.69,3.9,3237476.0,77280.0,8041.0,2394.0,18237.0,20136.0,48.4,13759.0
2018-02,39769.230769230766,16.115384615384613,1.0,2.0,2018.0,14.538461538461537,25.5,2941454.63370676,4849.364864864865,519.2,442.19999999999993,4057.0,762.0,471.0,3037.0,40553039.6,12047547.900000002,16703581.14,11801910.56,213.68407951476317,55.872267444881246,36.47398373983739,39.7989010989011,40.12495370370375,8150928.200000001,2239030.4,127.86912460052616,113.52621231115114,262.6702483098592,661.1672706338029,690.2475128873241,54877.81695774649,43125.822669014095,33.2,66.98909575546352,145.2945233092619,133.80310631874156,100.13337347199415,15.552371041363985,100.25,103.6,7.4,5.9,95.9,101.4,26892.0,22520.0,96.4,96729.0,108.1,108.1,1768.1,45.8,1876.2000000000005,17.3,436611.1,3493.0,123.29999999999998,16.8,101.0,77280.0,11800.0,-25.69,3.9,3237476.0,77280.0,8041.0,2394.0,18237.0,20136.0,48.39999999999999,13759.0
2018-03,38294.354838709674,15.870967741935484,1.0,3.0,2018.0,16.0,25.5,2941454.63370676,4849.364864864865,519.2,442.2,4986.0,969.0,528.0,3497.0,65710155.32000001,11444906.62,44993166.99,9272081.71,213.68407951476317,55.872267444881246,36.47098039215682,39.78095238095241,40.121914893617074,8150928.2,2239030.4,127.86912460052616,113.52621231115114,262.6702483098592,661.1672706338029,690.2475128873241,54877.81695774649,43125.822669014095,33.2,66.98909575546352,145.2945233092619,133.80310631874156,100.13337347199415,15.552371041363985,100.22,100.9,10.4,4.6,104.6,102.7,26796.0,22520.0,96.4,96729.0,108.1,108.1,1768.1,45.8,1876.2,17.3,436611.1,3493.0,123.3,16.8,101.0,77280.0,11800.0,-25.69,3.9,3237476.0,77280.0,8041.0,2394.0,18237.0,20136.0,48.4,13759.0
2018-04,36025.0,13.3,2.0,4.0,2018.0,15.5,49.5,2941454.63370676,4849.364864864865,483.3,367.8,4906.0,833.0,498.0,3639.0,105135855.71,20914529.9,70877119.22,13344206.59,240.317691823201,56.73233817000439,36.825000000000045,40.00406896551723,40.538456375838926,9615700.1,2393321.9,127.86912460052616,113.52621231115114,262.6702483098592,661.1672706338029,690.2475128873241,54877.81695774649,43125.822669014095,28.3,66.98909575546352,145.2945233092619,133.80310631874156,100.13337347199415,15.552371041363985,100.21,102.1,14.3,5.8,101.8,106.2,25464.0,24127.0,99.9,95379.0,106.2,106.2,1771.0,51.3,1877.2,19.8,436611.1,3493.0,123.3,16.8,101.0,77280.0,11800.0,-25.69,3.9,3237476.0,77280.0,8041.0,2394.0,18237.0,20136.0,48.4,13759.0
2018-05,34177.41935483871,15.774193548387096,2.0,5.0,2018.0,16.0,49.5,2941454.63370676,4849.364864864865,483.3,367.8,4737.0,950.0,548.0,3437.0,917395150.72,32321229.17,35230086.67999999,849543834.87,240.317691823201,56.73233817000439,38.50184265010348,41.586532438478606,42.28846064814825,9615700.1,2393321.9,127.86912460052616,113.52621231115114,262.6702483098592,661.1672706338029,690.2475128873241,54877.81695774649,43125.822669014095,28.3,66.98909575546352,145.2945233092619,133.80310631874156,100.13337347199415,15.552371041363985,100.2,101.8,6.2,4.3,103.2,107.2,23012.0,24127.0,99.9,95379.0,106.2,106.2,1771.0,51.3,1877.2,19.8,436611.1,3493.0,123.3,16.8,101.0,77280.0,11800.0,-25.69,3.9,3237476.0,77280.0,8041.0,2394.0,18237.0,20136.0,48.4,13759.0
2018-06,36087.5,15.733333333333333,2.0,6.0,2018.0,15.5,49.5,2941454.63370676,4849.364864864865,483.3,367.8,4955.0,884.0,490.0,3657.0,429460605.47,33640460.17,9610179.72999999,386209965.56999993,240.317691823201,56.73233817000439,39.98639053254442,43.17087719298244,43.731690140845004,9615700.1,2393321.9,127.86912460052616,113.52621231115114,262.6702483098592,661.1672706338029,690.2475128873241,54877.81695774649,43125.822669014095,28.3,66.98909575546352,145.2945233092619,133.80310631874156,100.13337347199415,15.552371041363985,100.55,99.6,7.6,4.3,101.6,104.6,21580.0,24127.0,99.9,95379.0,106.2,106.2,1771.0,51.3,1877.2,19.8,436611.1,3493.0,123.3,16.8,101.0,77280.0,11800.0,-25.69,3.9,3237476.0,77280.0,8041.0,2394.0,18237.0,20136.0,48.4,13759.0
2018-07,38023.6129032258,16.129032258064516,3.0,7.0,2018.0,16.0,65.9,2941454.63370676,4849.364864864865,708.0999999999997,426.40000000000015,4725.0,854.0,487.0,3426.0,138164641.27999997,73054043.16999999,18107227.27000001,47003370.83999992,389.9248368478608,70.9832431281098,39.668817204301035,42.917621145374454,43.5364406779661,16090326.900000002,3089029.3,127.86912460052616,113.52621231115114,262.6702483098592,661.1672706338029,690.2475128873241,54877.81695774649,43125.822669014095,42.90000000000001,66.98909575546352,145.2945233092619,133.80310631874156,100.13337347199415,15.552371041363985,100.33,98.0,4.8,4.8,104.3,108.0,20891.0,23421.0,93.7,94750.0,103.7,103.7,1771.0,52.020113851992406,1874.7,20.9,436611.1,3493.0,123.3,16.8,101.0,77280.0,11800.0,-25.69,3.9,3237476.0,77280.0,8041.0,2394.0,18237.0,20136.0,48.4,13759.0
2018-08,37533.596774193546,15.290322580645164,3.0,8.0,2018.0,16.0,65.9,2941454.63370676,4849.364864864865,708.0999999999997,426.40000000000015,5393.0,1180.0,650.0,3811.0,231231769.6600001,79365520.30000001,24908125.629999995,126958123.73000002,389.9248368478608,70.9832431281098,39.62999999999995,42.86944444444444,43.521428571428565,16090326.900000002,3089029.3,127.86912460052616,113.52621231115114,262.6702483098592,661.1672706338029,690.2475128873241,54877.81695774649,43125.822669014095,42.90000000000001,66.98909575546352,145.2945233092619,133.80310631874156,100.13337347199415,15.552371041363985,100.2,96.6,8.6,4.4,100.4,104.6,20712.0,23421.0,93.7,94750.0,103.7,103.7,1771.0,52.020113851992406,1874.7,20.9,436611.1,3493.0,123.3,16.8,101.0,77280.0,11800.0,-25.69,3.9,3237476.0,77280.0,8041.0,2394.0,18237.0,20136.0,48.4,13759.0
2018-09,38238.333333333336,16.533333333333335,3.0,9.0,2018.0,15.5,65.9,2941454.63370676,4849.364864864865,708.0999999999997,426.40000000000015,4981.0,1051.0,593.0,3477.0,232243923.2299997,104114828.67000002,24413013.77000001,103716080.78999996,389.9248368478608,70.9832431281098,39.64146258503398,42.86386266094421,43.49530769230771,16090326.900000002,3089029.3,127.86912460052616,113.52621231115114,262.6702483098592,661.1672706338029,690.2475128873241,54877.81695774649,43125.822669014095,42.90000000000001,66.98909575546352,145.2945233092619,133.80310631874156,100.13337347199415,15.552371041363985,99.94,98.5,5.9,3.6,96.0,105.1,19981.0,23421.0,93.7,94750.0,103.7,103.7,1771.0,52.020113851992406,1874.7,20.9,436611.1,3493.0,123.3,16.8,101.0,77280.0,11800.0,-25.69,3.9,3237476.0,77280.0,8041.0,2394.0,18237.0,20136.0,48.4,13759.0
2018-10,39081.89655172414,11.551724137931034,4.0,10.0,2018.0,16.17241379310345,30.0,2941454.63370676,4849.364864864865,1164.1,980.6,5787.0,1236.0,684.0,3996.0,208014121.0900001,107230517.59999996,51237372.30000001,49546231.19000006,201.70730085509547,61.427419001850566,39.656569343065655,42.852995391705065,43.56050420168066,8319137.0,2742314.700000001,127.86912460052616,113.52621231115114,165.15,698.85,713.85,63086.0,38310.6,87.9,66.98909575546352,145.2945233092619,133.80310631874156,100.13337347199415,15.552371041363985,100.2,100.6,11.8,4.9,101.4,103.9,19450.0,27259.0,100.7,89244.0,103.3,103.3,1768.3,51.9,1871.6,19.8,436611.1,3493.0,123.3,16.8,101.0,77280.0,11800.0,-25.69,3.9,3237476.0,77280.0,8041.0,2394.0,18237.0,20136.0,48.4,13759.0
2018-11,38583.333333333336,11.7,4.0,11.0,2018.0,15.5,30.0,2941454.63370676,4849.364864864865,1164.1,980.6,5575.0,1115.0,636.0,3823.0,762299772.2800003,157716927.47999996,82248674.70999998,516134054.72,201.70730085509547,61.427419001850566,39.64105571847502,42.83445692883897,44.84618902439025,8319137.0,2742314.700000001,127.86912460052616,113.52621231115114,154.55,671.35,541.0,59455.0,39115.25,87.9,66.98909575546352,145.2945233092619,133.80310631874156,100.13337347199415,15.552371041363985,100.31,99.7,32.3,4.6,99.8,107.5,20634.0,27259.0,100.7,89244.0,103.3,103.3,1768.3,51.9,1871.6,19.8,436611.1,3493.0,123.3,16.8,101.0,77280.0,11800.0,-25.69,3.9,3237476.0,77280.0,8041.0,2394.0,18237.0,20136.0,48.4,13759.0
2018-12,39754.31034482759,9.103448275862071,4.0,12.0,2018.0,16.0,30.0,2941454.63370676,4849.364864864865,1164.1,980.6,6730.0,1175.0,669.0,4612.0,1051261562.75,177884672.2600001,197867140.54999995,664930155.8900001,201.70730085509547,61.427419001850566,39.65461254612542,42.821962616822425,45.522816326530645,8319137.0,2742314.700000001,127.86912460052616,113.52621231115114,151.3,677.2,527.1,58451.95,38767.5,87.9,66.98909575546352,145.2945233092619,133.80310631874156,100.13337347199415,15.552371041363985,100.66,100.6,31.3,5.4,114.6,104.8,21541.0,27259.0,100.7,89244.0,103.3,103.3,1768.3,51.9,1871.6,19.8,436611.1,3493.0,123.3,16.8,101.0,77280.0,11800.0,-25.69,3.9,3237476.0,77280.0,8041.0,2394.0,18237.0,20136.0,48.4,13759.0
2019-01,38144.75,9.25925925925926,1.0,1.0,2019.0,17.88888888888889,23.5,2941454.63370676,2734.0,393.9,335.6,3443.0,686.0,385.0,2293.0,19799274.58,3608518.7,12000000.0,4190755.88,200.032055935508,52.83953072059648,40.31662420382163,43.39020477815704,46.31094155844156,8406155.0,2453919.0,127.86912460052616,113.52621231115114,155.25,702.75,759.45,56794.0,41894.5,14.2,66.98909575546352,145.2945233092619,133.80310631874156,100.13337347199415,15.552371041363985,100.92,93.0,5.5,3.6,82.3,104.8,22481.0,22930.0,103.2,89034.0,98.3,98.3,1776.1,44.8,1874.4,19.8,445276.7,3475.7,110.1,19.4,99.3,67985.0,12849.0,5.199999999999999,3.7,5578384.0,67985.0,16250.0,856.0,19500.0,20953.0,41.7,13619.0
2019-02,40367.74074074074,12.25925925925926,1.0,2.0,2019.0,14.962962962962965,23.5,2941454.63370676,2839.0,393.9,335.6,4510.0,909.0,487.0,3046.0,57993414.77000001,42317435.86,941884.9800000004,12734093.93,200.032055935508,52.83953072059648,40.951423611111096,43.827564575645724,46.60218637992829,8406155.0,2453919.0,83.4074074074074,97.37037037037035,157.65,711.95,684.2,57063.25,40938.4,14.2,66.98909575546352,86.70370370370371,96.4074074074074,90.5925925925926,15.818888889999998,100.42,100.4,8.6,6.3,98.3,106.0,25423.0,22930.0,103.2,89034.0,98.3,98.3,1776.1,44.8,1874.4,19.8,445276.7,3475.7,110.1,19.4,99.3,67985.0,12849.0,5.199999999999999,3.7,5578384.0,67985.0,16250.0,856.0,19500.0,20953.0,41.7,13619.0
2019-03,39010.48387096774,10.93548387096774,1.0,3.0,2019.0,16.0,23.5,2941454.63370676,4193.0,393.9,335.6,4720.0,1057.0,478.0,3083.0,517911980.56,14284437.519999996,460463.8499999996,503082209.19,200.032055935508,52.83953072059648,40.19230158730157,43.46611764705882,46.40977859778602,8406155.0,2453919.0,91.90322580645164,95.64516129032258,155.4,728.4,645.25,56276.4,40536.8,14.2,66.98909575546352,89.12903225806451,98.38709677419355,97.45161290322581,15.71548387,100.16,96.5,3.1,5.5,107.3,103.1,27159.0,22930.0,103.2,89034.0,98.3,98.3,1776.1,44.8,1874.4,19.8,445276.7,3475.7,110.1,19.4,99.3,67985.0,12849.0,5.199999999999999,3.7,5578384.0,67985.0,16250.0,856.0,19500.0,20953.0,41.7,13619.0
2019-04,39313.333333333336,12.4,2.0,4.0,2019.0,15.5,38.6,2941454.63370676,4304.0,463.4,337.2999999999999,4689.0,803.0,413.0,3209.0,269325454.7800001,15448260.600000007,2944688.6500000013,250193421.65,227.0721438395041,49.18095191736474,39.91420634920632,43.30371308016879,45.64629496402882,9487152.2,2222704.7,111.5,92.5,156.05,738.3,661.95,56640.35,39598.55,43.3,66.98909575546352,92.26666666666668,106.9333333333333,96.03333333333332,15.132,100.29,98.0,16.0,6.0,96.2,104.3,26932.0,25713.0,103.1,84032.0,95.5,95.5,1780.9,50.3,1876.4,22.0,445276.7,3475.7,110.1,19.4,99.3,67985.0,12849.0,5.199999999999999,3.7,5578384.0,67985.0,16250.0,856.0,19500.0,20953.0,41.7,13619.0
2019-05,41395.16129032258,10.612903225806454,2.0,5.0,2019.0,16.0,38.6,2941454.63370676,4959.0,463.4,337.2999999999999,3840.0,762.0,383.0,2580.0,230759305.23,15292195.289999995,12312119.239999998,202754990.70000005,227.0721438395041,49.18095191736474,39.92759856630823,43.32392156862743,44.85601503759402,9487152.2,2222704.7,102.0,96.09677419354836,156.8333,674.7,523.6,38099.77,40084.2,43.3,66.98909575546352,93.51612903225808,96.06451612903228,98.35483870967742,13.99677419,100.1,99.8,26.5,4.7,103.4,103.6,23931.0,25713.0,103.1,84032.0,95.5,95.5,1780.9,50.3,1876.4,22.0,445276.7,3475.7,110.1,19.4,99.3,67985.0,12849.0,5.199999999999999,3.7,5578384.0,67985.0,16250.0,856.0,19500.0,20953.0,41.7,13619.0
2019-06,39392.241379310355,11.586206896551724,2.0,6.0,2019.0,15.965517241379311,38.6,2941454.63370676,4892.0,463.4,337.2999999999999,4373.0,844.0,408.0,2825.0,193721247.6,24712988.1,16605849.21,152402410.29000008,227.0721438395041,49.18095191736474,40.402348284960354,43.81027397260273,45.08095628415297,9487152.2,2222704.7,98.6,102.1333333333333,161.8,690.7,524.55,56412.25,40314.6,43.3,66.98909575546352,101.6,99.03333333333332,103.5,14.308,100.35,101.6,30.9,4.7,99.8,104.3,22468.0,25713.0,103.1,84032.0,95.5,95.5,1780.9,50.3,1876.4,22.0,445276.7,3475.7,110.1,19.4,99.3,67985.0,12849.0,5.199999999999999,3.7,5578384.0,67985.0,16250.0,856.0,19500.0,20953.0,41.7,13619.0
2019-07,41449.596774193546,10.387096774193546,3.0,7.0,2019.0,16.0,58.8,2941454.63370676,6495.0,685.5,537.1999999999998,4350.0,695.0,356.0,2874.0,166335768.25,50045824.65000001,44450993.78,70274949.81999995,364.8616110775585,62.69616217521549,40.23665730337072,43.862428571428566,45.11446153846148,15309875.900000002,2835167.8999999994,131.9666666666667,99.93333333333334,159.6,689.6,519.55,56309.75,40628.65,57.40000000000001,66.98909575546352,102.6333333333333,104.8333333333333,101.5666666666667,14.077,100.35,103.9,17.4,5.9,103.6,100.1,21718.0,25012.0,87.9,81699.0,94.5,94.5,1779.0,52.020113851992406,1873.5,22.0,445276.7,3475.7,110.1,19.4,99.3,67985.0,12849.0,5.199999999999999,3.7,5578384.0,67985.0,16250.0,856.0,19500.0,20953.0,41.7,13619.0
2019-08,40473.333333333336,12.033333333333333,3.0,8.0,2019.0,16.2,58.8,2941454.63370676,5855.0,685.5,537.1999999999998,4861.0,967.0,467.0,3198.0,234733836.21000004,61543462.80000002,28334683.05000001,144489990.35999992,364.8616110775585,62.69616217521549,39.94835766423361,43.88111510791367,45.245219123506004,15309875.900000002,2835167.8999999994,104.741935483871,107.19354838709681,158.0,652.0,507.95,55943.3,40948.6,57.40000000000001,66.98909575546352,101.48387096774192,103.0,108.09677419354841,14.68193548,99.98,104.6,8.1,5.6,101.7,101.7,21575.0,25012.0,87.9,81699.0,94.5,94.5,1779.0,52.020113851992406,1873.5,22.0,445276.7,3475.7,110.1,19.4,99.3,67985.0,12849.0,5.199999999999999,3.7,5578384.0,67985.0,16250.0,856.0,19500.0,20953.0,41.7,13619.0
2019-09,42231.66666666666,12.333333333333336,3.0,9.0,2019.0,15.5,58.8,2941454.63370676,6223.0,685.5,537.1999999999998,4978.0,1011.0,472.0,3268.0,394590564.46,93296010.15,80258124.95,220923589.36000013,364.8616110775585,62.69616217521549,39.983270676691774,43.852819548872176,45.302589641434295,15309875.900000002,2835167.8999999994,97.8,100.9666666666667,164.575,675.3,501.75,55084.0,40886.9,57.40000000000001,66.98909575546352,106.0666666666667,95.66666666666669,104.6666666666667,14.16866667,99.68,107.2,19.6,6.2,95.5,102.4,20378.0,25012.0,87.9,81699.0,94.5,94.5,1779.0,52.020113851992406,1873.5,22.0,445276.7,3475.7,110.1,19.4,99.3,67985.0,12849.0,5.199999999999999,3.7,5578384.0,67985.0,16250.0,856.0,19500.0,20953.0,41.7,13619.0
2019-10,41007.83870967742,11.483870967741936,4.0,10.0,2019.0,16.0,22.40000000000001,2941454.63370676,5007.0,992.0000000000003,822.0,5559.0,990.0,503.0,3628.0,307217561.30999994,145354612.52999997,54743299.92999998,100271405.49,227.3040043431644,66.22502802105645,39.98500000000006,43.70806451612901,45.75737951807233,9518146.6,3108636.9000000013,132.4193548387097,99.83870967741936,177.8333,654.7333,505.5,55209.63,40451.47,62.90000000000001,66.98909575546352,102.258064516129,106.1290322580645,100.8709677419355,14.151612900000002,99.99,106.9,8.8,6.3,102.5,104.7,19851.0,27937.0,106.5,80405.0,92.1,92.1,1782.2,49.1,1874.3,20.9,445276.7,3475.7,110.1,19.4,99.3,67985.0,12849.0,5.199999999999999,3.7,5578384.0,67985.0,16250.0,856.0,19500.0,20953.0,41.7,13619.0
2019-11,43306.89655172414,12.241379310344827,4.0,11.0,2019.0,15.724137931034482,22.40000000000001,2941454.63370676,5349.0,992.0000000000003,822.0,5400.0,1016.0,456.0,3477.0,1048893940.9499998,158202951.02000004,76804878.03000003,792970040.1300001,227.3040043431644,66.22502802105645,40.01609195402303,43.70526315789473,47.533648648648615,9518146.6,3108636.9000000013,101.8,99.9,179.0,643.2,514.0,54443.0,40043.6,62.90000000000001,66.98909575546352,108.5666666666667,116.6333333333333,101.9333333333333,14.57633333,100.36,102.9,7.7,5.3,99.5,104.5,20795.0,27937.0,106.5,80405.0,92.1,92.1,1782.2,49.1,1874.3,20.9,445276.7,3475.7,110.1,19.4,99.3,67985.0,12849.0,5.199999999999999,3.7,5578384.0,67985.0,16250.0,856.0,19500.0,20953.0,41.7,13619.0
2019-12,39193.548387096766,9.483870967741936,4.0,12.0,2019.0,16.0,22.40000000000001,3178490.103,5459.0,992.0000000000003,822.0,7043.0,1196.0,560.0,4572.0,1647483425.3000002,298908175.78,261879044.33,1073471860.1999998,227.3040043431644,66.22502802105645,40.07011538461542,43.759959183673466,47.53051587301582,9518146.6,3108636.9000000013,92.93548387096772,102.258064516129,175.8,635.8,492.7,53821.2,40485.3,62.90000000000001,75.90322580645163,127.03225806451609,107.8709677419355,106.4193548387097,13.52032258,100.43,97.9,16.2,5.6,117.5,107.9,21312.0,27937.0,106.5,80405.0,92.1,92.1,1782.2,49.1,1874.3,20.9,445276.7,3475.7,110.1,19.4,99.3,67985.0,12849.0,5.199999999999999,3.7,5578384.0,67985.0,16250.0,856.0,19500.0,20953.0,41.7,13619.0
2020-01,41438.3,15.133333333333333,1.0,1.0,2020.0,16.433333333333334,29.9,3184560.192000001,5094.0,428.9,342.8,3491.0,698.0,280.0,2164.0,7088262.0,4193188.0,24000.0,2871074.0,187.5179045521156,39.21681235622089,40.10860465116286,43.77243636363634,47.644934640522834,7857085.6,1869477.1,136.5806451612903,153.48387096774192,177.8,639.55,518.75,56306.0,40114.45,39.5,61.29032258064516,157.0645161290323,162.1935483870968,161.0,14.839,100.43,97.4,10.1,3.8,82.4,105.7,4139.0,24132.0,99.5,80071.0,90.9,90.9,1774.2,52.2,1865.1,20.7,467537.3,3466.3,100.1,19.9,101.0,63484.0,8197.0,-4.4,4.6,5810079.0,63484.0,9608.0,1255.0,20457.0,28627.0,42.1,14510.0
2020-02,42146.55172413793,19.793103448275858,1.0,2.0,2020.0,15.0,29.9,2958239.839000002,4176.0,428.9,342.8,5173.0,872.0,389.0,3288.0,22953749.0,15206721.0,298518.0,7448510.0,187.5179045521156,39.21681235622089,40.06124031007758,43.76735537190081,47.75023255813957,7857085.6,1869477.1,81.17857142857143,94.92857142857143,191.35,635.9,538.35,53383.75,39303.15,39.5,69.65517241379311,105.0357142857143,115.07142857142858,100.7857142857143,15.2025,100.15,96.8,5.6,6.7,100.6,101.2,22939.0,24132.0,99.5,80071.0,90.9,90.9,1774.2,52.2,1865.1,20.7,467537.3,3466.3,100.1,19.9,101.0,63484.0,8197.0,-4.4,4.6,5810079.0,63484.0,9608.0,1255.0,20457.0,28627.0,42.1,14510.0
2020-03,40618.333333333336,12.966666666666667,1.0,3.0,2020.0,16.066666666666666,29.9,2985784.314999998,5001.0,428.9,342.8,5700.0,1006.0,453.0,3569.0,611551081.27,16506133.92,3680670.21,591364277.14,187.5179045521156,39.21681235622089,39.975499999999954,43.717595818815404,47.61572438162547,7857085.6,1869477.1,108.19354838709681,91.0,190.45,636.4,524.35,53300.55,38786.6,39.5,69.09677419354838,124.5806451612903,110.6129032258064,84.29032258064517,14.23903226,100.5,97.0,4.6,6.3,113.3,99.7,23482.0,24132.0,99.5,80071.0,90.9,90.9,1774.2,52.2,1865.1,20.7,467537.3,3466.3,100.1,19.9,101.0,63484.0,8197.0,-4.4,4.6,5810079.0,63484.0,9608.0,1255.0,20457.0,28627.0,42.1,14510.0
2020-04,41295.0,7.72,2.0,4.0,2020.0,16.36,6.3000000000000025,2694252.552000001,6621.0,444.6,412.6,4692.0,825.0,352.0,2999.0,342610832.28,20732329.2,14686498.759999998,307061451.52,205.51593307439487,35.402806497530406,39.655405405405396,43.372159090909186,47.12811594202903,8533292.0,1661169.7999999996,77.56666666666666,63.53333333333333,190.0,625.8,550.225,54070.45,39851.5,13.200000000000005,51.8,84.06666666666666,66.96666666666667,22.8,18.50866667,100.76,93.4,12.5,4.3,75.2,74.8,37937.0,25802.0,97.6,79149.0,126.5,126.5,1730.2,36.0,1856.7,23.3,467537.3,3466.3,100.1,19.9,101.0,63484.0,8197.0,-4.4,4.6,5810079.0,63484.0,9608.0,1255.0,20457.0,28627.0,42.1,14510.0
2020-05,41118.74107142857,10.071428571428571,2.0,5.0,2020.0,15.428571428571427,6.3000000000000025,2504157.199000004,5433.0,444.6,412.6,4254.0,952.0,466.0,2680.0,469827625.44000006,21752897.95,81368757.97,366193708.52000016,205.51593307439484,35.402806497530406,39.5917803030303,43.335663082437364,46.945488721804544,8533292.0,1661169.7999999996,100.19354838709681,85.61290322580646,194.45,601.3,493.4,52758.1,38825.95,13.200000000000005,65.12903225806451,121.54838709677422,91.93548387096772,30.64516129032258,17.49290323,100.25,89.7,7.7,3.9,108.1,77.6,56873.0,25802.0,97.6,79149.0,126.5,126.5,1730.2,36.0,1856.7,23.3,467537.3,3466.3,100.1,19.9,101.0,63484.0,8197.0,-4.4,4.6,5810079.0,63484.0,9608.0,1255.0,20457.0,28627.0,42.1,14510.0
2020-06,41363.5,12.9,2.0,6.0,2020.0,15.5,6.3000000000000025,2472638.2630000007,4425.0,444.6,412.6,5788.0,1598.0,742.0,3630.0,310259393.42000014,55359625.23,15958453.010000005,238941315.17999983,205.51593307439487,35.402806497530406,39.79054545454546,43.38234265734275,46.692337164750974,8533292.0,1661169.7999999996,116.0666666666667,102.8,194.9,625.65,490.35,54185.85,40390.55,13.200000000000005,74.4,132.16666666666669,106.8,44.13333333333333,16.96433333,100.28,97.9,3.6,4.0,109.5,82.4,68843.0,25802.0,97.6,79149.0,126.5,126.5,1730.2,36.0,1856.7,23.3,467537.3,3466.3,100.1,19.9,101.0,63484.0,8197.0,-4.4,4.6,5810079.0,63484.0,9608.0,1255.0,20457.0,28627.0,42.1,14510.0
2020-07,43896.55172413793,14.20689655172414,3.0,7.0,2020.0,16.310344827586206,11.799999999999995,2638709.6149999984,4190.0,728.5,588.0000000000001,6932.0,1851.0,808.0,4163.0,221020535.51,50682267.07000001,58358239.74,111857403.70000003,330.25030249148165,65.67091605808993,40.071457800511496,43.83824858757063,46.87142011834323,13910914.9,3070407.6,142.16666666666669,103.9,187.4333,615.3167000000002,494.2333,54182.85,40713.83,20.200000000000006,80.16129032258064,142.33333333333331,139.2333333333333,90.16666666666669,17.35466667,100.58,97.0,13.5,5.8,116.9,92.1,82707.0,25766.0,91.6,77867.0,147.7,147.7,1701.0,52.020113851992406,1848.8,24.5,467537.3,3466.3,100.1,19.9,101.0,63484.0,8197.0,-4.4,4.6,5810079.0,63484.0,9608.0,1255.0,20457.0,28627.0,42.1,14510.0
2020-08,41008.03571428572,16.142857142857142,3.0,8.0,2020.0,15.857142857142858,11.799999999999995,2719524.699000002,3710.0,728.5,588.0000000000001,8086.0,2381.0,954.0,4618.0,702662714.4099997,82138282.65,30811314.41,589425729.3499999,330.25030249148165,65.67091605808993,40.28756097560973,44.19939068100357,46.8436693548387,13910914.9,3070407.6,114.67741935483869,119.8709677419355,189.55,616.5,518.45,54126.05,41133.8,20.200000000000006,72.54838709677419,142.8064516129032,118.22580645161293,111.80645161290319,16.86483871,100.12,100.9,9.3,5.2,98.5,99.9,91741.0,25766.0,91.6,77867.0,147.7,147.7,1701.0,52.020113851992406,1848.8,24.5,467537.3,3466.3,100.1,19.9,101.0,63484.0,8197.0,-4.4,4.6,5810079.0,63484.0,9608.0,1255.0,20457.0,28627.0,42.1,14510.0
2020-09,41683.333333333336,16.733333333333334,3.0,9.0,2020.0,15.5,11.799999999999995,2819358.569000001,4185.0,728.5,588.0000000000001,9570.0,2383.0,978.0,5605.0,377090517.13999987,102813661.54,41747196.03999999,229644653.5,330.25030249148165,65.67091605808993,40.2116860465116,44.125684523809525,46.548262295082,13910914.9,3070407.6,115.7666666666667,111.2333333333333,188.25,614.1,507.85,53398.3,40712.6,20.200000000000006,70.13333333333334,141.46666666666667,132.1,109.3,17.60233333,99.76,103.9,9.9,4.8,94.1,102.3,92285.0,25766.0,91.6,77867.0,147.7,147.7,1701.0,52.020113851992406,1848.8,24.5,467537.3,3466.3,100.1,19.9,101.0,63484.0,8197.0,-4.4,4.6,5810079.0,63484.0,9608.0,1255.0,20457.0,28627.0,42.1,14510.0
2020-10,45074.1935483871,15.06451612903226,4.0,10.0,2020.0,16.0,33.3,3033715.6170000024,4636.0,861.4000000000003,732.9000000000003,10003.0,2272.0,960.0,5836.0,514317002.4200001,115583596.82,87265079.54000002,311468326.05999994,243.16665206133428,59.514158195248406,40.231046931407924,44.14164233576641,46.496336206896544,10255302.6,2806425.3000000007,142.0645161290323,104.09677419354841,190.2,608.75,500.05,53457.0,40300.15,19.899999999999988,69.06451612903226,144.16129032258058,140.3870967741935,90.54838709677419,17.34580645,100.37,102.4,13.1,5.3,103.5,100.5,84805.0,30527.0,73.9,75723.0,138.3,138.3,1709.6,48.7,1847.9,27.8,467537.3,3466.3,100.1,19.9,101.0,63484.0,8197.0,-4.4,4.6,5810079.0,63484.0,9608.0,1255.0,20457.0,28627.0,42.1,14510.0
2020-11,41261.25,15.2,4.0,11.0,2020.0,15.5,33.3,3112683.8639999996,3615.0,861.4000000000003,732.9000000000003,8974.0,1874.0,764.0,5189.0,607833680.8400003,143682791.44000006,121229691.15999998,340907912.4900003,243.16665206133428,59.514158195248406,40.19999999999997,44.10925925925928,47.30419117647057,10255302.6,2806425.3000000007,118.2666666666667,104.5666666666667,186.0,606.85,501.9,52086.05,41166.7,19.899999999999988,59.83333333333334,160.33333333333331,131.0,86.96666666666668,17.887,100.58,103.8,13.8,5.4,98.4,100.1,75150.0,30527.0,73.9,75723.0,138.3,138.3,1709.6,48.7,1847.9,27.8,467537.3,3466.3,100.1,19.9,101.0,63484.0,8197.0,-4.4,4.6,5810079.0,63484.0,9608.0,1255.0,20457.0,28627.0,42.1,14510.0
2020-12,42412.06896551724,10.448275862068966,4.0,12.0,2020.0,16.03448275862069,33.3,3418342.653999995,3601.0,861.4000000000003,732.9000000000003,10898.0,2212.0,904.0,6137.0,1958048569.82,327139851.56999993,338755117.19,1279736406.439999,243.16665206133428,59.514158195248406,40.28147928994081,44.08038011695908,47.66624548736465,10255302.6,2806425.3000000007,124.4193548387097,115.8709677419355,183.9,608.1333,523.2333,51798.73,41848.37,19.899999999999988,68.06451612903226,196.90322580645162,137.7096774193548,85.0,17.17,100.7,105.5,17.6,4.9,117.6,101.9,65503.0,30527.0,73.9,75723.0,138.3,138.3,1709.6,48.7,1847.9,27.8,467537.3,3466.3,100.1,19.9,101.0,63484.0,8197.0,-4.4,4.6,5810079.0,63484.0,9608.0,1255.0,20457.0,28627.0,42.1,14510.0
2021-01,41277.5,17.285714285714285,1.0,1.0,2021.0,17.107142857142858,35.8,3371915.939999998,3627.0,385.9,319.2,4919.0,1104.0,423.0,2692.0,6266873.67,4981257.31,874452.0,349851.86,170.14335674286215,35.02185846782732,40.898737201365215,44.50807142857147,47.742488687782824,7363595.5,1683250.6,159.0322580645161,167.48387096774192,305.85,658.45,791.35,53954.35,42348.3,21.9,55.22580645161289,204.41935483870967,185.45161290322585,153.09677419354844,17.72633333,100.41,109.7,8.8,3.8,79.4,99.1,55727.0,24652.0,92.8,74000.0,123.2,123.2,1720.4,44.6,1843.6,28.3,449578.4751693002,3442.8,94.0,18.682167042889393,100.42821670428893,60581.0,6760.0,8.6,2.4,6257635.0,60581.0,10686.0,1318.0,19383.42663656885,23170.846501128668,43.0,14483.0
2021-02,44544.642857142855,18.464285714285715,1.0,2.0,2021.0,14.5,35.8,3027961.046999997,3125.0,385.9,319.2,7552.0,1467.0,610.0,4287.0,35954195.05,19120032.200000007,1083866.67,15750296.179999998,170.14335674286215,35.02185846782732,41.54220858895703,45.076204379562064,48.12495901639346,7363595.5,1683250.6,108.17857142857142,114.92857142857142,452.45,689.65,1013.075,56150.6,43411.05,21.9,63.714285714285715,165.89285714285708,149.14285714285708,99.82142857142857,19.75035714,100.78,109.9,20.5,6.3,96.4,103.2,49615.0,24652.0,92.8,74000.0,123.2,123.2,1720.4,44.6,1843.6,28.3,449578.4751693002,3442.8,94.0,18.682167042889393,100.42821670428893,60581.0,6760.0,8.6,2.4,6257635.0,60581.0,10686.0,1318.0,19383.42663656885,23170.846501128668,43.0,14483.0
2021-03,44159.67741935483,19.645161290322577,1.0,3.0,2021.0,16.0,35.8,3250223.1360000013,4554.0,385.9,319.2,9328.0,2014.0,742.0,5035.0,641867147.04,22520319.14,7638910.91,610760916.99,170.14335674286215,35.02185846782732,42.12606557377047,45.52134328358207,48.32112540192927,7363595.5,1683250.6,136.3548387096774,113.45161290322581,477.8467,700.51,1085.823,57948.63,43853.17,21.9,68.48387096774194,165.1935483870968,155.9354838709677,107.0,17.85193548,100.82,107.5,11.0,6.7,110.5,108.1,41113.0,24652.0,92.8,74000.0,123.2,123.2,1720.4,44.6,1843.6,28.3,449578.4751693002,3442.8,94.0,18.682167042889393,100.42821670428893,60581.0,6760.0,8.6,2.4,6257635.0,60581.0,10686.0,1318.0,19383.42663656885,23170.846501128668,43.0,14483.0
2021-04,40206.66666666666,19.1,2.0,4.0,2021.0,15.5,46.5,2915430.9890000015,4591.0,592.4,501.9,10132.0,2377.0,886.0,5427.0,899993608.4100002,23117664.89000001,145948266.79,730866364.23,215.21247661898929,37.54535232742962,42.68641732283466,46.02802884615387,48.66808000000004,9582984.2,1827790.6,193.3,117.4333333333333,535.775,726.51,1104.12,58798.28,43870.64,13.0,72.5,168.3,159.83333333333331,109.0,17.2,100.41,117.0,3.1,6.4,101.6,141.7,36479.0,27893.0,91.6,73903.0,98.3,98.3,1755.4,51.0,1853.8,31.8,449578.4751693002,3442.8,94.0,18.682167042889393,100.42821670428893,60581.0,6760.0,8.6,2.4,6257635.0,60581.0,10686.0,1318.0,19383.42663656885,23170.846501128668,43.0,14483.0
2021-05,41600.0,15.0,2.0,5.0,2021.0,16.333333333333332,46.5,2760972.784,5087.0,592.4,501.9,8090.0,1910.0,678.0,4231.0,472163014.4299998,20035912.16,7171908.159999996,444955194.1099999,215.21247661898929,37.54535232742962,42.79729999999998,46.11574468085108,48.712449664429606,9582984.2,1827790.6,145.8709677419355,126.09677419354841,678.4,730.11,1080.955,59765.41,45029.83000000001,13.0,74.64516129032258,171.0645161290323,150.0322580645161,114.32258064516131,15.46064516,100.40999999999998,115.6,7.1,4.5,103.7,134.4,30141.0,27893.0,91.6,73903.0,98.3,98.3,1755.4,51.0,1853.8,31.8,449578.4751693002,3442.8,94.0,18.682167042889393,100.42821670428893,60581.0,6760.0,8.6,2.4,6257635.0,60581.0,10686.0,1318.0,19383.42663656885,23170.846501128657,43.0,14483.0
2021-06,44398.214285714275,18.321428571428573,2.0,6.0,2021.0,14.964285714285715,46.5,2690461.069000001,5737.0,592.4,501.9,10272.0,3245.0,1135.0,5144.0,228005741.27,57760040.64,11216662.99000001,159029037.6400001,215.21247661898929,37.54535232742962,43.05957031249998,46.48102362204726,48.66609022556396,9582984.2,1827790.6,157.36666666666667,130.66666666666669,796.95,699.8949999999999,1177.15,59250.08,45933.8,13.0,74.43333333333331,175.23333333333332,149.86666666666667,121.5666666666667,16.15166667,100.46,112.4,7.8,5.4,99.2,126.0,24718.0,27893.0,91.6,73903.0,98.3,98.3,1755.4,51.0,1853.8,31.8,449578.4751693002,3442.8,94.0,18.682167042889393,100.42821670428893,60581.0,6760.0,8.6,2.4,6257635.0,60581.0,10686.0,1318.0,19383.42663656885,23170.846501128668,43.0,14483.0
2021-07,46040.32258064517,19.548387096774192,3.0,7.0,2021.0,16.0,29.90000000000001,2809480.538000001,6733.0,763.5999999999997,635.9999999999999,9125.0,2018.0,742.0,4780.0,292089623.9300003,107089816.22,79905107.22999999,104409456.26,325.583646871091,63.406973899612076,43.36498644986456,46.58205714285719,48.68587896253611,14730167.2,3105810.1,169.83333333333331,126.8666666666667,511.31,705.2633,1088.69,54956.97,52520.98,90.5,74.2258064516129,181.23333333333332,165.9,101.5333333333333,16.326,100.5,112.2,7.9,5.7,103.4,115.1,23598.0,30117.0,95.7,73613.0,74.4,74.4,1785.7,52.020113851992406,1860.1,33.8,449578.4751693002,3442.8,94.0,18.682167042889393,100.42821670428893,60581.0,6760.0,8.6,2.4,6257635.0,60581.0,10686.0,1318.0,19383.42663656885,23170.846501128668,43.0,14483.0
2021-08,44701.66666666666,18.733333333333334,3.0,8.0,2021.0,16.033333333333335,29.90000000000001,2797803.909999999,4750.0,763.5999999999997,635.9999999999999,8712.0,1786.0,678.0,4542.0,298517784.10999966,74957508.96999997,123743121.51,99914680.28999996,325.583646871091,63.406973899612076,43.94838645418329,47.13329341317358,49.11017716535439,14730167.2,3105810.1,140.8709677419355,142.70967741935482,377.0,629.09,878.115,50952.3,46095.34,90.5,75.93548387096773,181.70967741935482,146.6129032258065,127.19354838709681,16.22741935,99.99,105.7,5.9,5.5,100.8,110.3,21450.0,30117.0,95.7,73613.0,74.4,74.4,1785.7,52.020113851992406,1860.1,33.8,449578.4751693002,3442.8,94.0,18.682167042889393,100.42821670428893,60581.0,6760.0,8.6,2.4,6257635.0,60581.0,10686.0,1318.0,19383.42663656885,23170.846501128668,43.0,14483.0
2021-09,47825.94827586207,19.379310344827584,3.0,9.0,2021.0,15.172413793103447,29.90000000000001,2773350.158999999,5335.0,763.5999999999997,635.9999999999999,9187.0,2055.0,799.0,4780.0,878950911.1600003,93475095.77000004,122490764.05,660509244.7400002,325.583646871091,63.406973899612076,43.52701298701295,46.89832474226804,49.15040302267001,14730167.2,3105810.1,146.33333333333331,132.5333333333333,301.9,680.665,869.6,56370.75,44229.6,90.5,75.33333333333333,182.26666666666668,159.03333333333327,109.3333333333333,16.822,100.54,103.4,6.5,5.4,95.8,108.7,19629.0,30117.0,95.7,73613.0,74.4,74.4,1785.7,52.020113851992406,1860.1,33.8,449578.4751693002,3442.8,94.0,18.682167042889393,100.42821670428893,60581.0,6760.0,8.6,2.4,6257635.0,60581.0,10686.0,1318.0,19383.42663656885,23170.846501128668,43.0,14483.0
2021-10,49533.33333333334,10.366666666666667,4.0,10.0,2021.0,15.766666666666667,25.999999999999986,3019350.6670000018,4907.0,686.5000000000002,542.4000000000002,9539.0,2200.0,780.0,4618.0,588471417.8899999,80856760.5,109067809.48999996,398321317.8999996,257.09349230624167,60.60075042809744,43.655244897959136,47.11576754385965,49.33652977412736,11725498.800000004,3106340.0000000014,170.0645161290323,127.03225806451609,272.58,620.2100000000003,914.825,49996.85,41559.46,27.699999999999992,71.70967741935483,180.80645161290317,164.9032258064516,101.80645161290319,16.24580645,100.82,100.6,9.0,5.3,103.7,106.6,19163.0,33875.0,105.0,72961.0,70.1,70.1,1787.1,51.2,1857.1,35.5,449578.4751693002,3442.8,94.0,18.682167042889393,100.42821670428893,60581.0,6760.0,8.6,2.4,6257635.0,60581.0,10686.0,1318.0,19383.42663656885,23170.846501128668,43.0,14483.0
2021-11,47484.48275862068,14.06896551724138,4.0,11.0,2021.0,15.79310344827586,25.999999999999986,3119921.345000002,6109.0,686.5000000000002,542.4000000000002,9422.0,2531.0,824.0,4464.0,824720510.7200003,56385766.37999994,110581857.16000009,655307838.8700004,257.09349230624167,60.60075042809744,44.000913242009176,47.43330769230752,51.5342521367521,11725498.800000004,3106340.0000000014,146.86666666666667,124.2333333333333,430.0,665.465,1003.12,55290.45,43992.81,27.699999999999992,64.46666666666667,192.53333333333327,152.86666666666667,80.03333333333333,17.047,100.87,100.2,7.0,5.4,94.5,106.5,20455.0,33875.0,105.0,72961.0,70.1,70.1,1787.1,51.2,1857.1,35.5,449578.4751693002,3442.8,94.0,18.682167042889393,100.42821670428893,60581.0,6760.0,8.6,2.4,6257635.0,60581.0,10686.0,1318.0,19383.42663656885,23170.846501128668,43.0,14483.0
2021-12,51820.967741935485,13.32258064516129,4.0,12.0,2021.0,16.0,25.999999999999986,3329173.444000004,6186.0,686.5000000000002,542.4000000000002,12073.0,3607.0,1274.0,5678.0,1396489832.9699993,225187567.59000003,484292716.3899999,680310334.4199996,257.09349230624167,60.60075042809744,43.95293859649116,47.489333333333256,52.90652173913036,11725498.800000004,3106340.0000000014,129.3870967741935,134.4516129032258,274.7333,631.7367,889.4933,51844.36,58496.57,27.699999999999985,70.55172413793103,215.3225806451613,133.80310631874156,95.87096774193549,16.05032258,100.45,99.7,9.9,6.4,119.4,103.8,20889.0,33875.0,105.0,72961.0,70.1,70.1,1787.1,51.2,1857.1,35.5,449578.4751693002,3442.8,94.0,18.682167042889393,100.42821670428893,60581.0,6760.0,8.6,2.4,6257635.0,60581.0,10686.0,1318.0,19383.42663656885,23170.846501128668,43.0,14483.0
2022-01,52553.571428571435,16.928571428571427,1.0,1.0,2022.0,17.392857142857142,95.8,3316438.4980000025,6759.0,898.4000000000003,762.7,5794.0,1676.0,608.0,2702.0,20013047.53,5359301.65,13629370.45,1024375.43,190.58600117674823,41.67777098684186,44.20743961352658,47.7300259740259,53.66485074626864,8792933.5,2262779.0,176.7741935483871,185.6129032258065,268.0,661.46,986.78,53128.8,46813.01,22.0,57.83333333333334,215.258064516129,201.9354838709677,166.741935483871,16.262,100.99,101.7,4.6,4.6,84.4,100.7,18139.0,27811.0,100.2,73066.0,59.0,59.0,1760.288618346546,52.5,1738.1,35.4,449578.4751693002,3469.667667044168,107.0333522083805,18.682167042889393,100.42821670428893,67420.31710079273,9936.991506228766,-4.178199320498302,3.649433748584372,5206649.190826727,67420.31710079273,11156.646659116648,1459.82899207248,19383.42663656885,23170.846501128668,43.82678369195923,14086.429218573046
2022-02,51871.428571428565,24.42857142857143,1.0,2.0,2022.0,14.5,95.8,3010488.5429999973,4901.0,898.4000000000003,762.7,8991.0,2626.0,924.0,4008.0,48169977.45999999,33302733.410000004,10659125.24,4208118.8100000005,190.58600117674823,41.67777098684186,44.50027160493823,48.101973333333284,54.626164383561665,8792933.5,2262779.0,138.17857142857142,126.5357142857143,322.75,684.96,753.135,49240.0,46840.05,22.0,65.60714285714286,195.0,168.39285714285708,106.1071428571429,16.87571429,100.45,104.5,4.2,5.5,96.3,101.8,17489.0,27811.0,100.2,73066.0,59.0,59.0,1760.288618346546,52.5,1738.1,35.4,449578.4751693002,3469.667667044168,107.0333522083805,18.682167042889393,100.42821670428893,67420.31710079273,9936.991506228766,-4.178199320498302,3.649433748584372,5206649.190826727,67420.31710079273,11156.646659116648,1459.82899207248,19383.42663656885,23170.846501128668,43.82678369195923,14086.429218573046
2022-03,50648.3870967742,14.64516129032258,1.0,3.0,2022.0,16.0,95.8,3298730.267999997,4629.0,898.4000000000003,762.7,10030.0,3558.0,1342.0,4590.0,445131350.468072,71191309.73637474,64774055.41071961,307245004.02397144,190.58600117674823,41.67777098684186,44.35935754189939,47.918749999999974,54.58566563467493,8792933.5,2262779.0,150.258064516129,115.22580645161293,209.2333,614.6667,586.0333,51234.95,46527.77,22.0,58.935483870967744,204.7741935483871,187.9677419354839,90.54838709677419,13.21645161,106.59,104.4,6.0,6.2,105.2,100.4,17200.0,27811.0,100.2,73066.0,59.0,59.0,1760.288618346546,52.5,1738.1,35.4,449578.4751693002,3469.667667044168,107.0333522083805,18.682167042889393,100.42821670428893,67420.31710079273,9936.991506228766,-4.178199320498302,3.649433748584372,5206649.190826727,67420.31710079273,11156.646659116648,1459.82899207248,19383.42663656885,23170.846501128668,43.82678369195923,14086.429218573046
2022-04,49305.172413793094,11.137931034482758,2.0,4.0,2022.0,15.20689655172414,15.299999999999995,2981199.655999998,4333.0,642.1999999999998,534.8,2802.0,1156.0,419.0,1471.0,445131350.468072,71191309.73637474,64774055.41071961,307245004.02397144,200.16203226861091,37.45127977324029,44.16638418079094,47.80990769230773,53.86789473684208,9135189.2,2006065.5,145.66666666666669,113.6333333333333,213.25,629.7,567.65,53466.07,46094.4,39.4,61.13333333333333,148.3,160.63333333333333,99.7,12.60933333,101.82,99.0,6.9,7.0,93.0,98.6,17939.0,31858.0,104.1,72902.0,59.3,59.3,1760.288618346546,52.2,1790.1,37.6,449578.4751693002,3469.667667044168,107.0333522083805,18.682167042889393,100.42821670428893,67420.31710079273,9936.991506228766,-4.178199320498302,3.649433748584372,5206649.190826727,67420.31710079273,11156.646659116648,1459.82899207248,19383.42663656885,23170.846501128668,43.82678369195923,14086.429218573046
2022-05,52808.33333333334,16.066666666666666,2.0,5.0,2022.0,16.5,15.299999999999995,2878733.5910000037,4640.0,642.1999999999998,534.8,2139.0,857.0,213.0,1029.0,445131350.468072,71191309.73637474,64774055.41071961,307245004.02397144,200.16203226861091,37.45127977324029,43.853421750663074,47.54675749318807,53.49993808049535,9135189.2,2006065.5,130.93548387096772,110.1290322580645,203.7,634.6,615.075,54077.58,47437.95,39.4,60.58064516129032,153.0,135.6774193548387,98.45161290322581,11.81870968,99.97,96.9,7.1,4.6254117317261185,102.5,98.9,16706.0,31858.0,104.1,72902.0,59.3,59.3,1760.288618346546,52.2,1790.1,37.6,449578.4751693002,3469.667667044168,107.0333522083805,18.682167042889393,100.42821670428893,67420.31710079273,9936.991506228766,-4.178199320498302,3.649433748584372,5206649.190826727,67420.31710079273,11156.646659116648,1459.8289920724806,19383.42663656885,23170.846501128668,43.82678369195923,14086.429218573046
2022-06,54754.31034482759,16.275862068965516,2.0,6.0,2022.0,15.137931034482758,15.299999999999995,2599842.072999999,4268.0,642.1999999999998,534.8,4414.0,1595.0,322.0,1930.0,445131350.468072,71191309.73637474,64774055.41071961,307245004.02397144,200.16203226861091,37.45127977324029,43.4324038461538,47.0249514563107,53.32618181818177,9135189.2,2006065.5,137.16666666666669,113.2666666666667,415.6,682.4667,732.9767,57551.4,45775.3,39.4,62.06666666666667,132.3666666666667,141.0,105.2333333333333,12.96266667,100.15,76.4,5.2,5.7,100.9,101.0,16453.0,31858.0,104.1,72902.0,59.3,59.3,1760.288618346546,52.2,1790.1,37.6,449578.4751693002,3469.667667044168,107.0333522083805,18.682167042889393,100.42821670428893,67420.31710079273,9936.991506228766,-4.178199320498302,3.649433748584372,5206649.190826727,67420.31710079273,11156.646659116648,1459.82899207248,19383.42663656885,23170.846501128668,43.82678369195923,14086.429218573046
2022-07,52556.66666666666,14.566666666666665,3.0,7.0,2022.0,16.233333333333334,74.9,2686860.852999999,4173.0,631.7000000000003,475.0,6039.0,1726.0,417.0,2699.0,445131350.468072,71191309.73637474,64774055.41071961,307245004.02397144,244.7978216655976,53.06780862675551,42.77340277777782,46.12895104895108,52.80977611940297,10413486.429836683,2479970.1474874374,143.86666666666667,102.8333333333333,268.5,683.53,798.4,56432.4,49091.5,38.2,62.67741935483871,131.4666666666667,143.83333333333331,87.43333333333334,13.742,99.74,84.8,6.2001585108397546,6.158075987010528,106.9,102.0,31979.531169500253,26589.888717156104,97.07959814528593,81765.3560020608,100.55121071612572,100.55121071612572,1760.288618346546,52.020113851992406,1855.8724368882026,25.33508500772798,449578.4751693002,3469.667667044168,107.0333522083805,18.682167042889393,100.42821670428893,67420.31710079273,9936.991506228766,-4.178199320498302,3.649433748584372,5206649.190826727,67420.31710079273,11156.646659116648,1459.8289920724806,19383.42663656885,23170.846501128668,43.82678369195923,14086.429218573046
2022-08,54825.862068965514,19.48275862068965,3.0,8.0,2022.0,16.137931034482758,74.9,2745410.8119999967,5321.0,631.7000000000003,475.0,8780.0,2387.0,531.0,3704.0,445131350.468072,71191309.73637474,64774055.41071961,307245004.02397144,244.7978216655976,53.06780862675551,43.69790322580641,47.469834710743825,53.28120943952803,10413486.429836683,2479970.1474874374,127.258064516129,121.83870967741942,253.85,667.15,734.525,58591.69,50243.9,38.2,61.903225806451616,137.4516129032258,142.70967741935482,108.09677419354841,11.45,99.16,107.8,5.537253802481251,6.967126936286538,101.9,101.3,31979.531169500253,26589.888717156104,97.07959814528593,81765.3560020608,100.55121071612572,100.55121071612572,1760.288618346546,52.020113851992406,1855.8724368882026,25.33508500772798,449578.4751693002,3469.667667044168,107.0333522083805,18.682167042889393,100.42821670428893,67420.31710079273,9936.991506228766,-4.178199320498302,3.649433748584372,5206649.190826727,67420.31710079273,11156.646659116648,1459.82899207248,19383.42663656885,23170.846501128668,43.82678369195923,14086.429218573046
2022-09,52116.071428571435,19.214285714285715,3.0,9.0,2022.0,15.857142857142858,74.9,2756912.579999996,4808.0,631.7000000000003,475.0,10493.0,3159.0,696.0,4230.0,445131350.468072,71191309.73637474,64774055.41071961,307245004.02397144,244.7978216655976,53.06780862675551,43.65875324675321,47.73824146981633,53.74274052478125,10413486.429836683,2479970.147487437,131.8666666666667,109.0333333333333,334.0,668.8149999999998,752.0,58483.4,49796.05,38.2,58.86666666666667,133.1333333333333,142.03333333333333,94.4,12.63333333,99.74,111.9,4.351171738370058,6.869534802378454,95.2,97.2,31979.531169500253,26589.888717156104,97.07959814528593,81765.3560020608,100.55121071612572,100.55121071612572,1760.288618346546,52.020113851992406,1855.872436888202,25.33508500772798,449578.4751693002,3469.667667044168,107.0333522083805,18.682167042889393,100.42821670428893,67420.31710079273,9936.991506228766,-4.178199320498302,3.649433748584372,5206649.190826727,67420.31710079273,11156.646659116648,1459.82899207248,19383.42663656885,23170.846501128668,43.82678369195923,14086.429218573046
2022-10,48708.33333333334,11.0,4.0,10.0,2022.0,16.0,32.55376909886273,2977195.096265378,5018.025920749024,983.4768205278407,853.9581741027736,10616.918120760214,2982.998255252284,944.4122608050124,4760.653909351142,541623470.8160722,140277303.6303095,127149455.9064834,261945171.2921497,219.6523517266103,53.44588450245638,44.56073343254776,48.33666225982883,52.546937590209616,9912674.860321987,2837167.6212480627,159.0076062915339,121.81287248687543,275.9735896880873,630.3800750238984,795.8686546519931,53862.49710010281,43845.427046400335,38.8758683981639,66.75616256789459,179.9578367546312,167.08683809274746,104.35572911268787,15.641152097031254,100.66713212258335,102.53932321112104,6.5262092424556055,5.901318422332709,103.82933085521748,105.420953725307,23623.7315368696,34048.558487021226,102.2845446200482,72092.1392455899,78.88773319377266,78.88773319377266,1761.2975957043438,51.24432437976695,1821.678326548902,35.70332640586029,454173.5580876293,3448.685328020525,98.13237202305609,19.213950499532594,100.71033053803572,61766.25637538598,7749.649585638688,2.647073667632741,3.106507485443044,6859917.91576508,61766.25637538598,11156.646659116648,1339.829122538256,19933.001162011864,23817.947865194623,41.25202474172971,14546.521538923633
2022-11,,,4.0,11.0,2022.0,15.5,32.538660616330795,3022993.459635598,5303.255274796985,983.3626936108467,853.7107645227424,10314.95998562121,2874.755826687646,909.5585167772476,4576.834545930655,1091473416.0769103,182047758.46047425,156837444.98218977,774276057.9867692,219.61762545276093,53.39902530882543,44.65776007758657,48.400431622614974,54.660372964556046,9912672.573028872,2837005.7633326375,143.01928037700654,120.59588684039906,266.0874666683971,644.6793475407926,683.3268890535333,54488.80045477096,44980.28378463668,38.84386459741851,64.48905257525864,191.1046184756176,155.38949425271514,97.88844253328337,16.038930203684593,100.82763771633705,102.51163662759804,7.3323444444207455,5.7933037177739966,99.82856426833295,106.14290916257644,24887.26043705899,34022.563941162814,102.28443965697254,72225.28048456009,78.8017337097966,78.8017337097966,1761.294982856548,51.24331971534879,1821.6505116605624,35.5264092048017,454169.312429768,3448.6805463319206,98.29169768858304,19.213412996710318,100.7103305333202,61858.02840763815,7730.690730701297,3.0614577400749354,3.1034903353773973,6853593.642836545,61858.02840763815,11156.646659116648,1339.1489868600843,19932.485138287,23810.42739042149,41.24981330331861,14546.087790538855
2022-12,,,4.0,12.0,2022.0,15.754098360655734,32.52370865245849,3250347.3988843183,5359.945859136627,983.2490246461812,853.4649504550972,12793.301947343052,3175.7514116095062,1046.222927634712,5671.650860996922,2039500548.2210329,308263768.5915421,485547491.3367083,1273608330.3218133,219.5827440325564,53.35169736328971,44.68133299863783,48.408929163416936,55.406952076226034,9912670.286138928,2836843.469489513,137.1906302892358,128.27281969037088,259.5218790695391,626.7939456665794,659.6997522285268,52463.9563213583,45013.85915684871,38.811539652835776,68.52721630406761,211.8847210349361,148.99277936481332,101.74827610992482,15.54378074884475,100.88397200738369,101.00917430651384,10.281755794155456,6.522370997403411,118.59214490446749,105.10261556924452,25728.82816915189,33996.83098139084,102.28433465492162,72351.80398216558,78.71494373654394,78.71494373654394,1761.2923690299592,51.24231689410503,1821.6226574929346,35.35478307284897,454165.07211288146,3448.6757625935907,98.44299311032476,19.212877131784715,100.71033052860464,61945.150426363405,7711.403444769008,3.128059814485977,3.100446799408189,6847365.636096406,61945.150426363405,11156.646659116648,1338.4550586524497,19931.9701975583,23802.959106357765,41.247594315803696,14545.654925705669
2023-01,,,1.0,1.0,2023.0,16.0,35.909513413203065,3179386.202456685,5132.75641766682,460.0787508786844,390.21018596723917,6125.4716715702625,1791.2710167024775,568.6469121585286,2703.4104919231618,10038369.668094186,5236548.6260977695,1982970.3483963208,1880623.21624974,179.3341615309343,38.898391410766884,44.17490516682639,48.11823419422545,55.4039526936869,8194137.137404134,2064614.1040887958,170.10855248581018,171.3968846646712,299.309283138722,651.1923896334173,1013.9396467530521,53936.77047382877,48464.36954395827,20.521284087916666,59.91398155392372,215.7876883774352,196.39112075678082,157.61419577172188,15.144342398947186,100.99869257628092,102.0451064817989,5.364380096897363,4.386458448712609,83.277683428892,102.96335727503299,27735.0096814243,28633.3883965856,98.83428823141857,71338.371689592,77.03418854199431,77.03418854199431,1756.3083922935525,48.38939310086786,1811.5751052347625,36.112850225138565,456334.8108645767,3440.0632158330686,92.34696546253979,18.851206684636132,100.42671237048306,58989.604271838456,8594.782597143672,-1.6796874685560614,2.9454670566021246,7422766.609634037,58989.604271838456,11674.353411830029,1406.4561689224329,19867.85415708604,24591.17025603753,41.24818851446016,14615.409001693877
2023-02,,,1.0,2.0,2023.0,14.5,35.87614872912007,2953433.337671588,4318.9438918100595,460.0159186026764,390.0256783431013,8824.722658164563,2326.001174441771,730.8159630507297,3745.530222857594,53354298.73567351,22030211.04344559,2246877.217696576,19280399.541986234,179.28944699677692,38.88285930926197,44.25080775007115,48.10069816355785,55.49138034190429,8194133.320155175,2064387.3646384324,120.05356312247996,123.50910877013656,360.0919477553012,681.1624216574503,917.2097293337677,53936.50144537542,47377.4075989475,20.51295485565557,64.99701366907243,190.67349646515441,168.62357055861705,105.30769084938534,15.40364097724146,100.88792487186964,104.85450769032612,3.2916152894108213,7.583592896540527,97.6141292798389,102.96295565470207,31335.792249158065,28603.986459046602,98.83416448643328,71365.75515586183,76.93790967943369,76.93790967943369,1756.307642171057,48.386955457267675,1811.5312053489324,36.02400089921918,456330.58287576464,3440.055601948815,93.14766178306766,18.85069892188549,100.4267123686052,59734.69712335493,8618.58090921,-1.8482372852031639,2.941557376866493,7413797.027382635,59734.69712335493,11674.352341470307,1405.54922279444,19867.35023451456,24574.801879245664,41.24520977252683,14614.521490119294
2023-03,,,1.0,3.0,2023.0,16.0,35.843152479457224,2980932.840881317,4680.590332518596,459.9533390600135,389.8424132868523,10732.907603407151,2880.3640579640514,887.7568928027423,4309.687945280414,795152411.4714544,20557235.428444054,10712700.215996513,746383808.8341607,179.2445388469558,38.867152635043176,44.865291180651944,48.42229374340868,55.30045964921484,8194129.503580614,2064160.034902644,151.25464981462372,119.35998194580557,275.39106769384625,643.2284804973051,863.4469007641806,53936.23226305718,47040.77247267396,20.50453125895142,64.99577875070845,189.71709087189208,176.19318462778736,103.36249392850759,15.045107831643234,100.88269475044608,102.63452146212951,4.311191228299673,6.682453424489311,108.82839644501448,104.28258698734275,33445.08679482852,28574.886110744512,98.83404069543508,72305.03244630154,76.84075506590084,76.84075506590084,1756.3068917657688,48.384522398925505,1811.4872440687275,35.93714967577519,456326.3601752364,3440.0479848104164,95.77254301435076,18.850192683982772,100.42671236672741,60543.27390874693,8591.834785799452,2.522271628820491,2.937615538028052,7404964.4919314915,60543.27390874693,11674.352339349687,1404.6242816637377,19866.847359257958,24558.55333760711,41.2422208833641,14613.63581612782
2023-04,,,2.0,4.0,2023.0,15.5,49.49139180436028,2933497.1532238717,4694.389902647296,544.448589910869,460.51824908595637,8148.674978060344,1978.4162292163685,612.8869883539728,3777.0059069347603,480424367.69690615,26592235.61216307,75473989.0037386,391344558.0053392,203.3900413341588,34.91140934368982,45.44996934552122,48.95350097494556,54.70020947638612,9527332.871866152,1972595.5900643456,153.18059173462842,117.69821900307751,273.7033705783682,643.2203649066487,884.2282070975291,53935.96292674201,47049.88345482997,20.703815619166864,64.51432507786562,158.488535839384,170.38138046136683,101.85083808111987,15.044831929533474,100.8475351098249,99.34273405095408,5.845390340424026,7.284197283248577,97.5698799520135,105.58151542812472,33243.871360541496,31995.354451954063,98.7903507807238,72488.68299334311,78.60091998917214,78.60091998917214,1751.1461162167209,52.543339657659615,1809.532228421224,40.286251268300035,456322.14275307616,3440.040364415786,97.34134571981683,18.84968796410807,100.42671236484959,60760.715663457624,8564.036125874056,2.9069019220758925,2.933641141660724,7396265.886174075,60760.715663457624,11674.352326611057,1403.6808030088152,19866.345528054644,24542.42331992696,41.239221795032975,14612.751974018309
2023-05,,,2.0,5.0,2023.0,16.0,49.4277426315639,2877172.58182825,5187.281338212653,544.3199161461673,460.3641601832633,6630.367208472532,1844.3931487742834,615.5506523892407,3034.992553862804,582720772.7562218,27019897.53329485,75328696.82678348,500602710.3681483,203.36291879136382,34.8969736854612,45.39580693536848,49.007468941363726,54.908040932094316,9527329.3268439,1972548.9899503118,137.66062162461336,114.05685343477958,279.0781683892744,643.2122419696078,698.199793360307,53889.31731101285,48283.25452507667,20.66968057012447,64.51280038614779,163.451598848987,143.86958625045602,104.30546561341723,15.044555727132273,100.63166203268305,101.16700630777493,4.457447156971839,4.933274506859702,104.87197066760343,104.87258890193894,30007.106136136226,31952.81821207813,98.79014531702973,72623.18074089721,78.48085991934836,78.48085991934836,1751.1424059742596,52.54125719363316,1809.4989200761293,40.19292776996069,456317.9305993935,3440.032740762837,97.69373694617356,18.849184755443595,100.42671236297177,60963.217739160325,8535.80213567981,3.3979628808336235,2.92963378272956,7387698.186823301,60963.217739160325,11674.352316826582,1402.7182239360686,19865.844737656535,24526.410534069637,41.23621245523937,14611.869958113177
2023-06,,,2.0,6.0,2023.0,15.5,49.36483306662589,2687544.683924416,5116.981312087225,544.1917827756258,460.21105909979934,8423.707205189654,2827.446495847507,819.6849683122423,4088.236455596939,432331774.8816,66333951.20478179,31251275.10540461,325758006.9365618,203.32032626061303,34.882372995665854,45.83692209900407,49.41972247682337,55.18968292478219,9527325.782447133,1972502.259892796,144.18182565063367,118.39561088755028,461.8990386560244,675.6055566816166,781.586560916973,55634.5844364206,47366.66348351416,20.635237350235254,64.99206479199097,163.33255730884497,149.47092025364805,107.81263499991293,15.044279223949113,100.7146242953008,101.31070341960621,3.987951781305549,5.697062696832905,101.25519765170205,105.58085969088634,27594.17635998848,31910.73940026518,98.7899397772338,72751.69286427017,78.35975072765652,78.35975072765652,1751.1386943448174,52.53917859227143,1809.4655646552526,40.10163450635425,456313.7237043222,3440.025113849478,98.02324465496305,18.84868305121227,100.42671236109392,61152.46444438434,8507.136548351638,3.992433507047736,2.9255930494531315,7379258.4609081475,61152.46444438434,11674.352307042107,1401.7359584727308,19865.344984829007,24510.51370661388,41.23319281133107,14610.989762758289
2023-07,,,3.0,7.0,2023.0,16.0,75.10351909852693,2806435.00157239,5131.109930469816,780.8241311266758,622.8727248861933,9782.458605155707,2828.010897522048,811.0328575412619,4210.040665531848,307041507.69443196,76081906.12205787,98270844.85426216,126766735.83648492,307.5744415551669,51.79376006586885,45.769184350431566,49.51940579347763,55.18366233516756,14761286.197689442,2846510.4974008943,166.3498419558061,115.79473750962477,298.1365413808723,674.5227313966061,851.0576169968858,54575.428600402745,50793.22012371153,35.54312126017685,64.9908237283439,175.67818446128373,167.59328827658112,104.50733567735176,15.044002419492395,100.85992958898923,99.68274053502293,4.865579506803898,6.438770427771045,106.16149926681324,102.31021702536074,27177.672070118624,30936.562406156783,92.658639548681,71694.26430022926,76.39582769370631,76.39582769370631,1756.3038873134867,53.73623732806736,1810.441074939157,37.319066815109636,456309.5220580209,3440.017483673617,98.3323063614563,18.848182844677503,100.4267123592161,61329.87524137108,8478.034782347186,4.75316737834851,2.921518523162483,7370943.862426093,61329.87524137108,11674.35229418613,1400.7333964308477,19864.846266350865,24494.731582515124,41.230162810294686,14610.111382322808
2023-08,,,3.0,8.0,2023.0,16.0,75.00988313647322,2794770.8942906456,5130.837374190744,780.7199458413243,622.5890196403215,10958.909384219938,2780.5059258761235,805.9486290780702,4679.834098635832,430863019.02097327,85948259.01175955,74915568.33107628,225782533.6150931,307.5328392532145,51.70690789905712,45.42555375960014,49.771116505446436,55.296865462702684,14761283.458676685,2846192.746934338,134.092812665307,133.5506002490045,281.61412160630795,637.7383137118524,782.70500472403,53934.88403886606,49395.93936452673,35.52763226142112,64.98958112120876,176.04583355023084,151.19831478445792,114.61216697095236,15.043725313269467,100.48799565120608,106.03152858722672,3.5969281098237187,6.023260084630532,102.1913609725385,102.94829156566252,26913.70172955453,30896.581761117435,92.65844662223213,71858.76023464803,76.27547992424863,76.27547992424863,1756.3031354918319,53.73466614977619,1810.3968260031186,37.10001553957932,456305.3256506726,3440.009850233161,98.6229968479148,18.84768412914287,100.42671235733826,61496.65758160146,8448.476024472797,5.7493161027146895,2.9174097781565203,7362751.62914334,61496.65758160146,11674.352284400726,1399.7099021967272,19864.348579014186,24479.0629247752,41.22712239875255,14609.234811199109
2023-09,,,3.0,9.0,2023.0,15.5,74.91731659083442,2814776.272077478,5130.565344736375,780.6161746289175,622.3071871727027,11531.224897587495,3495.9642492581816,948.606743697404,4392.598355838232,520747593.3850472,125128304.85932332,74784953.2147053,336487626.9036192,307.49104429879475,51.61926596680195,45.44963948405198,49.722608763952024,55.320614760800545,14761280.720146045,2845874.162735987,138.52562572309657,123.88712964184612,370.2003572572387,660.5219208733711,801.0580923621711,54323.99008193192,47387.18475571173,35.51196160898611,64.9883369677043,174.18267697847972,158.70592057904759,110.96740231728056,15.043447904786587,100.18641775325277,104.96252312553548,3.920767135767424,5.9117177688264695,96.47627381784056,103.65656222294326,25934.113093637105,30857.02423641951,92.65825362428541,72087.53515878296,76.15406655156106,76.15406655156106,1756.3023833864233,53.733097845804046,1810.3525149238305,36.8871404896423,456301.134472485,3440.0022135260133,98.89709682288252,18.84718689795181,100.42671235546041,61653.84714158224,8418.454948713144,7.109421312797129,2.9132663815537434,7354679.079535289,61653.84714158224,11674.352274578065,1398.6648132801697,19863.85191962431,24463.50651411916,41.22407152295956,14608.360043802637
2023-10,,,4.0,10.0,2023.0,16.0,34.39542758087879,2975580.3309594323,5073.5907163508555,1005.8191770740492,884.099830285941,11806.979669159882,3461.606668540673,1024.6875476778646,4943.0659283843215,596013500.2517233,149751163.16216907,146550663.8201905,286680114.22810054,213.3599348244527,49.69407197902712,45.9385746279533,49.80287237550159,55.02887231038396,9923131.827272153,2789433.098198254,167.0034717734665,126.09378786362616,305.61705437650875,626.8721346486701,847.5078672358189,53674.71079345048,45352.23785819709,36.12413478899613,66.24596616137553,191.91074017285075,176.9279134548077,105.85658956829334,15.535975702725036,100.79449156497655,102.88639452537159,4.8768958987544035,6.167278745286198,104.19441221448808,105.74133145098442,24755.932903337784,35765.436668238035,102.05502297157408,70601.65094233997,73.53570098350912,73.53570098350912,1757.3083230592251,51.79422869180574,1805.918667440607,39.6727993832368,457541.9604793541,3439.7595811839074,96.4036727959625,19.2183077054949,100.70882196144386,60778.39733424395,8075.6435312021,8.665702189571098,2.908373717486052,7409084.449880136,60778.39733424395,11674.352259120904,1374.6762657445688,20176.752051326166,24688.854135221205,40.38066337869457,14717.496955475717
2023-11,,,4.0,11.0,2023.0,15.5,34.37082680175938,3021353.7801915808,5361.924289073872,1005.660244981931,883.7553159740687,11460.474566766487,3329.9115995385523,986.3274448123352,4751.64505543589,1200169968.2235804,194273845.60836864,180468144.1078212,846818514.955065,213.31114813579296,49.62844484814679,46.03505250408409,49.86487429236636,57.232008870256365,9923128.61838505,2789206.946725528,150.18114417386238,124.82165758142987,294.4154531452324,641.0901701217673,727.4254902437434,54298.775394335076,46521.68121080997,36.07808220204684,63.995868875109174,203.72802640125752,164.49691908803018,99.29460415637324,15.931018545378208,100.95518677561674,102.8585163871733,5.439438575769336,6.053419133723838,100.17947543870987,106.46539926293924,26075.273476621427,35730.952656433066,102.05487531640965,70752.37679982455,73.4251386971724,73.4251386971724,1757.304963025725,51.792721942052935,1805.879723528948,39.4399538585295,457535.6028106814,3439.7528863539287,96.58424977852043,19.217508654679218,100.70882195484528,60882.59167190034,8050.088997315543,9.14514060516158,2.904491318329407,7398617.925674674,60882.59167190034,11674.352093640715,1373.5197646486304,20175.98158418841,24678.413837173423,40.37696222520096,14716.890811687355
2023-12,,,4.0,12.0,2023.0,16.0,34.346479978283114,3248584.3223862294,5419.18741679715,1005.5019502119104,883.4130210616503,14201.017925910779,3672.015632660948,1133.9099115097188,5887.590166172105,2240936568.2981358,328851137.99027634,557797773.3024098,1392009150.4828715,213.2621433127085,49.56216008139621,46.05581988676399,49.86994513474365,58.00353246418271,9923125.41006355,2788980.1858863723,144.0320679288179,132.75450912828916,286.90792277285254,623.302723398075,702.0458384307962,52280.9395447863,46552.014657015665,36.031563760629865,68.00281631873037,225.80413726337719,157.68284686807038,103.2081364443182,15.4391418411693,101.01157887860128,101.35087366736694,7.56907638704026,6.814129394553173,119.00889057185269,105.42186415370793,26952.147765348145,35696.81406254782,102.054727606385,70896.10601483932,73.31355924981706,73.31355924981706,1757.3016017334849,51.791217951597226,1805.8407246086106,39.21399445041574,457529.2531299632,3439.746188653921,96.75631234759605,19.21671203182327,100.70882194824664,60981.8438265132,7978.641822693467,9.106639531554775,2.9005749377967995,7388309.812591528,60981.8438265132,11674.348431552758,1372.339626501788,20175.21273078585,24668.045312803726,40.373248419586346,14716.285898868911
2024-01,,,1.0,1.0,2024.0,16.0,37.912684550937406,3177661.53927558,5189.434728227211,470.4716678382458,403.86273245904886,6793.366005884312,2067.5887708780965,615.9762945902343,2806.0131149039535,11021738.890792247,5584335.501463694,2274425.5800755853,2054111.0674996881,174.15968792979083,36.119011834691904,45.53033867204757,49.56683347108849,57.99029204474162,8202778.924884961,2029730.844906554,178.55643806286702,177.36788923031432,330.618566277444,647.5635844501254,1078.6780735261977,53748.56117704524,50115.72908791653,19.042568175833324,59.45520121168325,229.8863213910698,207.79031154667544,159.87290656080862,15.042335238342993,101.12643109153713,102.39021296359778,3.9172561162768362,4.581944598283479,83.57024457185601,103.2760287300396,29048.512101780387,30059.235495731988,98.6123843085581,69922.01891113815,71.71773567749291,71.71773567749291,1752.3281662405589,48.90727172104143,1795.868881543453,40.01927533770783,459712.978712215,3431.1540197913373,90.78605039393474,18.825103353792958,100.42520803667715,58084.74953625519,8886.20754117713,-8.721393035917227,2.7545604679225493,8005332.414451056,58084.74953625519,12188.673628783785,1444.7963567661793,20110.067917344622,25482.204307245032,40.37228277169024,14786.690802032648
2024-02,,,1.0,2.0,2024.0,15.0,37.868198305493415,2951831.1705621164,4366.591855746747,470.3878914702352,403.6320979288767,9778.267189797476,2680.2514680522136,791.2239445760948,3887.236267429113,58538620.01134704,23485300.46516839,2573125.27712072,21045451.22297936,174.10379476209408,36.08794763168207,45.60510733062824,49.54514576077686,58.071762936492526,8202774.344186207,2029458.75756612,125.99105896943425,127.79937744091907,397.4338955106021,677.3648433149003,975.4621616672093,53748.238342901204,48987.15949868436,19.02590971131114,64.49899314747465,203.06381612630315,178.363927266497,106.81501637060902,15.299828999051824,101.01550984624355,105.20901538065227,2.3832305788216424,7.920311475848633,97.9569551358067,103.27554678564249,32813.99031144758,30022.483073808256,98.61221931524435,69967.29113758034,71.59738709929209,71.59738709929209,1752.3266659955682,48.90434654872121,1795.8140066861654,39.88600134882877,459706.6367289969,3431.144502436019,91.5941106963292,18.8243417096536,100.42520803292152,58830.70340468999,8922.367643969197,-8.884481240182478,2.7498688522397923,7991878.041073953,58830.70340468999,12188.672635652125,1443.435938601744,20109.31203348741,25462.5622550948,40.36781465879024,14785.625788143154
2024-03,,,1.0,3.0,2024.0,16.0,37.82420330594296,2979315.6828417564,4732.18066503719,470.30445208001794,403.4030166085655,11882.289124088578,3313.546086946077,960.6353392041136,4472.225534336498,871795043.6871817,21907602.597925406,12249594.868994767,814195254.7562412,174.04765957481774,36.05653428324453,46.23490398409268,49.872768973321975,57.86203807174464,8202769.7642967375,2029185.961883172,158.70455536709687,123.49415743999823,303.7047569251283,639.6407224700055,917.9961259552257,53747.91532411932,48634.573709010954,19.00906251790284,64.49744949951967,201.9788621142897,186.32203500619724,104.84021418482807,14.943655189699085,101.01025966726142,102.98142575455543,3.0934294739596084,6.978066780611639,109.21049555626811,104.59910438481131,35016.608493535656,29986.10763843064,98.61205426058012,70906.32327019649,71.47594383237606,71.47594383237606,1752.3251651849914,48.9014268787106,1795.7590550859095,39.755724513662784,459700.3026782044,3431.1349810130205,94.19610353554731,18.823582352799534,100.42520802916587,59639.15284315878,8890.372688820065,-2.380814100524823,2.7451386456336624,7978629.237897239,59639.15284315878,12188.672633687966,1442.0485269430915,20108.55772060252,25443.06400512853,40.36333132504615,14784.56297935338
2024-04,,,2.0,4.0,2024.0,15.5,52.214239755450365,2931905.6571272938,4746.084853970943,556.6783078930429,476.49099878127527,9013.59372257543,2272.27028652046,662.8587354424659,3919.007383668451,526362212.8358749,28329520.973244604,86173922.59675759,426632342.094174,197.47882369174357,32.37153891413935,46.83391009459995,50.416237039341404,57.22424065450514,9537378.039832687,1939125.680128692,160.69451680259013,121.76310467282171,301.604494104491,639.6309837612176,939.7977588719116,53747.59212054112,48639.50518224495,19.184578743000237,64.01937094234604,168.67707167876802,180.12942758940034,103.30521426806652,14.943324107167372,100.97504213178988,99.67841756369265,4.15446840850883,7.605246604060722,97.91234994001684,105.90189428515586,34799.84563264978,33569.02534234487,98.56842093686855,71104.13375506064,73.0811039870066,73.0811039870066,1747.1753394600653,53.10417457207453,1793.809637894965,44.529376902450046,459693.97654496407,3431.1254555197334,95.75973500453075,18.8228252729875,100.42520802541023,59865.166237473415,8857.018931868248,-1.8526728851719145,2.740369369992869,7965581.329261113,59865.166237473415,12188.672621863894,1440.633309010033,20107.804973797545,25423.707983912347,40.35883269254946,14783.502368821968
2024-05,,,2.0,5.0,2024.0,16.0,52.13467828945488,2875611.5726564974,5244.351672765816,556.5238993754009,476.28554691101766,7327.959010590666,2114.991435967854,665.4008698523207,3148.7406923285052,637999651.9193327,28775564.06105981,85883338.24284735,545405710.9841979,197.43813987755107,32.34266759768212,46.774599792421476,50.468180389539405,57.43195698888354,9537373.608554875,1939032.4799006232,144.38575937825897,117.9846746114947,307.2875578523658,639.6212362367687,741.8497417003838,53701.054622025695,49909.966787615,19.143616684149364,64.01754131228464,173.90319769797398,152.06175314607339,105.79312233935221,14.94299266428593,100.75888271024405,101.50875788471865,3.1361707354577577,5.1499117602895526,105.23996333450434,105.19073612742369,31406.127363363463,33517.98185449375,98.56817438043564,71253.33318184756,72.93703190321803,72.93703190321803,1747.1708871691117,53.10157149204144,1793.765226768172,44.389391654941036,459687.65831444005,3431.1159259535466,96.12656797666862,18.822070459990798,100.42520802165458,60076.22064567098,8823.14075736592,-1.2060608492753264,2.7355605392754714,7952729.78023495,60076.22064567098,12188.672612782568,1439.1894404383297,20107.053788200377,25404.49264088357,40.35431868285905,14782.443949735813
2024-06,,,2.0,6.0,2024.0,15.5,52.05604133328236,2686086.491386624,5173.226640109032,556.370139330751,476.0814121330657,9302.276273586203,3237.2619944633425,885.6219619746907,4240.981940795919,473022568.7021333,70620906.48717268,35579494.18048554,354696904.1887492,197.38237186589032,32.31346621809141,47.2255979922561,50.88907190421143,57.716864584939486,9537369.178058913,1938939.0197855919,151.19698463460062,122.46118027610457,508.19807731204855,671.8319458520207,830.196421833946,55440.16804552575,48958.02696702832,19.10228482028231,64.49280705112285,173.7211875229044,157.94184050729604,109.34848730549663,14.942660860466134,100.84193644295121,101.65284410352746,2.775903562611098,5.946328371041131,101.61039530340406,105.90107461360792,28875.720449985594,33467.487280318215,98.56792773268057,71396.26599962052,72.79170087318779,72.79170087318779,1747.1664332137811,53.09897324033929,1793.7207528736703,44.252451759531354,459681.3479718332,3431.106392311848,96.47048722297325,18.821317903643823,100.42520801789892,60273.97762733736,8788.744649979904,-0.4093926984414429,2.730711659343758,7940070.191362221,60273.97762733736,12188.67260370031,1437.7160422807406,20106.304158959098,25385.41644793666,40.349789216996605,14781.387715309946
2024-07,,,3.0,7.0,2024.0,16.0,79.17939887315866,2804912.2333585843,5187.4589435908065,798.2655081689011,644.2909061077414,10793.950326186852,3233.0163462830706,875.8394290495145,4366.848798638219,335715165.08924264,80972502.50774097,111725807.62282772,137945375.62472743,298.5698388972048,47.955863453420626,47.15231611219677,50.98808011878785,57.70096253434407,14776845.696534164,2798006.7368810726,174.41090038551926,119.759650012833,327.7730827617445,670.7534142457578,903.715233993772,54384.65790060412,52494.940247423045,32.88624252035367,64.491255721564,186.7931348372672,177.04660659099707,105.99433684936096,14.942328695118078,100.98741198623655,100.01928864202749,3.3483692602058457,6.719464868531562,106.53379912017591,102.6204340507215,28435.00648414235,32439.674887388144,92.4503674584172,70374.70628329628,70.93499323244758,70.93499323244758,1752.319156280427,54.30827848675902,1794.676343673947,41.148833518887045,459675.04550238117,3431.096854592021,96.79389453204037,18.820567593841684,100.42520801414324,60459.8387695361,8753.82591747237,0.6034598984680759,2.72582222779498,7927598.293639137,60459.8387695361,12188.672591769136,1436.2121992672414,20105.556081241873,25366.477899018144,40.34524421544203,14780.333658787367
2024-08,,,3.0,8.0,2024.0,16.0,79.06235392059152,2793254.3864359683,5187.131876055919,798.1265944550987,643.9362745504019,12082.364076329904,3174.011851752247,869.9229436171054,4853.600918362998,470789268.89316815,91443634.03263932,85057081.25143296,245547415.59211168,298.5074354442763,47.85164085324657,46.794852783441755,51.24361685482962,57.80977704750185,14776841.588015025,2797625.4363212055,140.56461043546315,138.11047775136086,309.37824321261587,634.1728921398155,830.8850094480597,53746.29745508998,51046.23904679009,32.85526452284224,64.48970246264507,187.12562752934,159.686952149561,116.24101516530337,14.941996167650563,100.61499456400759,106.38941073403342,2.4453921647355776,6.2848901269457995,102.54963316704624,103.26036445707815,28154.04207546544,32391.698113340917,92.45013594667853,70551.96391291876,70.79057590909834,70.79057590909834,1752.3176526371185,54.30618358237078,1794.621032503898,40.87501942447415,459668.7508913589,3431.08731279145,97.09883627243477,18.81981952053976,100.42520801038759,60634.99747893424,8718.358005199945,1.9310925333390578,2.720891733787824,7915309.94371501,60634.99747893424,12188.67258268688,1434.6769579534775,20104.809550236852,25347.67550973023,40.34068359812881,14779.281773438928
2024-09,,,3.0,9.0,2024.0,15.5,78.94664573854301,2813248.83976997,5186.8054407106765,797.9882328385568,643.5839839658786,12703.337346381242,3984.957099109818,1023.410115546106,4555.1967116764645,568633285.4667294,133086378.53665416,84795851.018691,365730249.7832668,298.44474301264665,47.746470534540386,46.81623168589203,51.19005606772196,57.8251210406421,14776837.480219064,2797243.1352831842,145.1845847795265,128.1050617446837,406.4007145144774,656.8274010917139,850.1161847243422,54133.987602414905,48965.97713356759,32.823923217972215,64.4881472707645,185.0880137490841,167.57456077206356,112.54258622993405,14.941663277471106,100.313022191566,105.31669750071396,2.6311507036511355,6.167576653239705,96.81441072676084,103.97070277867908,27124.735712364527,32344.229083703412,92.44990434914247,70792.01701369285,70.64487986187328,70.64487986187328,1752.316148426301,54.30409251040793,1794.565643654788,40.608925612052865,459662.4641240775,3431.077766907516,97.38707055910173,18.819073673753174,100.4252080066319,60800.478425895315,8682.33531044613,3.747377480047777,2.715919657864492,7903201.119302934,60800.478425895315,12188.67257357016,1433.1093246160578,20104.06456115204,25329.007816942987,40.33610728443934,14778.232052563166
2024-10,,,4.0,10.0,2024.0,16.0,36.237086062894846,2973965.565653486,5129.1555119526865,1028.1615336202576,914.2414864691084,12997.041217559556,3940.215081829063,1104.9628345507165,5125.477947417502,650403529.6873747,159225022.69402865,165951871.73389763,311415057.1640513,207.06751792229502,45.94225945559785,47.31641582335883,51.26908249117435,57.5108070305583,9933588.794222318,2741698.5751484456,174.9993372553991,130.3747032403769,335.2605190649302,623.364194273442,899.1470798196449,53486.924486798125,46859.04866999384,33.37240117982837,65.73576975485646,203.8636435910703,186.76898881686782,107.35745002389879,15.430799308418806,100.92185100736977,103.23346583962214,3.2275825550532002,6.4332390682396845,104.55949357375867,106.06170917666182,25888.134269805963,37482.314849454866,101.82550132309996,69347.57899019476,68.1836687732456,68.1836687732456,1753.3190504141064,52.344133003844526,1790.1590083323115,43.642272360613305,460910.36287107883,3430.8338343472888,94.9491741530237,19.196344889782882,100.70731338485201,59947.229244250855,8389.409829475668,5.796328605032705,2.710239949529059,7958250.983995193,59947.229244250855,12188.672559223138,1412.5281831490051,20420.50294064047,25559.7604052478,39.50930201565943,14888.47237202781
2024-11,,,4.0,11.0,2024.0,15.5,36.20299298718796,3019714.1007475625,5420.593303350762,1027.9577963530153,913.7998674253952,12605.989147911765,3785.0673723894574,1063.0963728474228,4926.455564941127,1308866520.3702517,206499932.7562632,204098843.23345265,919360971.9233607,207.00467081882496,45.857864387468176,47.41234493058162,51.32931696211774,59.80364477595669,9933584.66374123,2741408.130118419,157.3430079707182,129.04742832246077,322.7434396220675,637.500992702742,771.5240914339536,54108.7503338992,48063.078636983264,33.31229980667517,63.50268517495971,216.35143432689742,173.6043439233453,100.70076577946313,15.82310688707182,101.08273583489643,103.2053961467485,3.5465327071179282,6.313534549673681,100.53038660908682,106.787889363302,27263.28651618385,37439.34137170333,101.82531097584676,69510.03752705503,68.04854368454822,68.04854368454822,1753.3149431949028,52.3421241687571,1790.108935397333,43.353498512257296,460901.89319159463,3430.8252263759364,95.14408120751177,19.19528429097383,100.70731337637035,60059.84719955778,8357.399983931347,6.359613103833192,2.705492301281417,7943642.208512804,60059.84719955778,12188.672405635007,1410.8953167013754,20419.47803008983,25546.400283925366,39.50411114708332,14887.693832835857
2024-12,,,4.0,12.0,2024.0,16.0,36.169251304107725,3246821.2458881414,5478.428974457673,1027.7548757776392,913.3610916682032,15608.733904478508,4168.27985371239,1221.5968953847255,6103.529471347281,2442372588.3752394,349438507.38901055,630048055.2681112,1510409970.6439295,206.9415425928606,45.77262279950267,47.430306774890155,51.330961106070355,60.60011285213939,9933580.533988172,2741116.9022832317,150.87350556839996,137.2361985662074,314.29396647616574,619.811501129571,744.3919246330656,52097.922768214296,48090.17015718262,33.25158786842395,67.47841633339316,239.72355349181825,166.37291437132748,104.66799677871157,15.334502933493853,101.13918574981884,101.69257302822008,4.856396979925067,7.105887791702932,119.42563623923787,105.74111273817131,28175.467361544404,37396.797143704796,101.82512055784836,69665.33092037201,67.91217476309015,67.91217476309015,1753.3108344370112,52.340119009089406,1790.0587917242858,43.07320582798252,460893.4341470448,3430.8166147142515,95.33024408228376,19.194226910191098,100.70731336788867,60167.37970136967,8263.486827668501,6.1811295112667635,2.7007030761854107,7929253.989086651,60167.37970136967,12188.669006692246,1409.228943585123,20418.455264013402,25533.13151924969,39.498902523369004,14886.916872032154
2025-01,,,1.0,1.0,2025.0,16.0,39.915855688671776,3175936.876094473,5246.113038787603,480.86458479780725,417.5152789508586,7461.260340198363,2343.906525053716,663.3056770219398,2908.6157378847442,12005108.11349031,5932122.376829618,2565880.8117548493,2227598.918749636,168.98521432864737,33.339632258616945,46.885772177268755,51.01543274795153,60.57663139579631,8211420.7123657875,1994847.585724313,187.0043236399237,183.33889379595746,361.927849416166,643.9347792668339,1143.4165002993436,53560.35188026169,51767.0886318748,17.563852263749983,58.99642086944278,243.98495440470447,219.1895023365701,162.1316173498953,14.940328077738792,101.25416960679331,102.73531944539668,2.4701321356563093,4.777430747854348,83.86280571482,103.58870018504619,30362.01452213645,31485.08259487839,98.39048038569763,68721.714832446,66.40128281299147,66.40128281299147,1748.3479401875657,49.425150341215,1780.1626578521436,43.92570045027711,463091.1465598532,3422.2448237496033,89.46323537790184,18.794891376334235,100.42370370287122,57317.92022207109,9185.092617247503,-8.878106574528843,2.5636538792429744,8587898.219268076,57317.92022207109,12703.237191303633,1482.6289019546423,20352.281677603216,26373.238358452534,39.49637702892032,14957.972602371423
2025-02,,,1.0,2.0,2025.0,14.5,39.860247881866776,2950229.003452645,4414.239819683432,480.75986433779406,417.238517514652,10731.811721430391,3034.5017616626565,851.6319261014595,4028.942312000632,63722941.28702056,24940389.88689117,2899373.336544864,22810502.90397248,168.91814252741136,33.29303595410218,46.95940691118529,50.989593357995865,60.65214553108076,8211415.368217243,1994530.1504938053,131.9285548163885,132.08964611170168,434.7758432659032,673.5672649723508,1033.7145940006512,53559.97524042699,50596.91139842124,17.53886456696671,64.00097262587688,215.4541357874519,188.10428397437698,108.32234189183269,15.196017020862188,101.14309482061749,105.56352307097842,1.4748458682324632,8.257030055156738,98.29978099177444,103.58813791658292,34292.1883737371,31440.97968856991,98.39027414405548,68779.45746111296,66.25686451915054,66.25686451915054,1748.3456898200793,49.42173764017474,1780.0968080233988,43.74800179843837,463082.690582229,3422.233402923222,90.27454846604165,18.793875850801022,100.42370369723784,58062.86514191888,9222.06313462445,-9.098772896133157,2.558180327613091,8569959.054765271,58062.86514191888,12703.23619262129,1480.8150114504072,20351.27383246027,26350.32263094393,39.49041954505365,14956.730086167012
2025-03,,,1.0,3.0,2025.0,16.0,39.805254132428715,2977698.5248021963,4783.770997555786,480.6555651000223,416.9636199302785,13031.670644770013,3746.7281159281024,1033.5137856054848,4634.76312339258,948437675.9029088,23257969.767406754,13786489.521993024,882006700.6783217,168.85078030267968,33.24591593144584,47.60451678753343,51.323244203235284,60.42361649427443,8211410.025012859,1994211.888863701,166.15446091957003,127.62833293419088,332.0184461564104,636.052964442706,972.5453511462712,53559.598385181445,50228.37494534795,17.513593776854265,63.99912024833091,214.2406333566874,196.45088538460706,106.3179344411485,14.842202547754932,101.13782458407681,103.32833004698134,1.8756677196195437,7.273680136733968,109.59259466752177,104.91562178227983,36588.13019224278,31397.329166116757,98.39006782572515,69715.65857204465,66.11113259885127,66.11113259885127,1748.3434386042147,49.418331358495685,1780.030866103091,43.57429935155038,463074.2451811725,3422.2219772156236,92.85414420029005,18.792863374995612,100.42370369160436,58869.5110519689,9184.666797546884,-0.42747169708186483,2.552661753239273,8552293.983862985,58869.5110519689,12703.236190645957,1478.9651292527633,20350.26808194708,26327.57467264996,39.4844417667282,14955.490142578943
2025-04,,,2.0,4.0,2025.0,15.5,54.93708770654044,2930314.1610307163,4797.779805294591,568.9080258752165,492.46374847659416,9878.512467090512,2566.1243438245524,712.8304825309593,4061.008860402141,572300057.9748436,30066806.33432613,96873856.18977655,461920126.1830089,191.56760604932842,29.83166848458889,48.21785084367868,51.87897310373725,59.74827183262418,9547423.207799226,1905655.7701930376,168.20844187055187,125.82799034256591,329.50561763061364,636.0416026157867,995.3673106462936,53559.22131434023,50229.12690965994,17.66534186683361,63.52441680682646,178.86560751815205,189.8774747174338,104.75959045501317,14.841816284801268,101.10254915375485,100.01410107643116,2.463546476593635,7.926295924872866,98.25481992802021,106.22227314218708,36355.819904758086,35142.69623273568,98.3464910930133,69922.99075212322,67.56128798484102,67.56128798484102,1743.2045627034095,53.66500948648942,1778.087047368706,48.77250253660007,463065.8103368522,3422.2105466236794,94.41048112602772,18.79185393524625,100.42370368597088,59101.18334034074,9145.750903350845,0.22548803261151207,2.5470975983250144,8534896.772348149,59101.18334034074,12703.236178756692,1477.0781720270068,20349.264419540443,26304.99264789774,39.47844359006596,14954.252763625627
2025-05,,,2.0,5.0,2025.0,16.0,54.841613947345856,2874050.563484745,5301.42200731898,568.7278826046343,492.20693363877206,8025.5508127088,2385.589723161425,715.2510873154007,3262.4888307942047,693278531.0824437,30531230.58882476,96437979.65891124,590208711.6002473,191.5133609637384,29.78836150990303,48.153392649474476,51.92889183771507,59.95587304567274,9547417.89026585,1905515.969850936,151.1108971319046,121.91249578820977,335.49694731545736,636.0302305039297,785.4996900404608,53512.79193303853,51536.67905015333,17.617552798174255,63.5222822384215,184.35479654696098,160.25392004169072,107.28077906528713,14.841429601439588,100.88610338780504,101.85050946166237,1.8148943139436768,5.3665490137194025,105.6079560014052,105.5088833529084,32805.14859059072,35083.14549690938,98.34620344384159,70082.28794181166,67.39320388708771,67.39320388708771,1743.1993683639632,53.66188579044975,1778.031533460215,48.58585553992139,463057.3860294868,3422.1991111442558,94.78683805566635,18.790847517917328,100.42370368033743,59317.951072247066,9106.224575089582,1.0375872732723614,2.5414872958213843,8517761.3736466,59317.951072247066,12703.236169625074,1475.1530139453014,20348.262838744224,26282.57474769749,39.472424910478736,14953.017941358445
2025-06,,,2.0,6.0,2025.0,15.5,54.74724959993882,2684628.298848832,5229.471968130838,568.5484958858763,491.9517651663324,10180.845341982757,3647.077493079177,951.5589556371393,4393.727425994899,513713362.52266645,74907861.76956357,39907713.25556647,383635801.44093657,191.44441747116755,29.744559440516976,48.614273885508155,52.358421331599466,60.2440462450968,9547412.573670696,1905375.7796783869,158.2121436185676,126.5267496646588,554.4971159680728,668.0583350224249,878.8062827509192,55245.751654630905,50549.39045054248,17.56933229032936,63.993549310254686,184.10981773696383,166.4127607609441,110.88433961108039,14.84104249698316,100.96924859060158,101.99498478744869,1.5638553439166476,6.195594045249357,101.96559295510609,106.22128953632952,30157.264539982716,35024.23516037125,98.34591568812729,70235.1885664306,67.22365101871912,67.22365101871912,1743.1941720827442,53.65876788840715,1777.9759410920885,48.40326901270849,463048.9722393442,3422.1876707742167,95.14037369156758,18.78984410945471,100.42370367470392,59521.45364745318,9066.094003000833,2.031524177459307,2.535830269234385,8500881.921816293,59521.45364745318,12703.236160492525,1473.1884830824142,20347.26333308918,26260.319189259437,39.46638562266214,14951.785667861599
2025-07,,,3.0,7.0,2025.0,16.0,83.25527864779038,2803389.4651447786,5243.807956711797,815.7068852111263,665.7090873292898,11805.442047217994,3638.0217950440947,940.6460005577667,4523.656931744588,364388822.48405325,85863098.89342412,125180770.39139326,149124015.41296986,289.5652362392427,44.11796684097245,48.53544787396197,52.45675444409808,60.2182627335206,14792405.195378885,2749502.976361252,182.4719588152324,123.72456251604126,357.4096241426168,666.9840970949093,956.372850990658,54193.8872008055,54196.66037113459,30.2293637805305,63.9916877147841,197.90808521325062,186.49992490541302,107.48133802137018,14.840654970743765,101.11489438348387,100.35583674903208,1.831159013607793,7.0001593092920755,106.90609897353858,102.93065107608223,29692.34089816608,33942.7873686195,92.2420953681534,69242.11171676703,65.47415877118884,65.47415877118884,1748.3344252473676,54.88031964545066,1778.9116124087368,44.978600222664454,463040.5689467416,3422.176225510426,95.47345476605673,18.788843696385207,100.42370366907043,59713.07465000694,9025.353160662202,3.298263349992883,2.530125932427476,8484252.724852184,59713.07465000694,12703.236148495227,1471.183359082737,20346.26589613288,26238.224215521157,39.460325620589366,14950.55593525193
2025-08,,,3.0,8.0,2025.0,16.0,83.11482470470983,2791737.8785812915,5243.426377921095,815.5332430688737,665.2835294604822,13205.818768439876,3567.5177776283704,933.8972581561404,5027.3677380901645,510715518.7653627,96939009.05351911,95198594.17178962,265312297.5691304,289.48203163533816,43.99637380743603,48.16415180728338,52.71611720421281,60.322688632300995,14792399.71735337,2749058.125708073,147.03640820561927,142.6703552537172,337.1423648189238,630.6074705677788,879.0650141720897,53557.710871313895,52696.538729053456,30.182896784263352,63.98982380408136,198.20542150844918,168.1755895146641,117.86986335965435,14.84026702203166,100.7419934768091,106.74729288084005,1.2938562196474364,6.546520169261067,102.90790536155392,103.5724373484938,29394.382421376344,33886.814465564414,92.24182527112495,69428.15394950096,65.30567189394807,65.30567189394807,1748.3321697824051,54.87770101496538,1778.8452390046775,44.650023309368976,463032.176132045,3422.1647753497414,95.78809885139088,18.787846265315984,100.42370366343692,59893.99278496966,8983.972149697493,4.958098581795651,2.524373689419127,8467868.25828668,59893.99278496966,12703.236139362678,1469.1363706782838,20345.270521459515,26216.288094685267,39.45424479750511,14949.328735678753
2025-09,,,3.0,9.0,2025.0,15.5,82.97597488625162,2811721.4074624632,5243.045536684979,815.3602910481958,664.8607807590545,13875.449795174987,4473.949948961455,1098.2134873948082,4717.795067514698,616518977.5484117,141044452.213985,94806748.82267667,394972872.6629145,289.3984417264985,43.873675102278824,48.18282388773208,52.65750337149192,60.329627320483674,14792394.240292085,2748612.107830382,151.84354383595638,132.3229938475213,442.601071771716,653.1328813100567,899.1742770865133,53943.98512289787,50544.769511423445,30.13588482695833,63.98795757382468,195.99335051968842,176.44320096507943,114.1177701425875,14.839878650155626,100.43962662987916,105.67087187589243,1.3415342715348466,6.42343553765294,97.15254763568113,104.2848433344149,28315.358331091942,33831.43393098732,92.24155507399958,69675.80576130102,65.13569317218548,65.13569317218548,1748.3299134661786,54.875087175011814,1778.7787723857452,44.33071073446344,463023.79377566994,3422.1533202890196,96.08604030072425,18.786851802933896,100.4237036578034,60065.22067091989,8941.943893203128,7.227077807717748,2.5185729341752405,8451723.159070577,60065.22067091989,12703.236130195672,1467.0461929089558,20344.27720267977,26194.509119766826,39.44814304591912,14948.104061323691
2025-10,,,4.0,10.0,2025.0,16.0,38.0787445449109,2972350.8003475415,5184.720307554518,1050.5038901664661,944.3831426522758,14187.102765959231,4418.823495117452,1185.238121423568,5307.889966450684,704793559.1230263,168698882.22588822,185353079.64760482,336150000.10000217,200.7751010201374,42.19044693216858,48.69425701876438,52.7352926068471,59.99274175073264,9944045.761172485,2693964.052098636,182.99520273733157,134.6556186171276,364.9039837533516,619.8562538982139,950.7862924034707,53299.13818014577,48365.859481790576,30.62066757066059,65.2255733483374,215.81654700928985,196.61006417892798,108.85831047950428,15.325622914112587,101.04921044976294,103.58053715387273,1.5782692113519965,6.699199391193173,104.92457493302923,106.38208690233921,27020.33563627415,39199.19303067168,101.59597967462588,68265.09123767377,62.831636562982084,62.831636562982084,1749.3297777689886,52.89403731588331,1774.3993492240163,47.61174533798982,464278.7652628036,3421.9080875106733,93.69368242119259,19.170273427450233,100.70580480826011,59229.78294767695,8698.899489792646,9.776256662720371,2.512106181572066,8507417.518110251,59229.78294767695,12703.23611576762,1449.8724574958896,20664.253829954767,26430.666675274395,38.637940652624295,15059.447788579902
2025-11,,,4.0,11.0,2025.0,15.5,38.03515917261653,3018074.421303545,5479.26231762765,1050.2553477240995,943.8444188767212,13751.503729057044,4240.223145240365,1139.8653008825102,5101.266074446362,1417563072.5169218,218726019.90415755,227729542.35908398,991903428.8916566,200.698193501857,42.08728392678954,48.789637357079144,52.79375963186914,62.375280681657,9944040.709097408,2693609.313511309,164.50487176757403,133.27319906349166,351.07142609890275,633.9118152837167,815.6226926241635,53918.72527346333,49604.476063156544,30.546517411303487,63.009501474810236,228.97484225253726,182.71176875866038,102.10692740255293,15.715195228765431,101.21028489417613,103.55227590632374,1.653626838466521,6.5736499656235265,100.88129777946376,107.11037946366478,28451.29955574628,39147.73008697357,101.59574663528387,68435.75414091116,62.671948671924035,62.671948671924035,1749.3249233640793,52.89152639546123,1774.3381472657181,47.2670431659851,464268.18357250787,3421.897566397943,93.89872963327382,19.16895128064781,100.70580479789541,59348.39845358926,8660.483426260767,10.408899941426373,2.506493284233427,8488666.491350934,59348.39845358926,12703.235961325468,1447.7632256854054,20662.974475991254,26414.38673067729,38.63126006896568,15058.496853984358
2025-12,,,4.0,12.0,2025.0,16.0,37.99202262993235,3245058.1693900526,5537.670532118194,1050.007801343368,943.309162274756,17016.44988304623,4664.544074763831,1309.2838792597324,6319.468776522464,2643808608.452343,370025876.7877447,702298337.2338129,1628810790.8049881,200.62094187301258,41.983085517609155,48.80479366301631,52.79197707739706,63.19669324009608,9944035.657912793,2693253.6186800897,157.71494320798206,141.71788800412568,341.68001017947904,616.3202788610668,786.7380108353351,51914.90599164232,49628.32565734957,30.471611976218014,66.95401634805593,253.6429697202593,175.06298187458466,106.12785711310495,15.229864025818404,101.26679262103643,102.0342723890732,2.1437175728098703,7.397646188852692,119.84238190662312,106.06036132263469,29398.786957740664,39096.780224861766,101.59551350931171,68599.18503923828,62.51079027636326,62.51079027636326,1749.3200671405366,52.8890200665816,1774.2768588399615,46.932417205549285,464257.61516412656,3421.8870407745826,94.0949275617327,19.167633141938847,100.70580478753071,59461.858785114215,8554.489776829472,10.117315925977636,2.500831214574021,8470198.165581774,59461.858785114215,12703.232543473132,1445.6106218284824,20661.69779724095,26398.217725695653,38.624556627151655,15057.5478451954
